/home/yw4636/.conda/envs/verl/lib/python3.12/site-packages/verl/trainer/main_ppo.py:181: UserWarning: Disabled critic as algorithm.adv_estimator != gae. If it is not intended, please set critic.enable=True
  use_critic=need_critic(config),
/home/yw4636/.conda/envs/verl/lib/python3.12/site-packages/verl/workers/engine/__init__.py:31: UserWarning: torchtitan engine is not available: ModuleNotFoundError("No module named 'torchtitan'")
  warnings.warn(f"torchtitan engine is not available: {e!r}", stacklevel=1)
/home/yw4636/.conda/envs/verl/lib/python3.12/site-packages/verl/workers/engine/__init__.py:40: UserWarning: veomni engine is not available: ModuleNotFoundError("No module named 'veomni'")
  warnings.warn(f"veomni engine is not available: {e!r}", stacklevel=1)
/home/yw4636/.conda/envs/verl/lib/python3.12/site-packages/verl/workers/engine/__init__.py:49: UserWarning: automodel engine is not available: ModuleNotFoundError("No module named 'nemo_automodel'")
  warnings.warn(f"automodel engine is not available: {e!r}", stacklevel=1)
/home/yw4636/.conda/envs/verl/lib/python3.12/site-packages/verl/workers/engine/mindspeed/transformer_impl.py:24: UserWarning: NPU not support router replay for now.
  from verl.utils.megatron.router_replay_patch import RouterReplay
/home/yw4636/.conda/envs/verl/lib/python3.12/site-packages/verl/workers/engine/__init__.py:59: UserWarning: mindspeed engine is not available: ModuleNotFoundError("No module named 'megatron'")
  warnings.warn(f"mindspeed engine is not available: {e!r}", stacklevel=1)
/home/yw4636/.conda/envs/verl/lib/python3.12/site-packages/verl/workers/engine/__init__.py:69: UserWarning: megatron engine is not available: ModuleNotFoundError("No module named 'megatron'")
  warnings.warn(f"megatron engine is not available: {e!r}", stacklevel=1)
[validate_config] All configuration checks passed successfully!
[2026-08-26 08:19:25,942][__main__][WARNING] - Legacy trainer `main_ppo_v0.py` is deprecated, and wil be removed in v0.9.0.Please set `trainer.use_v1=True` in config to use V1 trainer.
2026-08-26 08:19:28,870	INFO worker.py:2015 -- Started a local Ray instance. View the dashboard at [1m[32mhttp://127.0.0.1:8265 [39m[22m
[36m(pid=1935512)[0m /home/yw4636/.conda/envs/verl/lib/python3.12/site-packages/verl/workers/engine/__init__.py:31: UserWarning: torchtitan engine is not available: ModuleNotFoundError("No module named 'torchtitan'")
[36m(pid=1935512)[0m   warnings.warn(f"torchtitan engine is not available: {e!r}", stacklevel=1)
[36m(pid=1935512)[0m /home/yw4636/.conda/envs/verl/lib/python3.12/site-packages/verl/workers/engine/__init__.py:40: UserWarning: veomni engine is not available: ModuleNotFoundError("No module named 'veomni'")
[36m(pid=1935512)[0m   warnings.warn(f"veomni engine is not available: {e!r}", stacklevel=1)
[36m(pid=1935512)[0m /home/yw4636/.conda/envs/verl/lib/python3.12/site-packages/verl/workers/engine/__init__.py:49: UserWarning: automodel engine is not available: ModuleNotFoundError("No module named 'nemo_automodel'")
[36m(pid=1935512)[0m   warnings.warn(f"automodel engine is not available: {e!r}", stacklevel=1)
[36m(pid=1935512)[0m /home/yw4636/.conda/envs/verl/lib/python3.12/site-packages/verl/workers/engine/mindspeed/transformer_impl.py:24: UserWarning: NPU not support router replay for now.
[36m(pid=1935512)[0m   from verl.utils.megatron.router_replay_patch import RouterReplay
[36m(pid=1935512)[0m /home/yw4636/.conda/envs/verl/lib/python3.12/site-packages/verl/workers/engine/__init__.py:59: UserWarning: mindspeed engine is not available: ModuleNotFoundError("No module named 'megatron'")
[36m(pid=1935512)[0m   warnings.warn(f"mindspeed engine is not available: {e!r}", stacklevel=1)
[36m(pid=1935512)[0m /home/yw4636/.conda/envs/verl/lib/python3.12/site-packages/verl/workers/engine/__init__.py:69: UserWarning: megatron engine is not available: ModuleNotFoundError("No module named 'megatron'")
[36m(pid=1935512)[0m   warnings.warn(f"megatron engine is not available: {e!r}", stacklevel=1)
ray init kwargs: {'num_cpus': None, 'runtime_env': {'env_vars': {'TOKENIZERS_PARALLELISM': 'true', 'NCCL_DEBUG': 'WARN', 'VLLM_LOGGING_LEVEL': 'WARN', 'VLLM_ALLOW_RUNTIME_LORA_UPDATING': 'true', 'VLLM_DISABLE_COMPILE_CACHE': '1', 'HCCL_HOST_SOCKET_PORT_RANGE': 'auto', 'HCCL_NPU_SOCKET_PORT_RANGE': 'auto', 'HSA_NO_SCRATCH_RECLAIM': '1', 'VERL_FULL_DETERMINISM': '0', 'VLLM_BATCH_INVARIANT': '0', 'VERL_RL_INSIGHT_ENABLE': '0'}, 'working_dir': None}}
[36m(TaskRunner pid=1935512)[0m TaskRunner hostname: srv1-lg2.bed.cosmos-lab.org, PID: 1935512
[36m(TaskRunner pid=1935512)[0m {'actor_rollout_ref': {'actor': {'_target_': 'verl.workers.config.FSDPActorConfig',
[36m(TaskRunner pid=1935512)[0m                                  'calculate_entropy': False,
[36m(TaskRunner pid=1935512)[0m                                  'calculate_sum_pi_squared': False,
[36m(TaskRunner pid=1935512)[0m                                  'checkpoint': {'_target_': 'verl.trainer.config.CheckpointConfig',
[36m(TaskRunner pid=1935512)[0m                                                 'async_save': False,
[36m(TaskRunner pid=1935512)[0m                                                 'load_contents': ['model',
[36m(TaskRunner pid=1935512)[0m                                                                   'optimizer',
[36m(TaskRunner pid=1935512)[0m                                                                   'extra'],
[36m(TaskRunner pid=1935512)[0m                                                 'save_contents': ['model',
[36m(TaskRunner pid=1935512)[0m                                                                   'optimizer',
[36m(TaskRunner pid=1935512)[0m                                                                   'extra'],
[36m(TaskRunner pid=1935512)[0m                                                 'strict': True},
[36m(TaskRunner pid=1935512)[0m                                  'clip_ratio': 0.2,
[36m(TaskRunner pid=1935512)[0m                                  'clip_ratio_c': 3.0,
[36m(TaskRunner pid=1935512)[0m                                  'clip_ratio_high': 0.2,
[36m(TaskRunner pid=1935512)[0m                                  'clip_ratio_low': 0.2,
[36m(TaskRunner pid=1935512)[0m                                  'data_loader_seed': 42,
[36m(TaskRunner pid=1935512)[0m                                  'entropy_checkpointing': False,
[36m(TaskRunner pid=1935512)[0m                                  'entropy_coeff': 0,
[36m(TaskRunner pid=1935512)[0m                                  'entropy_from_logits_chunk_size': 2048,
[36m(TaskRunner pid=1935512)[0m                                  'entropy_from_logits_with_chunking': False,
[36m(TaskRunner pid=1935512)[0m                                  'freeze_vision_tower': False,
[36m(TaskRunner pid=1935512)[0m                                  'fsdp_config': {'_target_': 'verl.workers.config.FSDPEngineConfig',
[36m(TaskRunner pid=1935512)[0m                                                  'dtype': 'bfloat16',
[36m(TaskRunner pid=1935512)[0m                                                  'entropy_checkpointing': False,
[36m(TaskRunner pid=1935512)[0m                                                  'entropy_from_logits_chunk_size': 2048,
[36m(TaskRunner pid=1935512)[0m                                                  'entropy_from_logits_with_chunking': False,
[36m(TaskRunner pid=1935512)[0m                                                  'forward_only': False,
[36m(TaskRunner pid=1935512)[0m                                                  'forward_prefetch': False,
[36m(TaskRunner pid=1935512)[0m                                                  'fsdp_size': -1,
[36m(TaskRunner pid=1935512)[0m                                                  'full_determinism': False,
[36m(TaskRunner pid=1935512)[0m                                                  'model_dtype': 'fp32',
[36m(TaskRunner pid=1935512)[0m                                                  'offload_policy': False,
[36m(TaskRunner pid=1935512)[0m                                                  'optimizer_offload': True,
[36m(TaskRunner pid=1935512)[0m                                                  'pad_to_length': False,
[36m(TaskRunner pid=1935512)[0m                                                  'pad_to_length_bucket': 1024,
[36m(TaskRunner pid=1935512)[0m                                                  'param_offload': True,
[36m(TaskRunner pid=1935512)[0m                                                  'qat': {'_target_': 'verl.workers.config.QATEngineConfig',
[36m(TaskRunner pid=1935512)[0m                                                          'activation_observer': 'static_minmax',
[36m(TaskRunner pid=1935512)[0m                                                          'enable': False,
[36m(TaskRunner pid=1935512)[0m                                                          'group_size': 16,
[36m(TaskRunner pid=1935512)[0m                                                          'ignore_patterns': ['lm_head',
[36m(TaskRunner pid=1935512)[0m                                                                              'embed_tokens',
[36m(TaskRunner pid=1935512)[0m                                                                              're:.*mlp.gate$'],
[36m(TaskRunner pid=1935512)[0m                                                          'mode': 'w4a16',
[36m(TaskRunner pid=1935512)[0m                                                          'quantization_config_path': None},
[36m(TaskRunner pid=1935512)[0m                                                  'reshard_after_forward': True,
[36m(TaskRunner pid=1935512)[0m                                                  'seed': 42,
[36m(TaskRunner pid=1935512)[0m                                                  'strategy': 'fsdp',
[36m(TaskRunner pid=1935512)[0m                                                  'ulysses_sequence_parallel_size': 1,
[36m(TaskRunner pid=1935512)[0m                                                  'use_orig_params': False,
[36m(TaskRunner pid=1935512)[0m                                                  'use_torch_compile': True,
[36m(TaskRunner pid=1935512)[0m                                                  'wrap_policy': {'min_num_params': 0}},
[36m(TaskRunner pid=1935512)[0m                                  'grad_clip': 1.0,
[36m(TaskRunner pid=1935512)[0m                                  'kl_loss_coef': 0.001,
[36m(TaskRunner pid=1935512)[0m                                  'kl_loss_type': 'low_var_kl',
[36m(TaskRunner pid=1935512)[0m                                  'loss_agg_mode': 'token-mean',
[36m(TaskRunner pid=1935512)[0m                                  'loss_scale_factor': None,
[36m(TaskRunner pid=1935512)[0m                                  'optim': {'_target_': 'verl.workers.config.FSDPOptimizerConfig',
[36m(TaskRunner pid=1935512)[0m                                            'betas': [0.9, 0.999],
[36m(TaskRunner pid=1935512)[0m                                            'clip_grad': 1.0,
[36m(TaskRunner pid=1935512)[0m                                            'lr': 1e-05,
[36m(TaskRunner pid=1935512)[0m                                            'lr_scheduler_type': 'constant',
[36m(TaskRunner pid=1935512)[0m                                            'lr_warmup_steps': -1,
[36m(TaskRunner pid=1935512)[0m                                            'lr_warmup_steps_ratio': 0.0,
[36m(TaskRunner pid=1935512)[0m                                            'min_lr_ratio': 0.0,
[36m(TaskRunner pid=1935512)[0m                                            'num_cycles': 0.5,
[36m(TaskRunner pid=1935512)[0m                                            'optimizer': 'AdamW',
[36m(TaskRunner pid=1935512)[0m                                            'optimizer_impl': 'torch.optim',
[36m(TaskRunner pid=1935512)[0m                                            'override_optimizer_config': None,
[36m(TaskRunner pid=1935512)[0m                                            'total_training_steps': -1,
[36m(TaskRunner pid=1935512)[0m                                            'warmup_style': None,
[36m(TaskRunner pid=1935512)[0m                                            'weight_decay': 0.01,
[36m(TaskRunner pid=1935512)[0m                                            'zero_indexed_step': True},
[36m(TaskRunner pid=1935512)[0m                                  'pad_to_length': False,
[36m(TaskRunner pid=1935512)[0m                                  'policy_loss': {'_target_': 'verl.workers.config.PolicyLossConfig',
[36m(TaskRunner pid=1935512)[0m                                                  'clip_cov_lb': 1.0,
[36m(TaskRunner pid=1935512)[0m                                                  'clip_cov_ratio': 0.0002,
[36m(TaskRunner pid=1935512)[0m                                                  'clip_cov_ub': 5.0,
[36m(TaskRunner pid=1935512)[0m                                                  'dro_beta': None,
[36m(TaskRunner pid=1935512)[0m                                                  'kl_cov_ratio': 0.0002,
[36m(TaskRunner pid=1935512)[0m                                                  'loss_mode': 'vanilla',
[36m(TaskRunner pid=1935512)[0m                                                  'ppo_kl_coef': 0.1},
[36m(TaskRunner pid=1935512)[0m                                  'ppo_epochs': 1,
[36m(TaskRunner pid=1935512)[0m                                  'ppo_max_token_len_per_gpu': 24576,
[36m(TaskRunner pid=1935512)[0m                                  'ppo_micro_batch_size': None,
[36m(TaskRunner pid=1935512)[0m                                  'ppo_micro_batch_size_per_gpu': None,
[36m(TaskRunner pid=1935512)[0m                                  'ppo_mini_batch_size': 8,
[36m(TaskRunner pid=1935512)[0m                                  'profiler': {'_target_': 'verl.utils.profiler.ProfilerConfig',
[36m(TaskRunner pid=1935512)[0m                                               'all_ranks': False,
[36m(TaskRunner pid=1935512)[0m                                               'enable': False,
[36m(TaskRunner pid=1935512)[0m                                               'ranks': [],
[36m(TaskRunner pid=1935512)[0m                                               'save_path': 'outputs/profile',
[36m(TaskRunner pid=1935512)[0m                                               'tool': None,
[36m(TaskRunner pid=1935512)[0m                                               'tool_config': {'npu': {'_target_': 'verl.utils.profiler.config.NPUToolConfig',
[36m(TaskRunner pid=1935512)[0m                                                                       'analysis': True,
[36m(TaskRunner pid=1935512)[0m                                                                       'contents': [],
[36m(TaskRunner pid=1935512)[0m                                                                       'discrete': False,
[36m(TaskRunner pid=1935512)[0m                                                                       'level': 'level0'},
[36m(TaskRunner pid=1935512)[0m                                                               'nsys': {'_target_': 'verl.utils.profiler.config.NsightToolConfig',
[36m(TaskRunner pid=1935512)[0m                                                                        'discrete': False},
[36m(TaskRunner pid=1935512)[0m                                                               'precision_debugger': {'_target_': 'verl.utils.profiler.config.PrecisionDebuggerToolConfig',
[36m(TaskRunner pid=1935512)[0m                                                                                      'config_path': None,
[36m(TaskRunner pid=1935512)[0m                                                                                      'stages': None,
[36m(TaskRunner pid=1935512)[0m                                                                                      'steps': None,
[36m(TaskRunner pid=1935512)[0m                                                                                      'strict': False},
[36m(TaskRunner pid=1935512)[0m                                                               'torch': {'_target_': 'verl.utils.profiler.config.TorchProfilerToolConfig',
[36m(TaskRunner pid=1935512)[0m                                                                         'contents': [],
[36m(TaskRunner pid=1935512)[0m                                                                         'discrete': False,
[36m(TaskRunner pid=1935512)[0m                                                                         'schedule': {'_target_': 'verl.utils.profiler.config.TorchProfilerScheduleConfig',
[36m(TaskRunner pid=1935512)[0m                                                                                      'active': 0,
[36m(TaskRunner pid=1935512)[0m                                                                                      'repeat': 0,
[36m(TaskRunner pid=1935512)[0m                                                                                      'skip_first': 0,
[36m(TaskRunner pid=1935512)[0m                                                                                      'wait': 0,
[36m(TaskRunner pid=1935512)[0m                                                                                      'warmup': 0}},
[36m(TaskRunner pid=1935512)[0m                                                               'torch_memory': {'_target_': 'verl.utils.profiler.config.TorchMemoryToolConfig',
[36m(TaskRunner pid=1935512)[0m                                                                                'stack_depth': 32,
[36m(TaskRunner pid=1935512)[0m                                                                                'trace_alloc_max_entries': 100000}}},
[36m(TaskRunner pid=1935512)[0m                                  'qat': {'activation_observer': 'static_minmax',
[36m(TaskRunner pid=1935512)[0m                                          'enable': False,
[36m(TaskRunner pid=1935512)[0m                                          'group_size': 16,
[36m(TaskRunner pid=1935512)[0m                                          'ignore_patterns': ['lm_head',
[36m(TaskRunner pid=1935512)[0m                                                              'embed_tokens',
[36m(TaskRunner pid=1935512)[0m                                                              're:.*mlp.gate$'],
[36m(TaskRunner pid=1935512)[0m                                          'mode': 'w4a16',
[36m(TaskRunner pid=1935512)[0m                                          'quantization_config_path': None},
[36m(TaskRunner pid=1935512)[0m                                  'rollout_n': 4,
[36m(TaskRunner pid=1935512)[0m                                  'router_replay': {'_target_': 'verl.workers.config.RouterReplayConfig',
[36m(TaskRunner pid=1935512)[0m                                                    'mode': 'disabled',
[36m(TaskRunner pid=1935512)[0m                                                    'record_file': None,
[36m(TaskRunner pid=1935512)[0m                                                    'replay_file': None},
[36m(TaskRunner pid=1935512)[0m                                  'shuffle': False,
[36m(TaskRunner pid=1935512)[0m                                  'strategy': 'fsdp2',
[36m(TaskRunner pid=1935512)[0m                                  'tau_neg': 1.05,
[36m(TaskRunner pid=1935512)[0m                                  'tau_pos': 1.0,
[36m(TaskRunner pid=1935512)[0m                                  'ulysses_sequence_parallel_size': 1,
[36m(TaskRunner pid=1935512)[0m                                  'use_dynamic_bsz': True,
[36m(TaskRunner pid=1935512)[0m                                  'use_fused_kernels': False,
[36m(TaskRunner pid=1935512)[0m                                  'use_kl_loss': False,
[36m(TaskRunner pid=1935512)[0m                                  'use_prefix_grouper': False,
[36m(TaskRunner pid=1935512)[0m                                  'use_remove_padding': True,
[36m(TaskRunner pid=1935512)[0m                                  'use_torch_compile': True},
[36m(TaskRunner pid=1935512)[0m                        'hybrid_engine': True,
[36m(TaskRunner pid=1935512)[0m                        'model': {'_target_': 'verl.workers.config.HFModelConfig',
[36m(TaskRunner pid=1935512)[0m                                  'custom_chat_template': None,
[36m(TaskRunner pid=1935512)[0m                                  'enable_activation_offload': False,
[36m(TaskRunner pid=1935512)[0m                                  'enable_gradient_checkpointing': True,
[36m(TaskRunner pid=1935512)[0m                                  'exclude_modules': '.*visual.*',
[36m(TaskRunner pid=1935512)[0m                                  'external_lib': None,
[36m(TaskRunner pid=1935512)[0m                                  'fused_kernel_options': {'impl_backend': 'torch'},
[36m(TaskRunner pid=1935512)[0m                                  'hf_config_path': None,
[36m(TaskRunner pid=1935512)[0m                                  'lora': {'a2a_experimental': False,
[36m(TaskRunner pid=1935512)[0m                                           'adapter_path': None,
[36m(TaskRunner pid=1935512)[0m                                           'alpha': 32,
[36m(TaskRunner pid=1935512)[0m                                           'dropout': 0.0,
[36m(TaskRunner pid=1935512)[0m                                           'dropout_position': 'pre',
[36m(TaskRunner pid=1935512)[0m                                           'dtype': None,
[36m(TaskRunner pid=1935512)[0m                                           'exclude_modules': [],
[36m(TaskRunner pid=1935512)[0m                                           'freeze_language_model': True,
[36m(TaskRunner pid=1935512)[0m                                           'freeze_vision_model': True,
[36m(TaskRunner pid=1935512)[0m                                           'freeze_vision_projection': True,
[36m(TaskRunner pid=1935512)[0m                                           'lora_A_init_method': 'xavier',
[36m(TaskRunner pid=1935512)[0m                                           'lora_B_init_method': 'zero',
[36m(TaskRunner pid=1935512)[0m                                           'merge': False,
[36m(TaskRunner pid=1935512)[0m                                           'rank': 0,
[36m(TaskRunner pid=1935512)[0m                                           'target_modules': ['linear_qkv',
[36m(TaskRunner pid=1935512)[0m                                                              'linear_proj',
[36m(TaskRunner pid=1935512)[0m                                                              'linear_fc1',
[36m(TaskRunner pid=1935512)[0m                                                              'linear_fc2'],
[36m(TaskRunner pid=1935512)[0m                                           'type': 'lora'},
[36m(TaskRunner pid=1935512)[0m                                  'lora_adapter_path': None,
[36m(TaskRunner pid=1935512)[0m                                  'lora_alpha': 32,
[36m(TaskRunner pid=1935512)[0m                                  'lora_rank': 16,
[36m(TaskRunner pid=1935512)[0m                                  'mtp': {'_target_': 'verl.workers.config.MtpConfig',
[36m(TaskRunner pid=1935512)[0m                                          'detach_encoder': False,
[36m(TaskRunner pid=1935512)[0m                                          'enable': False,
[36m(TaskRunner pid=1935512)[0m                                          'enable_rollout': False,
[36m(TaskRunner pid=1935512)[0m                                          'enable_train': False,
[36m(TaskRunner pid=1935512)[0m                                          'method': 'mtp',
[36m(TaskRunner pid=1935512)[0m                                          'mtp_loss_scaling_factor': 0.1,
[36m(TaskRunner pid=1935512)[0m                                          'num_speculative_tokens': 1,
[36m(TaskRunner pid=1935512)[0m                                          'speculative_algorithm': 'EAGLE',
[36m(TaskRunner pid=1935512)[0m                                          'speculative_eagle_topk': 1,
[36m(TaskRunner pid=1935512)[0m                                          'speculative_num_draft_tokens': 4,
[36m(TaskRunner pid=1935512)[0m                                          'speculative_num_steps': 3},
[36m(TaskRunner pid=1935512)[0m                                  'override_config': {},
[36m(TaskRunner pid=1935512)[0m                                  'path': '/home/yw4636/agentic-tvg/models/Qwen3-VL-4B-Instruct',
[36m(TaskRunner pid=1935512)[0m                                  'target_modules': 'all-linear',
[36m(TaskRunner pid=1935512)[0m                                  'tiled_mlp': {'enabled': False,
[36m(TaskRunner pid=1935512)[0m                                                'num_shards': 4},
[36m(TaskRunner pid=1935512)[0m                                  'tokenizer_path': None,
[36m(TaskRunner pid=1935512)[0m                                  'trust_remote_code': False,
[36m(TaskRunner pid=1935512)[0m                                  'use_fused_kernels': False,
[36m(TaskRunner pid=1935512)[0m                                  'use_liger': False,
[36m(TaskRunner pid=1935512)[0m                                  'use_remove_padding': True,
[36m(TaskRunner pid=1935512)[0m                                  'use_shm': False},
[36m(TaskRunner pid=1935512)[0m                        'nccl_timeout': 600,
[36m(TaskRunner pid=1935512)[0m                        'ref': {'_target_': 'verl.workers.config.FSDPActorConfig',
[36m(TaskRunner pid=1935512)[0m                                'entropy_checkpointing': False,
[36m(TaskRunner pid=1935512)[0m                                'entropy_from_logits_chunk_size': 2048,
[36m(TaskRunner pid=1935512)[0m                                'entropy_from_logits_with_chunking': False,
[36m(TaskRunner pid=1935512)[0m                                'fsdp_config': {'_target_': 'verl.workers.config.FSDPEngineConfig',
[36m(TaskRunner pid=1935512)[0m                                                'dtype': 'bfloat16',
[36m(TaskRunner pid=1935512)[0m                                                'entropy_checkpointing': False,
[36m(TaskRunner pid=1935512)[0m                                                'entropy_from_logits_chunk_size': 2048,
[36m(TaskRunner pid=1935512)[0m                                                'entropy_from_logits_with_chunking': False,
[36m(TaskRunner pid=1935512)[0m                                                'forward_only': True,
[36m(TaskRunner pid=1935512)[0m                                                'forward_prefetch': False,
[36m(TaskRunner pid=1935512)[0m                                                'fsdp_size': -1,
[36m(TaskRunner pid=1935512)[0m                                                'full_determinism': False,
[36m(TaskRunner pid=1935512)[0m                                                'model_dtype': 'fp32',
[36m(TaskRunner pid=1935512)[0m                                                'offload_policy': False,
[36m(TaskRunner pid=1935512)[0m                                                'optimizer_offload': False,
[36m(TaskRunner pid=1935512)[0m                                                'pad_to_length': False,
[36m(TaskRunner pid=1935512)[0m                                                'pad_to_length_bucket': 1024,
[36m(TaskRunner pid=1935512)[0m                                                'param_offload': False,
[36m(TaskRunner pid=1935512)[0m                                                'qat': {'_target_': 'verl.workers.config.QATEngineConfig',
[36m(TaskRunner pid=1935512)[0m                                                        'activation_observer': 'static_minmax',
[36m(TaskRunner pid=1935512)[0m                                                        'enable': False,
[36m(TaskRunner pid=1935512)[0m                                                        'group_size': 16,
[36m(TaskRunner pid=1935512)[0m                                                        'ignore_patterns': ['lm_head',
[36m(TaskRunner pid=1935512)[0m                                                                            'embed_tokens',
[36m(TaskRunner pid=1935512)[0m                                                                            're:.*mlp.gate$'],
[36m(TaskRunner pid=1935512)[0m                                                        'mode': 'w4a16',
[36m(TaskRunner pid=1935512)[0m                                                        'quantization_config_path': None},
[36m(TaskRunner pid=1935512)[0m                                                'reshard_after_forward': True,
[36m(TaskRunner pid=1935512)[0m                                                'seed': 42,
[36m(TaskRunner pid=1935512)[0m                                                'strategy': 'fsdp',
[36m(TaskRunner pid=1935512)[0m                                                'ulysses_sequence_parallel_size': 1,
[36m(TaskRunner pid=1935512)[0m                                                'use_orig_params': False,
[36m(TaskRunner pid=1935512)[0m                                                'use_torch_compile': True,
[36m(TaskRunner pid=1935512)[0m                                                'wrap_policy': {'min_num_params': 0}},
[36m(TaskRunner pid=1935512)[0m                                'log_prob_max_token_len_per_gpu': 24576,
[36m(TaskRunner pid=1935512)[0m                                'log_prob_micro_batch_size': None,
[36m(TaskRunner pid=1935512)[0m                                'log_prob_micro_batch_size_per_gpu': None,
[36m(TaskRunner pid=1935512)[0m                                'log_prob_use_dynamic_bsz': True,
[36m(TaskRunner pid=1935512)[0m                                'pad_to_length': False,
[36m(TaskRunner pid=1935512)[0m                                'profiler': {'_target_': 'verl.utils.profiler.ProfilerConfig',
[36m(TaskRunner pid=1935512)[0m                                             'all_ranks': False,
[36m(TaskRunner pid=1935512)[0m                                             'enable': False,
[36m(TaskRunner pid=1935512)[0m                                             'ranks': [],
[36m(TaskRunner pid=1935512)[0m                                             'save_path': 'outputs/profile',
[36m(TaskRunner pid=1935512)[0m                                             'tool': None,
[36m(TaskRunner pid=1935512)[0m                                             'tool_config': {'npu': {'_target_': 'verl.utils.profiler.config.NPUToolConfig',
[36m(TaskRunner pid=1935512)[0m                                                                     'analysis': True,
[36m(TaskRunner pid=1935512)[0m                                                                     'contents': [],
[36m(TaskRunner pid=1935512)[0m                                                                     'discrete': False,
[36m(TaskRunner pid=1935512)[0m                                                                     'level': 'level0'},
[36m(TaskRunner pid=1935512)[0m                                                             'nsys': {'_target_': 'verl.utils.profiler.config.NsightToolConfig',
[36m(TaskRunner pid=1935512)[0m                                                                      'discrete': False},
[36m(TaskRunner pid=1935512)[0m                                                             'precision_debugger': {'_target_': 'verl.utils.profiler.config.PrecisionDebuggerToolConfig',
[36m(TaskRunner pid=1935512)[0m                                                                                    'config_path': None,
[36m(TaskRunner pid=1935512)[0m                                                                                    'stages': None,
[36m(TaskRunner pid=1935512)[0m                                                                                    'steps': None,
[36m(TaskRunner pid=1935512)[0m                                                                                    'strict': False},
[36m(TaskRunner pid=1935512)[0m                                                             'torch': {'_target_': 'verl.utils.profiler.config.TorchProfilerToolConfig',
[36m(TaskRunner pid=1935512)[0m                                                                       'contents': [],
[36m(TaskRunner pid=1935512)[0m                                                                       'discrete': False,
[36m(TaskRunner pid=1935512)[0m                                                                       'schedule': {'_target_': 'verl.utils.profiler.config.TorchProfilerScheduleConfig',
[36m(TaskRunner pid=1935512)[0m                                                                                    'active': 0,
[36m(TaskRunner pid=1935512)[0m                                                                                    'repeat': 0,
[36m(TaskRunner pid=1935512)[0m                                                                                    'skip_first': 0,
[36m(TaskRunner pid=1935512)[0m                                                                                    'wait': 0,
[36m(TaskRunner pid=1935512)[0m                                                                                    'warmup': 0}},
[36m(TaskRunner pid=1935512)[0m                                                             'torch_memory': {'_target_': 'verl.utils.profiler.config.TorchMemoryToolConfig',
[36m(TaskRunner pid=1935512)[0m                                                                              'stack_depth': 32,
[36m(TaskRunner pid=1935512)[0m                                                                              'trace_alloc_max_entries': 100000}}},
[36m(TaskRunner pid=1935512)[0m                                'rollout_n': 4,
[36m(TaskRunner pid=1935512)[0m                                'router_replay': {'_target_': 'verl.workers.config.RouterReplayConfig',
[36m(TaskRunner pid=1935512)[0m                                                  'mode': 'disabled',
[36m(TaskRunner pid=1935512)[0m                                                  'record_file': None,
[36m(TaskRunner pid=1935512)[0m                                                  'replay_file': None},
[36m(TaskRunner pid=1935512)[0m                                'strategy': 'fsdp2',
[36m(TaskRunner pid=1935512)[0m                                'ulysses_sequence_parallel_size': 1,
[36m(TaskRunner pid=1935512)[0m                                'use_torch_compile': True},
[36m(TaskRunner pid=1935512)[0m                        'rollout': {'_target_': 'verl.workers.config.RolloutConfig',
[36m(TaskRunner pid=1935512)[0m                                    'agent': {'_target_': 'verl.workers.config.AgentLoopConfig',
[36m(TaskRunner pid=1935512)[0m                                              'agent_loop_config_path': None,
[36m(TaskRunner pid=1935512)[0m                                              'custom_async_server': {'_target_': 'verl.workers.config.CustomAsyncServerConfig',
[36m(TaskRunner pid=1935512)[0m                                                                      'name': None,
[36m(TaskRunner pid=1935512)[0m                                                                      'path': None},
[36m(TaskRunner pid=1935512)[0m                                              'default_agent_loop': 'tool_agent',
[36m(TaskRunner pid=1935512)[0m                                              'num_workers': 8},
[36m(TaskRunner pid=1935512)[0m                                    'calculate_log_probs': True,
[36m(TaskRunner pid=1935512)[0m                                    'checkpoint_engine': {'_target_': 'verl.workers.config.CheckpointEngineConfig',
[36m(TaskRunner pid=1935512)[0m                                                          'backend': 'naive',
[36m(TaskRunner pid=1935512)[0m                                                          'custom_backend_module': None,
[36m(TaskRunner pid=1935512)[0m                                                          'engine_kwargs': {},
[36m(TaskRunner pid=1935512)[0m                                                          'update_weights_bucket_megabytes': 2048},
[36m(TaskRunner pid=1935512)[0m                                    'cudagraph_capture_sizes': None,
[36m(TaskRunner pid=1935512)[0m                                    'data_parallel_size': 1,
[36m(TaskRunner pid=1935512)[0m                                    'disable_log_stats': True,
[36m(TaskRunner pid=1935512)[0m                                    'disaggregation': {'bootstrap_port': None,
[36m(TaskRunner pid=1935512)[0m                                                       'decode_replicas': 1,
[36m(TaskRunner pid=1935512)[0m                                                       'decode_tensor_model_parallel_size': None,
[36m(TaskRunner pid=1935512)[0m                                                       'enabled': False,
[36m(TaskRunner pid=1935512)[0m                                                       'ib_device': None,
[36m(TaskRunner pid=1935512)[0m                                                       'prefill_replicas': 1,
[36m(TaskRunner pid=1935512)[0m                                                       'transfer_backend': 'nixl'},
[36m(TaskRunner pid=1935512)[0m                                    'do_sample': True,
[36m(TaskRunner pid=1935512)[0m                                    'dtype': 'bfloat16',
[36m(TaskRunner pid=1935512)[0m                                    'enable_chunked_prefill': True,
[36m(TaskRunner pid=1935512)[0m                                    'enable_prefix_caching': True,
[36m(TaskRunner pid=1935512)[0m                                    'enable_rollout_routing_replay': False,
[36m(TaskRunner pid=1935512)[0m                                    'enforce_eager': False,
[36m(TaskRunner pid=1935512)[0m                                    'engine_kwargs': {'sglang': {},
[36m(TaskRunner pid=1935512)[0m                                                      'trtllm': {},
[36m(TaskRunner pid=1935512)[0m                                                      'vllm': {}},
[36m(TaskRunner pid=1935512)[0m                                    'expert_parallel_size': 1,
[36m(TaskRunner pid=1935512)[0m                                    'free_cache_engine': True,
[36m(TaskRunner pid=1935512)[0m                                    'full_determinism': False,
[36m(TaskRunner pid=1935512)[0m                                    'gpu_memory_utilization': 0.65,
[36m(TaskRunner pid=1935512)[0m                                    'ignore_eos': False,
[36m(TaskRunner pid=1935512)[0m                                    'layered_summon': True,
[36m(TaskRunner pid=1935512)[0m                                    'limit_images': 112,
[36m(TaskRunner pid=1935512)[0m                                    'load_format': 'safetensors',
[36m(TaskRunner pid=1935512)[0m                                    'log_prob_max_token_len_per_gpu': 24576,
[36m(TaskRunner pid=1935512)[0m                                    'log_prob_micro_batch_size': None,
[36m(TaskRunner pid=1935512)[0m                                    'log_prob_micro_batch_size_per_gpu': None,
[36m(TaskRunner pid=1935512)[0m                                    'log_prob_use_dynamic_bsz': True,
[36m(TaskRunner pid=1935512)[0m                                    'logprobs_mode': 'processed_logprobs',
[36m(TaskRunner pid=1935512)[0m                                    'max_model_len': 20992,
[36m(TaskRunner pid=1935512)[0m                                    'max_num_batched_tokens': 24576,
[36m(TaskRunner pid=1935512)[0m                                    'max_num_seqs': 256,
[36m(TaskRunner pid=1935512)[0m                                    'mode': 'async',
[36m(TaskRunner pid=1935512)[0m                                    'moe_load_balance_metrics_interval': 0,
[36m(TaskRunner pid=1935512)[0m                                    'mtp': {'_target_': 'verl.workers.config.MtpConfig',
[36m(TaskRunner pid=1935512)[0m                                            'detach_encoder': False,
[36m(TaskRunner pid=1935512)[0m                                            'enable': False,
[36m(TaskRunner pid=1935512)[0m                                            'enable_rollout': False,
[36m(TaskRunner pid=1935512)[0m                                            'enable_train': False,
[36m(TaskRunner pid=1935512)[0m                                            'method': 'mtp',
[36m(TaskRunner pid=1935512)[0m                                            'mtp_loss_scaling_factor': 0.1,
[36m(TaskRunner pid=1935512)[0m                                            'num_speculative_tokens': 1,
[36m(TaskRunner pid=1935512)[0m                                            'speculative_algorithm': 'EAGLE',
[36m(TaskRunner pid=1935512)[0m                                            'speculative_eagle_topk': 1,
[36m(TaskRunner pid=1935512)[0m                                            'speculative_num_draft_tokens': 4,
[36m(TaskRunner pid=1935512)[0m                                            'speculative_num_steps': 3},
[36m(TaskRunner pid=1935512)[0m                                    'multi_stage_wake_up': False,
[36m(TaskRunner pid=1935512)[0m                                    'multi_turn': {'_target_': 'verl.workers.config.MultiTurnConfig',
[36m(TaskRunner pid=1935512)[0m                                                   'enable': True,
[36m(TaskRunner pid=1935512)[0m                                                   'format': 'hermes',
[36m(TaskRunner pid=1935512)[0m                                                   'function_tool_path': None,
[36m(TaskRunner pid=1935512)[0m                                                   'max_assistant_turns': 4,
[36m(TaskRunner pid=1935512)[0m                                                   'max_parallel_calls': 1,
[36m(TaskRunner pid=1935512)[0m                                                   'max_tool_response_length': 2048,
[36m(TaskRunner pid=1935512)[0m                                                   'max_user_turns': 3,
[36m(TaskRunner pid=1935512)[0m                                                   'num_repeat_rollouts': None,
[36m(TaskRunner pid=1935512)[0m                                                   'tokenization_sanity_check_mode': 'strict',
[36m(TaskRunner pid=1935512)[0m                                                   'tool_config_path': '/tmp/claude-1002/-home-yw4636/fb4786e8-5456-4b28-869c-724c32f117b0/scratchpad/crop_video_tool_c32.yaml',
[36m(TaskRunner pid=1935512)[0m                                                   'tool_response_truncate_side': 'middle',
[36m(TaskRunner pid=1935512)[0m                                                   'use_inference_chat_template': False},
[36m(TaskRunner pid=1935512)[0m                                    'n': 4,
[36m(TaskRunner pid=1935512)[0m                                    'n_gpus_per_node': 1,
[36m(TaskRunner pid=1935512)[0m                                    'name': 'vllm',
[36m(TaskRunner pid=1935512)[0m                                    'nnodes': 0,
[36m(TaskRunner pid=1935512)[0m                                    'over_sample_rate': 0,
[36m(TaskRunner pid=1935512)[0m                                    'pipeline_model_parallel_size': 1,
[36m(TaskRunner pid=1935512)[0m                                    'profiler': {'_target_': 'verl.utils.profiler.ProfilerConfig',
[36m(TaskRunner pid=1935512)[0m                                                 'all_ranks': False,
[36m(TaskRunner pid=1935512)[0m                                                 'enable': False,
[36m(TaskRunner pid=1935512)[0m                                                 'ranks': [],
[36m(TaskRunner pid=1935512)[0m                                                 'save_path': 'outputs/profile',
[36m(TaskRunner pid=1935512)[0m                                                 'tool': None,
[36m(TaskRunner pid=1935512)[0m                                                 'tool_config': {'npu': {'_target_': 'verl.utils.profiler.config.NPUToolConfig',
[36m(TaskRunner pid=1935512)[0m                                                                         'analysis': True,
[36m(TaskRunner pid=1935512)[0m                                                                         'contents': [],
[36m(TaskRunner pid=1935512)[0m                                                                         'discrete': False,
[36m(TaskRunner pid=1935512)[0m                                                                         'level': 'level0',
[36m(TaskRunner pid=1935512)[0m                                                                         'profile_token_end': None,
[36m(TaskRunner pid=1935512)[0m                                                                         'profile_token_start': None},
[36m(TaskRunner pid=1935512)[0m                                                                 'precision_debugger': {'_target_': 'verl.utils.profiler.config.PrecisionDebuggerToolConfig',
[36m(TaskRunner pid=1935512)[0m                                                                                        'config_path': None,
[36m(TaskRunner pid=1935512)[0m                                                                                        'stages': None,
[36m(TaskRunner pid=1935512)[0m                                                                                        'steps': None,
[36m(TaskRunner pid=1935512)[0m                                                                                        'strict': False},
[36m(TaskRunner pid=1935512)[0m                                                                 'torch': {'_target_': 'verl.utils.profiler.config.TorchProfilerToolConfig',
[36m(TaskRunner pid=1935512)[0m                                                                           'contents': [],
[36m(TaskRunner pid=1935512)[0m                                                                           'discrete': False,
[36m(TaskRunner pid=1935512)[0m                                                                           'profile_token_end': None,
[36m(TaskRunner pid=1935512)[0m                                                                           'profile_token_start': None}}},
[36m(TaskRunner pid=1935512)[0m                                    'prometheus': {'_target_': 'verl.workers.config.PrometheusConfig',
[36m(TaskRunner pid=1935512)[0m                                                   'enable': False,
[36m(TaskRunner pid=1935512)[0m                                                   'file': '/tmp/ray/session_latest/metrics/prometheus/prometheus.yml',
[36m(TaskRunner pid=1935512)[0m                                                   'port': 9090,
[36m(TaskRunner pid=1935512)[0m                                                   'served_model_name': '/home/yw4636/agentic-tvg/models/Qwen3-VL-4B-Instruct'},
[36m(TaskRunner pid=1935512)[0m                                    'prompt_length': 4608,
[36m(TaskRunner pid=1935512)[0m                                    'qat': {'_target_': 'verl.workers.config.QATEngineConfig',
[36m(TaskRunner pid=1935512)[0m                                            'activation_observer': 'static_minmax',
[36m(TaskRunner pid=1935512)[0m                                            'enable': False,
[36m(TaskRunner pid=1935512)[0m                                            'group_size': 16,
[36m(TaskRunner pid=1935512)[0m                                            'ignore_patterns': ['lm_head',
[36m(TaskRunner pid=1935512)[0m                                                                'embed_tokens',
[36m(TaskRunner pid=1935512)[0m                                                                're:.*mlp.gate$'],
[36m(TaskRunner pid=1935512)[0m                                            'mode': 'w4a16',
[36m(TaskRunner pid=1935512)[0m                                            'quantization_config_path': None},
[36m(TaskRunner pid=1935512)[0m                                    'quantization': None,
[36m(TaskRunner pid=1935512)[0m                                    'quantization_config_file': None,
[36m(TaskRunner pid=1935512)[0m                                    'response_length': 16384,
[36m(TaskRunner pid=1935512)[0m                                    'scheduling_policy': 'fcfs',
[36m(TaskRunner pid=1935512)[0m                                    'seed': 42,
[36m(TaskRunner pid=1935512)[0m                                    'skip_tokenizer_init': True,
[36m(TaskRunner pid=1935512)[0m                                    'temperature': 1.0,
[36m(TaskRunner pid=1935512)[0m                                    'tensor_model_parallel_size': 1,
[36m(TaskRunner pid=1935512)[0m                                    'top_k': -1,
[36m(TaskRunner pid=1935512)[0m                                    'top_p': 1,
[36m(TaskRunner pid=1935512)[0m                                    'trace': {'_target_': 'verl.workers.config.TraceConfig',
[36m(TaskRunner pid=1935512)[0m                                              'backend': None,
[36m(TaskRunner pid=1935512)[0m                                              'experiment_name': 'grpo_smoke_c32',
[36m(TaskRunner pid=1935512)[0m                                              'max_samples_per_step_per_worker': None,
[36m(TaskRunner pid=1935512)[0m                                              'project_name': 'agentic-tvg',
[36m(TaskRunner pid=1935512)[0m                                              'token2text': False},
[36m(TaskRunner pid=1935512)[0m                                    'val_kwargs': {'_target_': 'verl.workers.config.SamplingConfig',
[36m(TaskRunner pid=1935512)[0m                                                   'do_sample': False,
[36m(TaskRunner pid=1935512)[0m                                                   'n': 1,
[36m(TaskRunner pid=1935512)[0m                                                   'temperature': 0,
[36m(TaskRunner pid=1935512)[0m                                                   'top_k': -1,
[36m(TaskRunner pid=1935512)[0m                                                   'top_p': 1.0}}},
[36m(TaskRunner pid=1935512)[0m  'algorithm': {'_target_': 'verl.trainer.config.AlgoConfig',
[36m(TaskRunner pid=1935512)[0m                'adv_estimator': 'grpo',
[36m(TaskRunner pid=1935512)[0m                'filter_groups': {'_target_': 'verl.trainer.config.FilterGroupsConfig',
[36m(TaskRunner pid=1935512)[0m                                  'enable': False,
[36m(TaskRunner pid=1935512)[0m                                  'max_inflight_gen_batches': 1,
[36m(TaskRunner pid=1935512)[0m                                  'max_num_gen_batches': 0,
[36m(TaskRunner pid=1935512)[0m                                  'metric': None},
[36m(TaskRunner pid=1935512)[0m                'gamma': 1.0,
[36m(TaskRunner pid=1935512)[0m                'kl_ctrl': {'_target_': 'verl.trainer.config.KLControlConfig',
[36m(TaskRunner pid=1935512)[0m                            'horizon': 10000,
[36m(TaskRunner pid=1935512)[0m                            'kl_coef': 0.001,
[36m(TaskRunner pid=1935512)[0m                            'target_kl': 0.1,
[36m(TaskRunner pid=1935512)[0m                            'type': 'fixed'},
[36m(TaskRunner pid=1935512)[0m                'kl_penalty': 'kl',
[36m(TaskRunner pid=1935512)[0m                'lam': 1.0,
[36m(TaskRunner pid=1935512)[0m                'norm_adv_by_std_in_grpo': True,
[36m(TaskRunner pid=1935512)[0m                'pf_ppo': {'reweight_method': 'pow', 'weight_pow': 2.0},
[36m(TaskRunner pid=1935512)[0m                'rollout_correction': {'bypass_mode': False,
[36m(TaskRunner pid=1935512)[0m                                       'loss_type': 'ppo_clip',
[36m(TaskRunner pid=1935512)[0m                                       'rollout_is': None,
[36m(TaskRunner pid=1935512)[0m                                       'rollout_is_batch_normalize': False,
[36m(TaskRunner pid=1935512)[0m                                       'rollout_is_threshold': 2.0,
[36m(TaskRunner pid=1935512)[0m                                       'rollout_rs': None,
[36m(TaskRunner pid=1935512)[0m                                       'rollout_rs_threshold': None},
[36m(TaskRunner pid=1935512)[0m                'use_kl_in_reward': False,
[36m(TaskRunner pid=1935512)[0m                'use_pf_ppo': False},
[36m(TaskRunner pid=1935512)[0m  'critic': {'_target_': 'verl.workers.config.FSDPCriticConfig',
[36m(TaskRunner pid=1935512)[0m             'checkpoint': {'_target_': 'verl.trainer.config.CheckpointConfig',
[36m(TaskRunner pid=1935512)[0m                            'async_save': False,
[36m(TaskRunner pid=1935512)[0m                            'load_contents': ['model', 'optimizer', 'extra'],
[36m(TaskRunner pid=1935512)[0m                            'save_contents': ['model', 'optimizer', 'extra']},
[36m(TaskRunner pid=1935512)[0m             'cliprange_value': 0.5,
[36m(TaskRunner pid=1935512)[0m             'data_loader_seed': 42,
[36m(TaskRunner pid=1935512)[0m             'enable': None,
[36m(TaskRunner pid=1935512)[0m             'forward_max_token_len_per_gpu': 32768,
[36m(TaskRunner pid=1935512)[0m             'forward_micro_batch_size': None,
[36m(TaskRunner pid=1935512)[0m             'forward_micro_batch_size_per_gpu': None,
[36m(TaskRunner pid=1935512)[0m             'fsdp': {'_target_': 'verl.workers.config.FSDPEngineConfig',
[36m(TaskRunner pid=1935512)[0m                      'dtype': 'bfloat16',
[36m(TaskRunner pid=1935512)[0m                      'entropy_checkpointing': False,
[36m(TaskRunner pid=1935512)[0m                      'entropy_from_logits_chunk_size': 2048,
[36m(TaskRunner pid=1935512)[0m                      'entropy_from_logits_with_chunking': False,
[36m(TaskRunner pid=1935512)[0m                      'forward_only': False,
[36m(TaskRunner pid=1935512)[0m                      'forward_prefetch': False,
[36m(TaskRunner pid=1935512)[0m                      'fsdp_size': -1,
[36m(TaskRunner pid=1935512)[0m                      'full_determinism': False,
[36m(TaskRunner pid=1935512)[0m                      'model_dtype': 'fp32',
[36m(TaskRunner pid=1935512)[0m                      'offload_policy': False,
[36m(TaskRunner pid=1935512)[0m                      'optimizer_offload': False,
[36m(TaskRunner pid=1935512)[0m                      'pad_to_length': False,
[36m(TaskRunner pid=1935512)[0m                      'pad_to_length_bucket': 1024,
[36m(TaskRunner pid=1935512)[0m                      'param_offload': False,
[36m(TaskRunner pid=1935512)[0m                      'qat': {'_target_': 'verl.workers.config.QATEngineConfig',
[36m(TaskRunner pid=1935512)[0m                              'activation_observer': 'static_minmax',
[36m(TaskRunner pid=1935512)[0m                              'enable': False,
[36m(TaskRunner pid=1935512)[0m                              'group_size': 16,
[36m(TaskRunner pid=1935512)[0m                              'ignore_patterns': ['lm_head',
[36m(TaskRunner pid=1935512)[0m                                                  'embed_tokens',
[36m(TaskRunner pid=1935512)[0m                                                  're:.*mlp.gate$'],
[36m(TaskRunner pid=1935512)[0m                              'mode': 'w4a16',
[36m(TaskRunner pid=1935512)[0m                              'quantization_config_path': None},
[36m(TaskRunner pid=1935512)[0m                      'reshard_after_forward': True,
[36m(TaskRunner pid=1935512)[0m                      'seed': 42,
[36m(TaskRunner pid=1935512)[0m                      'strategy': 'fsdp',
[36m(TaskRunner pid=1935512)[0m                      'ulysses_sequence_parallel_size': 1,
[36m(TaskRunner pid=1935512)[0m                      'use_orig_params': False,
[36m(TaskRunner pid=1935512)[0m                      'use_torch_compile': True,
[36m(TaskRunner pid=1935512)[0m                      'wrap_policy': {'min_num_params': 0}},
[36m(TaskRunner pid=1935512)[0m             'grad_clip': 1.0,
[36m(TaskRunner pid=1935512)[0m             'loss_agg_mode': 'token-mean',
[36m(TaskRunner pid=1935512)[0m             'loss_scale_factor': None,
[36m(TaskRunner pid=1935512)[0m             'model': {'_target_': 'verl.workers.config.HFModelConfig',
[36m(TaskRunner pid=1935512)[0m                       'custom_chat_template': None,
[36m(TaskRunner pid=1935512)[0m                       'enable_activation_offload': False,
[36m(TaskRunner pid=1935512)[0m                       'enable_gradient_checkpointing': True,
[36m(TaskRunner pid=1935512)[0m                       'exclude_modules': None,
[36m(TaskRunner pid=1935512)[0m                       'external_lib': None,
[36m(TaskRunner pid=1935512)[0m                       'fused_kernel_options': {'impl_backend': 'torch'},
[36m(TaskRunner pid=1935512)[0m                       'hf_config_path': None,
[36m(TaskRunner pid=1935512)[0m                       'lora': {'a2a_experimental': False,
[36m(TaskRunner pid=1935512)[0m                                'adapter_path': None,
[36m(TaskRunner pid=1935512)[0m                                'alpha': 32,
[36m(TaskRunner pid=1935512)[0m                                'dropout': 0.0,
[36m(TaskRunner pid=1935512)[0m                                'dropout_position': 'pre',
[36m(TaskRunner pid=1935512)[0m                                'dtype': None,
[36m(TaskRunner pid=1935512)[0m                                'exclude_modules': [],
[36m(TaskRunner pid=1935512)[0m                                'freeze_language_model': True,
[36m(TaskRunner pid=1935512)[0m                                'freeze_vision_model': True,
[36m(TaskRunner pid=1935512)[0m                                'freeze_vision_projection': True,
[36m(TaskRunner pid=1935512)[0m                                'lora_A_init_method': 'xavier',
[36m(TaskRunner pid=1935512)[0m                                'lora_B_init_method': 'zero',
[36m(TaskRunner pid=1935512)[0m                                'merge': False,
[36m(TaskRunner pid=1935512)[0m                                'rank': 0,
[36m(TaskRunner pid=1935512)[0m                                'target_modules': ['linear_qkv',
[36m(TaskRunner pid=1935512)[0m                                                   'linear_proj',
[36m(TaskRunner pid=1935512)[0m                                                   'linear_fc1',
[36m(TaskRunner pid=1935512)[0m                                                   'linear_fc2'],
[36m(TaskRunner pid=1935512)[0m                                'type': 'lora'},
[36m(TaskRunner pid=1935512)[0m                       'lora_adapter_path': None,
[36m(TaskRunner pid=1935512)[0m                       'lora_alpha': 16,
[36m(TaskRunner pid=1935512)[0m                       'lora_rank': 0,
[36m(TaskRunner pid=1935512)[0m                       'mtp': {'_target_': 'verl.workers.config.MtpConfig',
[36m(TaskRunner pid=1935512)[0m                               'detach_encoder': False,
[36m(TaskRunner pid=1935512)[0m                               'enable': False,
[36m(TaskRunner pid=1935512)[0m                               'enable_rollout': False,
[36m(TaskRunner pid=1935512)[0m                               'enable_train': False,
[36m(TaskRunner pid=1935512)[0m                               'method': 'mtp',
[36m(TaskRunner pid=1935512)[0m                               'mtp_loss_scaling_factor': 0.1,
[36m(TaskRunner pid=1935512)[0m                               'num_speculative_tokens': 1,
[36m(TaskRunner pid=1935512)[0m                               'speculative_algorithm': 'EAGLE',
[36m(TaskRunner pid=1935512)[0m                               'speculative_eagle_topk': 1,
[36m(TaskRunner pid=1935512)[0m                               'speculative_num_draft_tokens': 4,
[36m(TaskRunner pid=1935512)[0m                               'speculative_num_steps': 3},
[36m(TaskRunner pid=1935512)[0m                       'override_config': {},
[36m(TaskRunner pid=1935512)[0m                       'path': '~/models/deepseek-llm-7b-chat',
[36m(TaskRunner pid=1935512)[0m                       'target_modules': 'all-linear',
[36m(TaskRunner pid=1935512)[0m                       'tiled_mlp': {'enabled': False, 'num_shards': 4},
[36m(TaskRunner pid=1935512)[0m                       'tokenizer_path': None,
[36m(TaskRunner pid=1935512)[0m                       'trust_remote_code': False,
[36m(TaskRunner pid=1935512)[0m                       'use_fused_kernels': False,
[36m(TaskRunner pid=1935512)[0m                       'use_liger': False,
[36m(TaskRunner pid=1935512)[0m                       'use_remove_padding': True,
[36m(TaskRunner pid=1935512)[0m                       'use_shm': False},
[36m(TaskRunner pid=1935512)[0m             'optim': {'_target_': 'verl.workers.config.FSDPOptimizerConfig',
[36m(TaskRunner pid=1935512)[0m                       'betas': [0.9, 0.999],
[36m(TaskRunner pid=1935512)[0m                       'clip_grad': 1.0,
[36m(TaskRunner pid=1935512)[0m                       'lr': 1e-05,
[36m(TaskRunner pid=1935512)[0m                       'lr_scheduler_type': 'constant',
[36m(TaskRunner pid=1935512)[0m                       'lr_warmup_steps': -1,
[36m(TaskRunner pid=1935512)[0m                       'lr_warmup_steps_ratio': 0.0,
[36m(TaskRunner pid=1935512)[0m                       'min_lr_ratio': 0.0,
[36m(TaskRunner pid=1935512)[0m                       'num_cycles': 0.5,
[36m(TaskRunner pid=1935512)[0m                       'optimizer': 'AdamW',
[36m(TaskRunner pid=1935512)[0m                       'optimizer_impl': 'torch.optim',
[36m(TaskRunner pid=1935512)[0m                       'override_optimizer_config': None,
[36m(TaskRunner pid=1935512)[0m                       'total_training_steps': -1,
[36m(TaskRunner pid=1935512)[0m                       'warmup_style': None,
[36m(TaskRunner pid=1935512)[0m                       'weight_decay': 0.01,
[36m(TaskRunner pid=1935512)[0m                       'zero_indexed_step': True},
[36m(TaskRunner pid=1935512)[0m             'ppo_epochs': 1,
[36m(TaskRunner pid=1935512)[0m             'ppo_max_token_len_per_gpu': 32768,
[36m(TaskRunner pid=1935512)[0m             'ppo_micro_batch_size': None,
[36m(TaskRunner pid=1935512)[0m             'ppo_micro_batch_size_per_gpu': None,
[36m(TaskRunner pid=1935512)[0m             'ppo_mini_batch_size': 8,
[36m(TaskRunner pid=1935512)[0m             'profiler': {'_target_': 'verl.utils.profiler.ProfilerConfig',
[36m(TaskRunner pid=1935512)[0m                          'all_ranks': False,
[36m(TaskRunner pid=1935512)[0m                          'enable': False,
[36m(TaskRunner pid=1935512)[0m                          'ranks': [],
[36m(TaskRunner pid=1935512)[0m                          'save_path': 'outputs/profile',
[36m(TaskRunner pid=1935512)[0m                          'tool': None,
[36m(TaskRunner pid=1935512)[0m                          'tool_config': {'npu': {'_target_': 'verl.utils.profiler.config.NPUToolConfig',
[36m(TaskRunner pid=1935512)[0m                                                  'analysis': True,
[36m(TaskRunner pid=1935512)[0m                                                  'contents': [],
[36m(TaskRunner pid=1935512)[0m                                                  'discrete': False,
[36m(TaskRunner pid=1935512)[0m                                                  'level': 'level0'},
[36m(TaskRunner pid=1935512)[0m                                          'nsys': {'_target_': 'verl.utils.profiler.config.NsightToolConfig',
[36m(TaskRunner pid=1935512)[0m                                                   'discrete': False},
[36m(TaskRunner pid=1935512)[0m                                          'precision_debugger': {'_target_': 'verl.utils.profiler.config.PrecisionDebuggerToolConfig',
[36m(TaskRunner pid=1935512)[0m                                                                 'config_path': None,
[36m(TaskRunner pid=1935512)[0m                                                                 'stages': None,
[36m(TaskRunner pid=1935512)[0m                                                                 'steps': None,
[36m(TaskRunner pid=1935512)[0m                                                                 'strict': False},
[36m(TaskRunner pid=1935512)[0m                                          'torch': {'_target_': 'verl.utils.profiler.config.TorchProfilerToolConfig',
[36m(TaskRunner pid=1935512)[0m                                                    'contents': [],
[36m(TaskRunner pid=1935512)[0m                                                    'discrete': False,
[36m(TaskRunner pid=1935512)[0m                                                    'schedule': {'_target_': 'verl.utils.profiler.config.TorchProfilerScheduleConfig',
[36m(TaskRunner pid=1935512)[0m                                                                 'active': 0,
[36m(TaskRunner pid=1935512)[0m                                                                 'repeat': 0,
[36m(TaskRunner pid=1935512)[0m                                                                 'skip_first': 0,
[36m(TaskRunner pid=1935512)[0m                                                                 'wait': 0,
[36m(TaskRunner pid=1935512)[0m                                                                 'warmup': 0}},
[36m(TaskRunner pid=1935512)[0m                                          'torch_memory': {'_target_': 'verl.utils.profiler.config.TorchMemoryToolConfig',
[36m(TaskRunner pid=1935512)[0m                                                           'stack_depth': 32,
[36m(TaskRunner pid=1935512)[0m                                                           'trace_alloc_max_entries': 100000}}},
[36m(TaskRunner pid=1935512)[0m             'rollout_n': 4,
[36m(TaskRunner pid=1935512)[0m             'shuffle': False,
[36m(TaskRunner pid=1935512)[0m             'strategy': 'fsdp',
[36m(TaskRunner pid=1935512)[0m             'ulysses_sequence_parallel_size': 1,
[36m(TaskRunner pid=1935512)[0m             'use_dynamic_bsz': True},
[36m(TaskRunner pid=1935512)[0m  'custom_reward_function': {'name': None, 'path': None},
[36m(TaskRunner pid=1935512)[0m  'data': {'apply_chat_template_kwargs': {},
[36m(TaskRunner pid=1935512)[0m           'audio_key': 'audios',
[36m(TaskRunner pid=1935512)[0m           'continuous_token': {'enable': False, 'model_family': 'auto'},
[36m(TaskRunner pid=1935512)[0m           'custom_cls': {'name': None, 'path': None},
[36m(TaskRunner pid=1935512)[0m           'dataloader_num_workers': 8,
[36m(TaskRunner pid=1935512)[0m           'filter_overlong_prompts': False,
[36m(TaskRunner pid=1935512)[0m           'filter_overlong_prompts_workers': 1,
[36m(TaskRunner pid=1935512)[0m           'function_tool_path': None,
[36m(TaskRunner pid=1935512)[0m           'gen_batch_size': None,
[36m(TaskRunner pid=1935512)[0m           'image_key': 'images',
[36m(TaskRunner pid=1935512)[0m           'image_patch_size': 16,
[36m(TaskRunner pid=1935512)[0m           'max_prompt_length': 4608,
[36m(TaskRunner pid=1935512)[0m           'max_response_length': 16384,
[36m(TaskRunner pid=1935512)[0m           'mm_processor_kwargs': {},
[36m(TaskRunner pid=1935512)[0m           'prompt_key': 'prompt',
[36m(TaskRunner pid=1935512)[0m           'return_full_prompt': False,
[36m(TaskRunner pid=1935512)[0m           'return_multi_modal_inputs': True,
[36m(TaskRunner pid=1935512)[0m           'return_raw_chat': True,
[36m(TaskRunner pid=1935512)[0m           'return_raw_input_ids': False,
[36m(TaskRunner pid=1935512)[0m           'reward_fn_key': 'data_source',
[36m(TaskRunner pid=1935512)[0m           'seed': None,
[36m(TaskRunner pid=1935512)[0m           'shuffle': True,
[36m(TaskRunner pid=1935512)[0m           'tokenizer': None,
[36m(TaskRunner pid=1935512)[0m           'tool_config_path': '/tmp/claude-1002/-home-yw4636/fb4786e8-5456-4b28-869c-724c32f117b0/scratchpad/crop_video_tool_c32.yaml',
[36m(TaskRunner pid=1935512)[0m           'train_batch_size': 8,
[36m(TaskRunner pid=1935512)[0m           'train_files': '/home/yw4636/agentic-tvg/data/processed/rl_train_f128.parquet',
[36m(TaskRunner pid=1935512)[0m           'train_max_samples': -1,
[36m(TaskRunner pid=1935512)[0m           'truncation': 'error',
[36m(TaskRunner pid=1935512)[0m           'trust_remote_code': False,
[36m(TaskRunner pid=1935512)[0m           'use_shm': False,
[36m(TaskRunner pid=1935512)[0m           'val_batch_size': None,
[36m(TaskRunner pid=1935512)[0m           'val_files': '/home/yw4636/agentic-tvg/data/processed/rl_val.parquet',
[36m(TaskRunner pid=1935512)[0m           'val_max_samples': -1,
[36m(TaskRunner pid=1935512)[0m           'validation_shuffle': False,
[36m(TaskRunner pid=1935512)[0m           'video_key': 'videos'},
[36m(TaskRunner pid=1935512)[0m  'distillation': {'_target_': 'verl.workers.config.DistillationConfig',
[36m(TaskRunner pid=1935512)[0m                   'distillation_loss': {'_target_': 'verl.workers.config.DistillationLossConfig',
[36m(TaskRunner pid=1935512)[0m                                         'clip_ratio': 0.2,
[36m(TaskRunner pid=1935512)[0m                                         'clip_ratio_high': 0.2,
[36m(TaskRunner pid=1935512)[0m                                         'clip_ratio_low': 0.2,
[36m(TaskRunner pid=1935512)[0m                                         'distillation_loss_coef': 1.0,
[36m(TaskRunner pid=1935512)[0m                                         'log_prob_min_clamp': None,
[36m(TaskRunner pid=1935512)[0m                                         'loss_max_clamp': None,
[36m(TaskRunner pid=1935512)[0m                                         'loss_mode': 'k3',
[36m(TaskRunner pid=1935512)[0m                                         'policy_loss_mode': 'vanilla',
[36m(TaskRunner pid=1935512)[0m                                         'topk': 32,
[36m(TaskRunner pid=1935512)[0m                                         'use_policy_gradient': False,
[36m(TaskRunner pid=1935512)[0m                                         'use_task_rewards': True},
[36m(TaskRunner pid=1935512)[0m                   'enabled': False,
[36m(TaskRunner pid=1935512)[0m                   'n_gpus_per_node': 8,
[36m(TaskRunner pid=1935512)[0m                   'nnodes': 0,
[36m(TaskRunner pid=1935512)[0m                   'teacher_key': 'data_source',
[36m(TaskRunner pid=1935512)[0m                   'teacher_models': {'teacher_model': {'_target_': 'verl.workers.config.DistillationTeacherModelConfig',
[36m(TaskRunner pid=1935512)[0m                                                        'inference': {'_target_': 'verl.workers.config.RolloutConfig',
[36m(TaskRunner pid=1935512)[0m                                                                      'cudagraph_capture_sizes': None,
[36m(TaskRunner pid=1935512)[0m                                                                      'data_parallel_size': 1,
[36m(TaskRunner pid=1935512)[0m                                                                      'disable_log_stats': True,
[36m(TaskRunner pid=1935512)[0m                                                                      'dtype': 'bfloat16',
[36m(TaskRunner pid=1935512)[0m                                                                      'enable_chunked_prefill': True,
[36m(TaskRunner pid=1935512)[0m                                                                      'enable_prefix_caching': True,
[36m(TaskRunner pid=1935512)[0m                                                                      'enforce_eager': True,
[36m(TaskRunner pid=1935512)[0m                                                                      'engine_kwargs': {},
[36m(TaskRunner pid=1935512)[0m                                                                      'expert_parallel_size': 1,
[36m(TaskRunner pid=1935512)[0m                                                                      'free_cache_engine': True,
[36m(TaskRunner pid=1935512)[0m                                                                      'gpu_memory_utilization': 0.5,
[36m(TaskRunner pid=1935512)[0m                                                                      'limit_images': None,
[36m(TaskRunner pid=1935512)[0m                                                                      'load_format': 'auto',
[36m(TaskRunner pid=1935512)[0m                                                                      'max_model_len': None,
[36m(TaskRunner pid=1935512)[0m                                                                      'max_num_batched_tokens': 8192,
[36m(TaskRunner pid=1935512)[0m                                                                      'max_num_seqs': 1024,
[36m(TaskRunner pid=1935512)[0m                                                                      'name': 'vllm',
[36m(TaskRunner pid=1935512)[0m                                                                      'prompt_length': 4608,
[36m(TaskRunner pid=1935512)[0m                                                                      'response_length': 16384,
[36m(TaskRunner pid=1935512)[0m                                                                      'skip_tokenizer_init': True,
[36m(TaskRunner pid=1935512)[0m                                                                      'temperature': 1.0,
[36m(TaskRunner pid=1935512)[0m                                                                      'tensor_model_parallel_size': 2},
[36m(TaskRunner pid=1935512)[0m                                                        'key': None,
[36m(TaskRunner pid=1935512)[0m                                                        'model_path': None,
[36m(TaskRunner pid=1935512)[0m                                                        'num_replicas': 0}}},
[36m(TaskRunner pid=1935512)[0m  'global_profiler': {'_target_': 'verl.utils.profiler.ProfilerConfig',
[36m(TaskRunner pid=1935512)[0m                      'global_tool_config': {'nsys': {'_target_': 'verl.utils.profiler.config.NsightToolConfig',
[36m(TaskRunner pid=1935512)[0m                                                      'controller_nsight_options': {'cuda-graph-trace': 'graph',
[36m(TaskRunner pid=1935512)[0m                                                                                    'cuda-memory-usage': 'true',
[36m(TaskRunner pid=1935512)[0m                                                                                    'trace': 'cuda,nvtx,cublas,ucx'},
[36m(TaskRunner pid=1935512)[0m                                                      'discrete': False,
[36m(TaskRunner pid=1935512)[0m                                                      'worker_nsight_options': {'capture-range': 'cudaProfilerApi',
[36m(TaskRunner pid=1935512)[0m                                                                                'capture-range-end': None,
[36m(TaskRunner pid=1935512)[0m                                                                                'cuda-graph-trace': 'graph',
[36m(TaskRunner pid=1935512)[0m                                                                                'cuda-memory-usage': 'true',
[36m(TaskRunner pid=1935512)[0m                                                                                'kill': 'none',
[36m(TaskRunner pid=1935512)[0m                                                                                'trace': 'cuda,nvtx,cublas,ucx'}},
[36m(TaskRunner pid=1935512)[0m                                             'precision_debugger': {'_target_': 'verl.utils.profiler.config.PrecisionDebuggerToolConfig',
[36m(TaskRunner pid=1935512)[0m                                                                    'config_path': None,
[36m(TaskRunner pid=1935512)[0m                                                                    'stages': None,
[36m(TaskRunner pid=1935512)[0m                                                                    'steps': None,
[36m(TaskRunner pid=1935512)[0m                                                                    'strict': False},
[36m(TaskRunner pid=1935512)[0m                                             'torch_memory': {'context': 'all',
[36m(TaskRunner pid=1935512)[0m                                                              'kw_args': {},
[36m(TaskRunner pid=1935512)[0m                                                              'stack_depth': 32,
[36m(TaskRunner pid=1935512)[0m                                                              'stacks': 'all',
[36m(TaskRunner pid=1935512)[0m                                                              'trace_alloc_max_entries': 100000}},
[36m(TaskRunner pid=1935512)[0m                      'profile_continuous_steps': False,
[36m(TaskRunner pid=1935512)[0m                      'save_path': 'outputs/profile',
[36m(TaskRunner pid=1935512)[0m                      'steps': None,
[36m(TaskRunner pid=1935512)[0m                      'tool': None},
[36m(TaskRunner pid=1935512)[0m  'model_engine': 'dp',
[36m(TaskRunner pid=1935512)[0m  'ray_kwargs': {'ray_init': {'num_cpus': None}, 'timeline_json_file': None},
[36m(TaskRunner pid=1935512)[0m  'reward': {'_target_': 'verl.workers.config.RewardConfig',
[36m(TaskRunner pid=1935512)[0m             'custom_reward_function': {'name': 'compute_score_qa',
[36m(TaskRunner pid=1935512)[0m                                        'path': '/home/yw4636/agentic-tvg/agentic_tvg/reward.py'},
[36m(TaskRunner pid=1935512)[0m             'num_workers': 8,
[36m(TaskRunner pid=1935512)[0m             'reward_manager': {'_target_': 'verl.workers.config.reward.RewardManagerConfig',
[36m(TaskRunner pid=1935512)[0m                                'module': {'_target_': 'verl.trainer.config.config.ModuleConfig',
[36m(TaskRunner pid=1935512)[0m                                           'name': 'custom_reward_manager',
[36m(TaskRunner pid=1935512)[0m                                           'path': None},
[36m(TaskRunner pid=1935512)[0m                                'name': 'naive',
[36m(TaskRunner pid=1935512)[0m                                'source': 'register'},
[36m(TaskRunner pid=1935512)[0m             'reward_model': {'_target_': 'verl.workers.config.RewardModelConfig',
[36m(TaskRunner pid=1935512)[0m                              'enable': False,
[36m(TaskRunner pid=1935512)[0m                              'enable_resource_pool': False,
[36m(TaskRunner pid=1935512)[0m                              'model_path': None,
[36m(TaskRunner pid=1935512)[0m                              'n_gpus_per_node': 8,
[36m(TaskRunner pid=1935512)[0m                              'nnodes': 0,
[36m(TaskRunner pid=1935512)[0m                              'rollout': {'_target_': 'verl.workers.config.RolloutConfig',
[36m(TaskRunner pid=1935512)[0m                                          'cudagraph_capture_sizes': None,
[36m(TaskRunner pid=1935512)[0m                                          'data_parallel_size': 1,
[36m(TaskRunner pid=1935512)[0m                                          'disable_log_stats': True,
[36m(TaskRunner pid=1935512)[0m                                          'disaggregation': {'bootstrap_port': None,
[36m(TaskRunner pid=1935512)[0m                                                             'decode_replicas': 1,
[36m(TaskRunner pid=1935512)[0m                                                             'decode_tensor_model_parallel_size': None,
[36m(TaskRunner pid=1935512)[0m                                                             'enabled': False,
[36m(TaskRunner pid=1935512)[0m                                                             'ib_device': None,
[36m(TaskRunner pid=1935512)[0m                                                             'prefill_replicas': 1,
[36m(TaskRunner pid=1935512)[0m                                                             'transfer_backend': 'nixl'},
[36m(TaskRunner pid=1935512)[0m                                          'do_sample': True,
[36m(TaskRunner pid=1935512)[0m                                          'dtype': 'bfloat16',
[36m(TaskRunner pid=1935512)[0m                                          'enable_chunked_prefill': True,
[36m(TaskRunner pid=1935512)[0m                                          'enable_prefix_caching': True,
[36m(TaskRunner pid=1935512)[0m                                          'enforce_eager': True,
[36m(TaskRunner pid=1935512)[0m                                          'engine_kwargs': {},
[36m(TaskRunner pid=1935512)[0m                                          'expert_parallel_size': 1,
[36m(TaskRunner pid=1935512)[0m                                          'free_cache_engine': True,
[36m(TaskRunner pid=1935512)[0m                                          'full_determinism': False,
[36m(TaskRunner pid=1935512)[0m                                          'gpu_memory_utilization': 0.5,
[36m(TaskRunner pid=1935512)[0m                                          'ignore_eos': False,
[36m(TaskRunner pid=1935512)[0m                                          'layered_summon': False,
[36m(TaskRunner pid=1935512)[0m                                          'limit_images': None,
[36m(TaskRunner pid=1935512)[0m                                          'load_format': 'auto',
[36m(TaskRunner pid=1935512)[0m                                          'max_model_len': None,
[36m(TaskRunner pid=1935512)[0m                                          'max_num_batched_tokens': 8192,
[36m(TaskRunner pid=1935512)[0m                                          'max_num_seqs': 1024,
[36m(TaskRunner pid=1935512)[0m                                          'mtp': None,
[36m(TaskRunner pid=1935512)[0m                                          'multi_stage_wake_up': False,
[36m(TaskRunner pid=1935512)[0m                                          'n': 1,
[36m(TaskRunner pid=1935512)[0m                                          'name': '???',
[36m(TaskRunner pid=1935512)[0m                                          'pipeline_model_parallel_size': 1,
[36m(TaskRunner pid=1935512)[0m                                          'prompt_length': 2048,
[36m(TaskRunner pid=1935512)[0m                                          'quantization': None,
[36m(TaskRunner pid=1935512)[0m                                          'quantization_config_file': None,
[36m(TaskRunner pid=1935512)[0m                                          'response_length': 2048,
[36m(TaskRunner pid=1935512)[0m                                          'scheduling_policy': 'fcfs',
[36m(TaskRunner pid=1935512)[0m                                          'seed': 42,
[36m(TaskRunner pid=1935512)[0m                                          'skip_tokenizer_init': False,
[36m(TaskRunner pid=1935512)[0m                                          'temperature': 1.0,
[36m(TaskRunner pid=1935512)[0m                                          'tensor_model_parallel_size': 2,
[36m(TaskRunner pid=1935512)[0m                                          'top_k': -1,
[36m(TaskRunner pid=1935512)[0m                                          'top_p': 1}},
[36m(TaskRunner pid=1935512)[0m             'sandbox_fusion': {'_target_': 'verl.workers.config.SandboxFusionConfig',
[36m(TaskRunner pid=1935512)[0m                                'max_concurrent': 64,
[36m(TaskRunner pid=1935512)[0m                                'memory_limit_mb': 1024,
[36m(TaskRunner pid=1935512)[0m                                'url': None}},
[36m(TaskRunner pid=1935512)[0m  'reward_model': {'enable': None,
[36m(TaskRunner pid=1935512)[0m                   'enable_resource_pool': None,
[36m(TaskRunner pid=1935512)[0m                   'model': {'external_lib': None,
[36m(TaskRunner pid=1935512)[0m                             'path': None,
[36m(TaskRunner pid=1935512)[0m                             'trust_remote_code': None},
[36m(TaskRunner pid=1935512)[0m                   'n_gpus_per_node': None,
[36m(TaskRunner pid=1935512)[0m                   'nnodes': None,
[36m(TaskRunner pid=1935512)[0m                   'num_workers': None,
[36m(TaskRunner pid=1935512)[0m                   'reward_loop_class_name': None,
[36m(TaskRunner pid=1935512)[0m                   'reward_loop_module_path': None,
[36m(TaskRunner pid=1935512)[0m                   'reward_loop_source': None,
[36m(TaskRunner pid=1935512)[0m                   'reward_manager': None,
[36m(TaskRunner pid=1935512)[0m                   'rollout': {'cudagraph_capture_sizes': None,
[36m(TaskRunner pid=1935512)[0m                               'data_parallel_size': None,
[36m(TaskRunner pid=1935512)[0m                               'disable_log_stats': None,
[36m(TaskRunner pid=1935512)[0m                               'dtype': None,
[36m(TaskRunner pid=1935512)[0m                               'enable_chunked_prefill': None,
[36m(TaskRunner pid=1935512)[0m                               'enable_prefix_caching': None,
[36m(TaskRunner pid=1935512)[0m                               'enforce_eager': None,[36m(TaskRunner pid=1935512)[0m /home/yw4636/.conda/envs/verl/lib/python3.12/site-packages/verl/trainer/main_ppo_v0.py:182: UserWarning: Disabled critic as algorithm.adv_estimator != gae. If it is not intended, please set critic.enable=True
[36m(TaskRunner pid=1935512)[0m   use_critic=need_critic(config),

[36m(TaskRunner pid=1935512)[0m                               'engine_kwargs': None,
[36m(TaskRunner pid=1935512)[0m                               'expert_parallel_size': None,
[36m(TaskRunner pid=1935512)[0m                               'free_cache_engine': None,
[36m(TaskRunner pid=1935512)[0m                               'gpu_memory_utilization': None,
[36m(TaskRunner pid=1935512)[0m                               'limit_images': None,
[36m(TaskRunner pid=1935512)[0m                               'load_format': None,
[36m(TaskRunner pid=1935512)[0m                               'max_model_len': None,
[36m(TaskRunner pid=1935512)[0m                               'max_num_batched_tokens': None,
[36m(TaskRunner pid=1935512)[0m                               'max_num_seqs': None,
[36m(TaskRunner pid=1935512)[0m                               'name': None,
[36m(TaskRunner pid=1935512)[0m                               'prompt_length': None,
[36m(TaskRunner pid=1935512)[0m                               'response_length': None,
[36m(TaskRunner pid=1935512)[0m                               'skip_tokenizer_init': None,
[36m(TaskRunner pid=1935512)[0m                               'tensor_model_parallel_size': None}},
[36m(TaskRunner pid=1935512)[0m  'sandbox_fusion': {'max_concurrent': None,
[36m(TaskRunner pid=1935512)[0m                     'memory_limit_mb': None,
[36m(TaskRunner pid=1935512)[0m                     'url': None},
[36m(TaskRunner pid=1935512)[0m  'skip': {'_target_': 'verl.utils.skip.SkipManagerConfig',
[36m(TaskRunner pid=1935512)[0m           'async_rollout': {'action': 'cache',
[36m(TaskRunner pid=1935512)[0m                             'dump_dir': '~/.verl/rollout_dump',
[36m(TaskRunner pid=1935512)[0m                             'enable': False,
[36m(TaskRunner pid=1935512)[0m                             'steps': []},
[36m(TaskRunner pid=1935512)[0m           'rollout': {'action': 'cache',
[36m(TaskRunner pid=1935512)[0m                       'dump_dir': '~/.verl/rollout_dump',
[36m(TaskRunner pid=1935512)[0m                       'enable': False,
[36m(TaskRunner pid=1935512)[0m                       'steps': []},
[36m(TaskRunner pid=1935512)[0m           'rollout_tq': {'action': 'cache',
[36m(TaskRunner pid=1935512)[0m                          'dump_dir': '~/.verl/rollout_dump',
[36m(TaskRunner pid=1935512)[0m                          'enable': False,
[36m(TaskRunner pid=1935512)[0m                          'steps': []}},
[36m(TaskRunner pid=1935512)[0m  'trainer': {'balance_batch': True,
[36m(TaskRunner pid=1935512)[0m              'critic_warmup': 0,
[36m(TaskRunner pid=1935512)[0m              'default_hdfs_dir': None,
[36m(TaskRunner pid=1935512)[0m              'default_local_dir': '/home/yw4636/agentic-tvg/ckpts/grpo_smoke_c32',
[36m(TaskRunner pid=1935512)[0m              'del_local_ckpt_after_load': False,
[36m(TaskRunner pid=1935512)[0m              'device': 'cuda',
[36m(TaskRunner pid=1935512)[0m              'esi_redundant_time': 0,
[36m(TaskRunner pid=1935512)[0m              'experiment_name': 'grpo_smoke_c32',
[36m(TaskRunner pid=1935512)[0m              'log_val_generations': 0,
[36m(TaskRunner pid=1935512)[0m              'logger': ['console', 'tensorboard'],
[36m(TaskRunner pid=1935512)[0m              'max_actor_ckpt_to_keep': None,
[36m(TaskRunner pid=1935512)[0m              'max_critic_ckpt_to_keep': None,
[36m(TaskRunner pid=1935512)[0m              'n_gpus_per_node': 1,
[36m(TaskRunner pid=1935512)[0m              'nnodes': 1,
[36m(TaskRunner pid=1935512)[0m              'project_name': 'agentic-tvg',
[36m(TaskRunner pid=1935512)[0m              'ray_wait_register_center_timeout': 300,
[36m(TaskRunner pid=1935512)[0m              'resume_from_path': None,
[36m(TaskRunner pid=1935512)[0m              'resume_mode': 'auto',
[36m(TaskRunner pid=1935512)[0m              'rollout_data_dir': None,
[36m(TaskRunner pid=1935512)[0m              'save_freq': -1,
[36m(TaskRunner pid=1935512)[0m              'test_freq': -1,
[36m(TaskRunner pid=1935512)[0m              'total_epochs': 100,
[36m(TaskRunner pid=1935512)[0m              'total_training_steps': 2,
[36m(TaskRunner pid=1935512)[0m              'use_v1': False,
[36m(TaskRunner pid=1935512)[0m              'v1': {'colocate_async': {'num_warmup_batches': 1},
[36m(TaskRunner pid=1935512)[0m                     'sampler': {'custom_sampler': {'name': None, 'path': None},
[36m(TaskRunner pid=1935512)[0m                                 'max_off_policy_strategy': 'drop',
[36m(TaskRunner pid=1935512)[0m                                 'max_off_policy_threshold': 8,
[36m(TaskRunner pid=1935512)[0m                                 'sampler_kwargs': {},
[36m(TaskRunner pid=1935512)[0m                                 'sync_refill_failed_groups': False},
[36m(TaskRunner pid=1935512)[0m                     'separate_async': {'num_warmup_batches': 1,
[36m(TaskRunner pid=1935512)[0m                                        'parameter_sync_step': 4},
[36m(TaskRunner pid=1935512)[0m                     'sync': {},
[36m(TaskRunner pid=1935512)[0m                     'trainer_mode': 'sync'},
[36m(TaskRunner pid=1935512)[0m              'val_before_train': False,
[36m(TaskRunner pid=1935512)[0m              'val_only': False,
[36m(TaskRunner pid=1935512)[0m              'validation_data_dir': None},
[36m(TaskRunner pid=1935512)[0m  'transfer_queue': {'backend': {'MooncakeStore': {'auto_init': False,
[36m(TaskRunner pid=1935512)[0m                                                   'device_name': '',
[36m(TaskRunner pid=1935512)[0m                                                   'global_segment_size': 4294967296,
[36m(TaskRunner pid=1935512)[0m                                                   'local_buffer_size': 1073741824,
[36m(TaskRunner pid=1935512)[0m                                                   'local_hostname': 'localhost',
[36m(TaskRunner pid=1935512)[0m                                                   'master_server_address': 'localhost:50124',
[36m(TaskRunner pid=1935512)[0m                                                   'metadata_server': 'localhost:50123',
[36m(TaskRunner pid=1935512)[0m                                                   'protocol': 'tcp'},
[36m(TaskRunner pid=1935512)[0m                                 'SimpleStorage': {'num_data_storage_units': 8,
[36m(TaskRunner pid=1935512)[0m                                                   'total_storage_size': 100000},
[36m(TaskRunner pid=1935512)[0m                                 'storage_backend': 'SimpleStorage'},
[36m(TaskRunner pid=1935512)[0m                     'enable': False,
[36m(TaskRunner pid=1935512)[0m                     'metrics': {'enabled': False, 'port': 0}}}
[36m(TaskRunner pid=1935512)[0m [validate_config] All configuration checks passed successfully!
[36m(TaskRunner pid=1935512)[0m Using dataset class: RLHFDataset
[36m(TaskRunner pid=1935512)[0m {
[36m(TaskRunner pid=1935512)[0m   "type": "function",
[36m(TaskRunner pid=1935512)[0m   "function": {
[36m(TaskRunner pid=1935512)[0m     "name": "crop_video",
[36m(TaskRunner pid=1935512)[0m     "description": "Inspect a time interval of the current video closely: returns 32 higher-resolution frames sampled evenly from [start_time, end_time], each labeled with its timestamp in seconds.",
[36m(TaskRunner pid=1935512)[0m     "parameters": {
[36m(TaskRunner pid=1935512)[0m       "type": "object",
[36m(TaskRunner pid=1935512)[0m       "properties": {
[36m(TaskRunner pid=1935512)[0m         "start_time": {
[36m(TaskRunner pid=1935512)[0m           "type": "number",
[36m(TaskRunner pid=1935512)[0m           "description": "Interval start in seconds, >= 0."
[36m(TaskRunner pid=1935512)[0m         },
[36m(TaskRunner pid=1935512)[0m         "end_time": {
[36m(TaskRunner pid=1935512)[0m           "type": "number",
[36m(TaskRunner pid=1935512)[0m           "description": "Interval end in seconds, > start_time, <= video duration."
[36m(TaskRunner pid=1935512)[0m         }[36m(TaskRunner pid=1935512)[0m /home/yw4636/.conda/envs/verl/lib/python3.12/site-packages/verl/trainer/main_ppo_v0.py:218: FutureWarning: Warning: Class 'verl.trainer.ppo.ray_trainer.RayPPOTrainer' is deprecated. Please use 'Legacy trainer is deprecated, and wil be removed in v0.9.0. Please use `trainer.use_v1=True` instead.' instead.
[36m(TaskRunner pid=1935512)[0m   trainer = RayPPOTrainer(
[36m(TaskRunner pid=1935512)[0m /home/yw4636/.conda/envs/verl/lib/python3.12/site-packages/verl/trainer/ppo/ray_trainer.py:348: UserWarning: Disabled critic as algorithm.adv_estimator != gae. If it is not intended, please set critic.enable=True
[36m(TaskRunner pid=1935512)[0m   self.use_critic = need_critic(self.config)
[36m(WorkerDict pid=1935863)[0m [2026-08-26 08:19:46,318 C 1935863 1935863] core_worker.cc:3210:  An unexpected system state has occurred. You have likely discovered a bug in Ray. Please report this issue at https://github.com/ray-project/ray/issues and we'll work with you to fix it. Check failed: raylet_ipc_client_->ActorCreationTaskDone() Status not OK: IOError: Broken pipe Unexpected error in IPC to the Raylet; the Raylet has most likely crashed.
[36m(WorkerDict pid=1935863)[0m *** StackTrace Information ***
[36m(WorkerDict pid=1935863)[0m /home/yw4636/.conda/envs/verl/lib/python3.12/site-packages/ray/_raylet.so(+0x183e98a) [0x7f1865a7998a] ray::operator<<()
[36m(WorkerDict pid=1935863)[0m /home/yw4636/.conda/envs/verl/lib/python3.12/site-packages/ray/_raylet.so(_ZN3ray6RayLogD1Ev+0x469) [0x7f1865a7bfb9] ray::RayLog::~RayLog()
[36m(WorkerDict pid=1935863)[0m /home/yw4636/.conda/envs/verl/lib/python3.12/site-packages/ray/_raylet.so(_ZN3ray4core10CoreWorker11ExecuteTaskERKNS_17TaskSpecificationESt8optionalISt13unordered_mapISsSt6vectorISt4pairIldESaIS9_EESt4hashISsESt8equal_toISsESaIS8_IKSsSB_EEEEPS7_IS8_INS_8ObjectIDESt10shared_ptrINS_9RayObjectEEESaISP_EESS_PS7_IS8_ISL_bESaIST_EEPN6google8protobuf16RepeatedPtrFieldINS_3rpc20ObjectReferenceCountEEEPbPSsS15_+0x22ff) [0x7f1864d7178f] ray::core::CoreWorker::ExecuteTask()
[36m(WorkerDict pid=1935863)[0m /home/yw4636/.conda/envs/verl/lib/python3.12/site-packages/ray/_raylet.so(_ZNSt17_Function_handlerIFN3ray6StatusERKNS0_17TaskSpecificationESt8optionalISt13unordered_mapISsSt6vectorISt4pairIldESaIS9_EESt4hashISsESt8equal_toISsESaIS8_IKSsSB_EEEEPS7_IS8_INS0_8ObjectIDESt10shared_ptrINS0_9RayObjectEEESaISP_EESS_PS7_IS8_ISL_bESaIST_EEPN6google8protobuf16RepeatedPtrFieldINS0_3rpc20ObjectReferenceCountEEEPbPSsS15_ESt5_BindIFMNS0_4core10CoreWorkerEFS1_S4_SK_SS_SS_SW_S13_S14_S15_S15_EPS19_St12_PlaceholderILi1EES1D_ILi2EES1D_ILi3EES1D_ILi4EES1D_ILi5EES1D_ILi6EES1D_ILi7EES1D_ILi8EES1D_ILi9EEEEE9_M_invokeERKSt9_Any_dataS4_OSK_OSS_S1U_OSW_OS13_OS14_OS15_S1Y_+0x87) [0x7f1864d309e7] std::_Function_handler<>::_M_invoke()
[36m(WorkerDict pid=1935863)[0m /home/yw4636/.conda/envs/verl/lib/python3.12/site-packages/ray/_raylet.so(+0xc3464f) [0x7f1864e6f64f] ray::core::TaskReceiver::ExecuteTask()
[36m(WorkerDict pid=1935863)[0m /home/yw4636/.conda/envs/verl/lib/python3.12/site-packages/ray/_raylet.so(+0xc38b91) [0x7f1864e73b91] ray::core::NormalTaskExecutionQueue::ExecuteQueuedTasks()
[36m(WorkerDict pid=1935863)[0m /home/yw4636/.conda/envs/verl/lib/python3.12/site-packages/ray/_raylet.so(+0x117bb3b) [0x7f18653b6b3b] EventTracker::RecordExecution()
[36m(WorkerDict pid=1935863)[0m /home/yw4636/.conda/envs/verl/lib/python3.12/site-packages/ray/_raylet.so(+0x1170dab) [0x7f18653abdab] std::_Function_handler<>::_M_invoke()
[36m(WorkerDict pid=1935863)[0m /home/yw4636/.conda/envs/verl/lib/python3.12/site-packages/ray/_raylet.so(+0xc5582b) [0x7f1864e9082b] boost::asio::detail::executor_op<>::do_complete()
[36m(WorkerDict pid=1935863)[0m /home/yw4636/.conda/envs/verl/lib/python3.12/site-packages/ray/_raylet.so(+0x16d85db) [0x7f18659135db] boost::asio::detail::scheduler::do_run_one()
[36m(WorkerDict pid=1935863)[0m /home/yw4636/.conda/envs/verl/lib/python3.12/site-packages/ray/_raylet.so(+0x16d9f79) [0x7f1865914f79] boost::asio::detail::scheduler::run()
[36m(WorkerDict pid=1935863)[0m /home/yw4636/.conda/envs/verl/lib/python3.12/site-packages/ray/_raylet.so(+0x16da682) [0x7f1865915682] boost::asio::io_context::run()
[36m(WorkerDict pid=1935863)[0m /home/yw4636/.conda/envs/verl/lib/python3.12/site-packages/ray/_raylet.so(_ZN3ray4core10CoreWorker20RunTaskExecutionLoopEv+0x132) [0x7f1864d2edb2] ray::core::CoreWorker::RunTaskExecutionLoop()
[36m(WorkerDict pid=1935863)[0m /home/yw4636/.conda/envs/verl/lib/python3.12/site-packages/ray/_raylet.so(_ZN3ray4core21CoreWorkerProcessImpl26RunWorkerTaskExecutionLoopEv+0x41) [0x7f1864d867e1] ray::core::CoreWorkerProcessImpl::RunWorkerTaskExecutionLoop()
[36m(WorkerDict pid=1935863)[0m /home/yw4636/.conda/envs/verl/lib/python3.12/site-packages/ray/_raylet.so(+0x966f11) [0x7f1864ba1f11] __pyx_pw_3ray_7_raylet_10CoreWorker_5run_task_loop()
[36m(WorkerDict pid=1935863)[0m ray::WorkerDict(PyObject_Vectorcall+0x2e) [0x55fdb89ed94e] PyObject_Vectorcall
[36m(WorkerDict pid=1935863)[0m ray::WorkerDict(_PyEval_EvalFrameDefault+0xa1f) [0x55fdb89d86ef] _PyEval_EvalFrameDefault
[36m(WorkerDict pid=1935863)[0m ray::WorkerDict(PyEval_EvalCode+0x9f) [0x55fdb8a916bf] PyEval_EvalCode
[36m(WorkerDict pid=1935863)[0m ray::WorkerDict(+0x2f423a) [0x55fdb8acd23a] run_eval_code_obj
[36m(WorkerDict pid=1935863)[0m ray::WorkerDict(+0x2eeea5) [0x55fdb8ac7ea5] run_mod
[36m(WorkerDict pid=1935863)[0m ray::WorkerDict(+0x2ebe80) [0x55fdb8ac4e80] pyrun_file
[36m(WorkerDict pid=1935863)[0m ray::WorkerDict(_PyRun_SimpleFileObject+0x1c6) [0x55fdb8ac4a96] _PyRun_SimpleFileObject
[36m(WorkerDict pid=1935863)[0m ray::WorkerDict(_PyRun_AnyFileObject+0x44) [0x55fdb8ac4594] _PyRun_AnyFileObject
[36m(WorkerDict pid=1935863)[0m ray::WorkerDict(Py_RunMain+0x39e) [0x55fdb8ac139e] Py_RunMain
[36m(WorkerDict pid=1935863)[0m ray::WorkerDict(Py_BytesMain+0x37) [0x55fdb8a792f7] Py_BytesMain
[36m(WorkerDict pid=1935863)[0m /lib/x86_64-linux-gnu/libc.so.6(+0x29d90) [0x7f18669cbd90]
[36m(WorkerDict pid=1935863)[0m /lib/x86_64-linux-gnu/libc.so.6(__libc_start_main+0x80) [0x7f18669cbe40] __libc_start_main
[36m(WorkerDict pid=1935863)[0m ray::WorkerDict(_start+0x2e) [0x55fdb8a7918e] _start
[36m(WorkerDict pid=1935863)[0m 

[36m(TaskRunner pid=1935512)[0m       },
[36m(TaskRunner pid=1935512)[0m       "required": [
[36m(TaskRunner pid=1935512)[0m         "start_time",
[36m(TaskRunner pid=1935512)[0m         "end_time"
[36m(TaskRunner pid=1935512)[0m       ]
[36m(TaskRunner pid=1935512)[0m     }
[36m(TaskRunner pid=1935512)[0m   }
[36m(TaskRunner pid=1935512)[0m }
[36m(TaskRunner pid=1935512)[0m dataset len: 893
[36m(TaskRunner pid=1935512)[0m Using dataset class: RLHFDataset
[36m(TaskRunner pid=1935512)[0m {
[36m(TaskRunner pid=1935512)[0m   "type": "function",
[36m(TaskRunner pid=1935512)[0m   "function": {
[36m(TaskRunner pid=1935512)[0m     "name": "crop_video",
[36m(TaskRunner pid=1935512)[0m     "description": "Inspect a time interval of the current video closely: returns 32 higher-resolution frames sampled evenly from [start_time, end_time], each labeled with its timestamp in seconds.",
[36m(TaskRunner pid=1935512)[0m     "parameters": {
[36m(TaskRunner pid=1935512)[0m       "type": "object",
[36m(TaskRunner pid=1935512)[0m       "properties": {
[36m(TaskRunner pid=1935512)[0m         "start_time": {
[36m(TaskRunner pid=1935512)[0m           "type": "number",
[36m(TaskRunner pid=1935512)[0m           "description": "Interval start in seconds, >= 0."
[36m(TaskRunner pid=1935512)[0m         },
[36m(TaskRunner pid=1935512)[0m         "end_time": {
[36m(TaskRunner pid=1935512)[0m           "type": "number",
[36m(TaskRunner pid=1935512)[0m           "description": "Interval end in seconds, > start_time, <= video duration."
[36m(TaskRunner pid=1935512)[0m         }
[36m(TaskRunner pid=1935512)[0m       },
[36m(TaskRunner pid=1935512)[0m       "required": [
[36m(TaskRunner pid=1935512)[0m         "start_time",
[36m(TaskRunner pid=1935512)[0m         "end_time"
[36m(TaskRunner pid=1935512)[0m       ]
[36m(TaskRunner pid=1935512)[0m     }
[36m(TaskRunner pid=1935512)[0m   }
[36m(TaskRunner pid=1935512)[0m }
[36m(TaskRunner pid=1935512)[0m dataset len: 114
[36m(TaskRunner pid=1935512)[0m Size of train dataloader: 111, Size of val dataloader: 1
[36m(TaskRunner pid=1935512)[0m Total training steps: 2
[36m(TaskRunner pid=1935512)[0m colocated worker base class <class 'verl.single_controller.base.worker.Worker'>
[33m(raylet)[0m Raylet is terminated. Termination is unexpected. Possible reasons include: (1) SIGKILL by the user or system OOM killer, (2) Invalid memory access from Raylet causing SIGSEGV or SIGBUS, (3) Other termination signals. Last 20 lines of the Raylet logs:
    [2026-08-26 08:19:29,050 I 1931808 1931808] (raylet) worker_pool.cc:800: [Eagerly] Create runtime env successful for job 01000000.
    [2026-08-26 08:19:29,315 I 1931808 1931831] (raylet) object_store.cc:37: Object store current usage 8e-09 / 57.1302 GB.
    [2026-08-26 08:19:29,574 I 1931808 1931808] (raylet) worker_pool.cc:779: Job 01000000 already started in worker pool.
    [2026-08-26 08:19:29,610 I 1931808 1931808] (raylet) runtime_env_agent_client.cc:395: Create runtime env for job 01000000
    [2026-08-26 08:19:29,611 I 1931808 1931808] (raylet) worker_pool.cc:531: Started worker process with pid 1935512 worker_id=0729db33696536fbcdbbee22c79c6df47a4e6c0c91f3e64154978b0b
    [2026-08-26 08:19:32,767 W 1931808 1931874] (raylet) memory_monitor_utils.cc:240: Got negative used memory for cgroup -1, setting it to zero
    [2026-08-26 08:19:37,772 W 1931808 1931874] (raylet) memory_monitor_utils.cc:240: Got negative used memory for cgroup -1, setting it to zero
    [2026-08-26 08:19:39,231 I 1931808 1931808] (raylet) runtime_env_agent_client.cc:395: Create runtime env for job 01000000
    [2026-08-26 08:19:39,233 I 1931808 1931808] (raylet) worker_pool.cc:531: Started worker process with pid 1935734 worker_id=a812a112470e5e0eb2f9c90ad4937fedefb505be60a0a0e20cc7bad9
    [2026-08-26 08:19:39,284 I 1931808 1931808] (raylet) node_manager.cc:1498: Disconnecting worker, graceful=true, disconnect_type=1, has_creation_task_exception=false worker_id=c7513e898044d9d8c57a76cd9f05a718b8758ce54bc3798e02aacaef job_id=NIL_ID
    [2026-08-26 08:19:39,285 I 1931808 1931808] (raylet) node_manager.cc:1498: Disconnecting worker, graceful=true, disconnect_type=1, has_creation_task_exception=false worker_id=adee81186dbc2af76b6b30173212fe150d6b57f5369f280274738778 job_id=NIL_ID
    [2026-08-26 08:19:39,286 I 1931808 1931808] (raylet) node_manager.cc:1498: Disconnecting worker, graceful=true, disconnect_type=1, has_creation_task_exception=false worker_id=24983acd459d182e6e5004422871807b6fdd2882cf3d2756257f3767 job_id=NIL_ID
    [2026-08-26 08:19:39,288 W 1931808 1931831] (raylet) store.cc:366: Disconnecting client due to connection error with code 2: End of file
    [2026-08-26 08:19:39,288 W 1931808 1931831] (raylet) store.cc:366: Disconnecting client due to connection error with code 2: End of file
    [2026-08-26 08:19:39,289 W 1931808 1931831] (raylet) store.cc:366: Disconnecting client due to connection error with code 2: End of file
    [2026-08-26 08:19:40,048 I 1931808 1931808] (raylet) runtime_env_agent_client.cc:395: Create runtime env for job 01000000
    [2026-08-26 08:19:40,051 I 1931808 1931808] (raylet) worker_pool.cc:531: Started worker process with pid 1935863 worker_id=142c302bfd42145bea621ee4bc4d27c2ba2363622650a97dcae91f62
    [2026-08-26 08:19:41,086 I 1931808 1931808] (raylet) node_manager.cc:1498: Disconnecting worker, graceful=true, disconnect_type=1, has_creation_task_exception=false worker_id=a2332938e57b1e4cd8f9779277f9d869a1e1e757365a6884741808e2 job_id=NIL_ID
    [2026-08-26 08:19:41,089 W 1931808 1931831] (raylet) store.cc:366: Disconnecting client due to connection error with code 2: End of file
    [2026-08-26 08:19:42,777 W 1931808 1931874] (raylet) memory_monitor_utils.cc:240: Got negative used memory for cgroup -1, setting it to zero

Error executing job with overrides: ['algorithm.adv_estimator=grpo', 'algorithm.use_kl_in_reward=False', 'data.train_files=/home/yw4636/agentic-tvg/data/processed/rl_train_f128.parquet', 'data.val_files=/home/yw4636/agentic-tvg/data/processed/rl_val.parquet', 'data.return_raw_chat=True', 'data.train_batch_size=8', 'data.max_prompt_length=4608', 'data.max_response_length=16384', 'data.filter_overlong_prompts=False', 'data.truncation=error', 'data.image_patch_size=16', 'actor_rollout_ref.model.path=/home/yw4636/agentic-tvg/models/Qwen3-VL-4B-Instruct', 'actor_rollout_ref.model.use_remove_padding=True', 'actor_rollout_ref.model.enable_gradient_checkpointing=True', 'actor_rollout_ref.model.lora_rank=16', 'actor_rollout_ref.model.lora_alpha=32', 'actor_rollout_ref.model.target_modules=all-linear', 'actor_rollout_ref.model.exclude_modules=.*visual.*', 'actor_rollout_ref.actor.strategy=fsdp2', 'actor_rollout_ref.actor.optim.lr=1e-5', 'actor_rollout_ref.actor.ppo_mini_batch_size=8', 'actor_rollout_ref.actor.use_dynamic_bsz=True', 'actor_rollout_ref.actor.ppo_max_token_len_per_gpu=16384', 'actor_rollout_ref.actor.use_kl_loss=False', 'actor_rollout_ref.actor.entropy_coeff=0', 'actor_rollout_ref.actor.fsdp_config.param_offload=True', 'actor_rollout_ref.actor.fsdp_config.optimizer_offload=True', 'actor_rollout_ref.rollout.name=vllm', 'actor_rollout_ref.rollout.mode=async', 'actor_rollout_ref.rollout.max_model_len=20992', 'actor_rollout_ref.rollout.tensor_model_parallel_size=1', 'actor_rollout_ref.rollout.gpu_memory_utilization=0.65', 'actor_rollout_ref.rollout.n=4', 'actor_rollout_ref.rollout.load_format=safetensors', 'actor_rollout_ref.rollout.layered_summon=True', '+actor_rollout_ref.rollout.limit_images=64', 'actor_rollout_ref.rollout.enable_chunked_prefill=True', 'actor_rollout_ref.rollout.max_num_batched_tokens=16384', 'actor_rollout_ref.rollout.free_cache_engine=True', 'actor_rollout_ref.rollout.log_prob_use_dynamic_bsz=True', 'actor_rollout_ref.rollout.log_prob_max_token_len_per_gpu=16384', 'actor_rollout_ref.rollout.val_kwargs.do_sample=False', 'actor_rollout_ref.rollout.val_kwargs.temperature=0', 'actor_rollout_ref.rollout.multi_turn.enable=True', 'actor_rollout_ref.rollout.multi_turn.format=hermes', 'actor_rollout_ref.rollout.multi_turn.max_user_turns=3', 'actor_rollout_ref.rollout.multi_turn.max_assistant_turns=4', 'actor_rollout_ref.rollout.multi_turn.max_parallel_calls=1', 'actor_rollout_ref.rollout.multi_turn.max_tool_response_length=2048', 'actor_rollout_ref.rollout.multi_turn.tool_config_path=/home/yw4636/agentic-tvg/crop_video_tool.yaml', 'actor_rollout_ref.rollout.agent.default_agent_loop=tool_agent', 'reward.custom_reward_function.path=/home/yw4636/agentic-tvg/agentic_tvg/reward.py', 'reward.custom_reward_function.name=compute_score_qa', 'trainer.use_v1=False', 'trainer.n_gpus_per_node=1', 'trainer.nnodes=1', 'trainer.logger=["console","tensorboard"]', 'trainer.project_name=agentic-tvg', 'trainer.experiment_name=grpo_smoke_c32', 'trainer.default_local_dir=/home/yw4636/agentic-tvg/ckpts/grpo_smoke_c32', 'trainer.val_before_train=True', 'trainer.save_freq=20', 'trainer.test_freq=10', 'trainer.total_epochs=100', 'trainer.total_training_steps=2', 'trainer.val_before_train=False', 'trainer.save_freq=-1', 'trainer.test_freq=-1', 'actor_rollout_ref.actor.ppo_max_token_len_per_gpu=24576', 'actor_rollout_ref.rollout.log_prob_max_token_len_per_gpu=24576', 'actor_rollout_ref.rollout.max_num_batched_tokens=24576', '++actor_rollout_ref.rollout.limit_images=112', 'actor_rollout_ref.rollout.multi_turn.tool_config_path=/tmp/claude-1002/-home-yw4636/fb4786e8-5456-4b28-869c-724c32f117b0/scratchpad/crop_video_tool_c32.yaml']
Traceback (most recent call last):
  File "/home/yw4636/.conda/envs/verl/lib/python3.12/site-packages/verl/trainer/main_ppo.py", line 193, in main
    run_ppo(config, task_runner_class=TaskRunner)
  File "/home/yw4636/.conda/envs/verl/lib/python3.12/site-packages/verl/trainer/main_ppo.py", line 94, in run_ppo
    ray.get(runner.run.remote(config))
  File "/home/yw4636/.conda/envs/verl/lib/python3.12/site-packages/ray/_private/auto_init_hook.py", line 22, in auto_init_wrapper
    return fn(*args, **kwargs)
           ^^^^^^^^^^^^^^^^^^^
  File "/home/yw4636/.conda/envs/verl/lib/python3.12/site-packages/ray/_private/client_mode_hook.py", line 134, in wrapper
    return func(*args, **kwargs)
           ^^^^^^^^^^^^^^^^^^^^^
  File "/home/yw4636/.conda/envs/verl/lib/python3.12/site-packages/ray/_private/worker.py", line 2986, in get
    values, debugger_breakpoint = worker.get_objects(
                                  ^^^^^^^^^^^^^^^^^^^
  File "/home/yw4636/.conda/envs/verl/lib/python3.12/site-packages/ray/_private/worker.py", line 1052, in get_objects
    raise value
ray.exceptions.ActorUnavailableError: The actor 3e53412495e1529fbe1592a601000000 is unavailable: The actor is temporarily unavailable: RpcError: RPC error: Socket closed rpc_code: 14. The task may or may not have been executed on the actor.

Set the environment variable HYDRA_FULL_ERROR=1 for a complete stack trace.
[33m(raylet)[0m Raylet is terminated. Termination is unexpected. Possible reasons include: (1) SIGKILL by the user or system OOM killer, (2) Invalid memory access from Raylet causing SIGSEGV or SIGBUS, (3) Other termination signals. Last 20 lines of the Raylet logs:
    [2026-08-26 08:19:29,050 I 1931808 1931808] (raylet) worker_pool.cc:800: [Eagerly] Create runtime env successful for job 01000000.
    [2026-08-26 08:19:29,315 I 1931808 1931831] (raylet) object_store.cc:37: Object store current usage 8e-09 / 57.1302 GB.
    [2026-08-26 08:19:29,574 I 1931808 1931808] (raylet) worker_pool.cc:779: Job 01000000 already started in worker pool.
    [2026-08-26 08:19:29,610 I 1931808 1931808] (raylet) runtime_env_agent_client.cc:395: Create runtime env for job 01000000
    [2026-08-26 08:19:29,611 I 1931808 1931808] (raylet) worker_pool.cc:531: Started worker process with pid 1935512 worker_id=0729db33696536fbcdbbee22c79c6df47a4e6c0c91f3e64154978b0b
    [2026-08-26 08:19:32,767 W 1931808 1931874] (raylet) memory_monitor_utils.cc:240: Got negative used memory for cgroup -1, setting it to zero
    [2026-08-26 08:19:37,772 W 1931808 1931874] (raylet) memory_monitor_utils.cc:240: Got negative used memory for cgroup -1, setting it to zero
    [2026-08-26 08:19:39,231 I 1931808 1931808] (raylet) runtime_env_agent_client.cc:395: Create runtime env for job 01000000
    [2026-08-26 08:19:39,233 I 1931808 1931808] (raylet) worker_pool.cc:531: Started worker process with pid 1935734 worker_id=a812a112470e5e0eb2f9c90ad4937fedefb505be60a0a0e20cc7bad9
    [2026-08-26 08:19:39,284 I 1931808 1931808] (raylet) node_manager.cc:1498: Disconnecting worker, graceful=true, disconnect_type=1, has_creation_task_exception=false worker_id=c7513e898044d9d8c57a76cd9f05a718b8758ce54bc3798e02aacaef job_id=NIL_ID
    [2026-08-26 08:19:39,285 I 1931808 1931808] (raylet) node_manager.cc:1498: Disconnecting worker, graceful=true, disconnect_type=1, has_creation_task_exception=false worker_id=adee81186dbc2af76b6b30173212fe150d6b57f5369f280274738778 job_id=NIL_ID
    [2026-08-26 08:19:39,286 I 1931808 1931808] (raylet) node_manager.cc:1498: Disconnecting worker, graceful=true, disconnect_type=1, has_creation_task_exception=false worker_id=24983acd459d182e6e5004422871807b6fdd2882cf3d2756257f3767 job_id=NIL_ID
    [2026-08-26 08:19:39,288 W 1931808 1931831] (raylet) store.cc:366: Disconnecting client due to connection error with code 2: End of file
    [2026-08-26 08:19:39,288 W 1931808 1931831] (raylet) store.cc:366: Disconnecting client due to connection error with code 2: End of file
    [2026-08-26 08:19:39,289 W 1931808 1931831] (raylet) store.cc:366: Disconnecting client due to connection error with code 2: End of file
    [2026-08-26 08:19:40,048 I 1931808 1931808] (raylet) runtime_env_agent_client.cc:395: Create runtime env for job 01000000
    [2026-08-26 08:19:40,051 I 1931808 1931808] (raylet) worker_pool.cc:531: Started worker process with pid 1935863 worker_id=142c302bfd42145bea621ee4bc4d27c2ba2363622650a97dcae91f62
    [2026-08-26 08:19:41,086 I 1931808 1931808] (raylet) node_manager.cc:1498: Disconnecting worker, graceful=true, disconnect_type=1, has_creation_task_exception=false worker_id=a2332938e57b1e4cd8f9779277f9d869a1e1e757365a6884741808e2 job_id=NIL_ID
    [2026-08-26 08:19:41,089 W 1931808 1931831] (raylet) store.cc:366: Disconnecting client due to connection error with code 2: End of file
    [2026-08-26 08:19:42,777 W 1931808 1931874] (raylet) memory_monitor_utils.cc:240: Got negative used memory for cgroup -1, setting it to zero

