/home/yw4636/.conda/envs/verl/lib/python3.12/site-packages/verl/trainer/main_ppo.py:181: UserWarning: Disabled critic as algorithm.adv_estimator != gae. If it is not intended, please set critic.enable=True
  use_critic=need_critic(config),
WARNING: val_batch_size is deprecated. Validation datasets are sent to inference engines as a whole batch, which will schedule the memory themselves.
/home/yw4636/.conda/envs/verl/lib/python3.12/site-packages/verl/workers/engine/__init__.py:31: UserWarning: torchtitan engine is not available: ModuleNotFoundError("No module named 'torchtitan'")
  warnings.warn(f"torchtitan engine is not available: {e!r}", stacklevel=1)
/home/yw4636/.conda/envs/verl/lib/python3.12/site-packages/verl/workers/engine/__init__.py:40: UserWarning: veomni engine is not available: ModuleNotFoundError("No module named 'veomni'")
  warnings.warn(f"veomni engine is not available: {e!r}", stacklevel=1)
/home/yw4636/.conda/envs/verl/lib/python3.12/site-packages/verl/workers/engine/__init__.py:49: UserWarning: automodel engine is not available: ModuleNotFoundError("No module named 'nemo_automodel'")
  warnings.warn(f"automodel engine is not available: {e!r}", stacklevel=1)
/home/yw4636/.conda/envs/verl/lib/python3.12/site-packages/verl/workers/engine/mindspeed/transformer_impl.py:24: UserWarning: NPU not support router replay for now.
  from verl.utils.megatron.router_replay_patch import RouterReplay
/home/yw4636/.conda/envs/verl/lib/python3.12/site-packages/verl/workers/engine/__init__.py:59: UserWarning: mindspeed engine is not available: ModuleNotFoundError("No module named 'megatron'")
  warnings.warn(f"mindspeed engine is not available: {e!r}", stacklevel=1)
/home/yw4636/.conda/envs/verl/lib/python3.12/site-packages/verl/workers/engine/__init__.py:69: UserWarning: megatron engine is not available: ModuleNotFoundError("No module named 'megatron'")
  warnings.warn(f"megatron engine is not available: {e!r}", stacklevel=1)
[validate_config] All configuration checks passed successfully!
[2026-08-27 03:27:42,277][__main__][WARNING] - Legacy trainer `main_ppo_v0.py` is deprecated, and wil be removed in v0.9.0.Please set `trainer.use_v1=True` in config to use V1 trainer.
2026-08-27 03:27:45,326	INFO worker.py:2015 -- Started a local Ray instance. View the dashboard at [1m[32mhttp://127.0.0.1:8265 [39m[22m
[36m(pid=363808)[0m /home/yw4636/.conda/envs/verl/lib/python3.12/site-packages/verl/workers/engine/__init__.py:31: UserWarning: torchtitan engine is not available: ModuleNotFoundError("No module named 'torchtitan'")
[36m(pid=363808)[0m   warnings.warn(f"torchtitan engine is not available: {e!r}", stacklevel=1)
[36m(pid=363808)[0m /home/yw4636/.conda/envs/verl/lib/python3.12/site-packages/verl/workers/engine/__init__.py:40: UserWarning: veomni engine is not available: ModuleNotFoundError("No module named 'veomni'")
[36m(pid=363808)[0m   warnings.warn(f"veomni engine is not available: {e!r}", stacklevel=1)
[36m(pid=363808)[0m /home/yw4636/.conda/envs/verl/lib/python3.12/site-packages/verl/workers/engine/__init__.py:49: UserWarning: automodel engine is not available: ModuleNotFoundError("No module named 'nemo_automodel'")
[36m(pid=363808)[0m   warnings.warn(f"automodel engine is not available: {e!r}", stacklevel=1)
[36m(pid=363808)[0m /home/yw4636/.conda/envs/verl/lib/python3.12/site-packages/verl/workers/engine/mindspeed/transformer_impl.py:24: UserWarning: NPU not support router replay for now.
[36m(pid=363808)[0m   from verl.utils.megatron.router_replay_patch import RouterReplay
[36m(pid=363808)[0m /home/yw4636/.conda/envs/verl/lib/python3.12/site-packages/verl/workers/engine/__init__.py:59: UserWarning: mindspeed engine is not available: ModuleNotFoundError("No module named 'megatron'")
[36m(pid=363808)[0m   warnings.warn(f"mindspeed engine is not available: {e!r}", stacklevel=1)
[36m(pid=363808)[0m /home/yw4636/.conda/envs/verl/lib/python3.12/site-packages/verl/workers/engine/__init__.py:69: UserWarning: megatron engine is not available: ModuleNotFoundError("No module named 'megatron'")
[36m(pid=363808)[0m   warnings.warn(f"megatron engine is not available: {e!r}", stacklevel=1)
ray init kwargs: {'num_cpus': None, 'runtime_env': {'env_vars': {'TOKENIZERS_PARALLELISM': 'true', 'NCCL_DEBUG': 'WARN', 'VLLM_LOGGING_LEVEL': 'WARN', 'VLLM_ALLOW_RUNTIME_LORA_UPDATING': 'true', 'VLLM_DISABLE_COMPILE_CACHE': '1', 'HCCL_HOST_SOCKET_PORT_RANGE': 'auto', 'HCCL_NPU_SOCKET_PORT_RANGE': 'auto', 'HSA_NO_SCRATCH_RECLAIM': '1', 'VERL_FULL_DETERMINISM': '0', 'VLLM_BATCH_INVARIANT': '0', 'VERL_RL_INSIGHT_ENABLE': '0'}, 'working_dir': None}}
[36m(TaskRunner pid=363808)[0m TaskRunner hostname: srv1-lg2.bed.cosmos-lab.org, PID: 363808
[36m(TaskRunner pid=363808)[0m {'actor_rollout_ref': {'actor': {'_target_': 'verl.workers.config.FSDPActorConfig',
[36m(TaskRunner pid=363808)[0m                                  'calculate_entropy': False,
[36m(TaskRunner pid=363808)[0m                                  'calculate_sum_pi_squared': False,
[36m(TaskRunner pid=363808)[0m                                  'checkpoint': {'_target_': 'verl.trainer.config.CheckpointConfig',
[36m(TaskRunner pid=363808)[0m                                                 'async_save': False,
[36m(TaskRunner pid=363808)[0m                                                 'load_contents': ['model',
[36m(TaskRunner pid=363808)[0m                                                                   'optimizer',
[36m(TaskRunner pid=363808)[0m                                                                   'extra'],
[36m(TaskRunner pid=363808)[0m                                                 'save_contents': ['model',
[36m(TaskRunner pid=363808)[0m                                                                   'optimizer',
[36m(TaskRunner pid=363808)[0m                                                                   'extra'],
[36m(TaskRunner pid=363808)[0m                                                 'strict': True},
[36m(TaskRunner pid=363808)[0m                                  'clip_ratio': 0.2,
[36m(TaskRunner pid=363808)[0m                                  'clip_ratio_c': 3.0,
[36m(TaskRunner pid=363808)[0m                                  'clip_ratio_high': 0.2,
[36m(TaskRunner pid=363808)[0m                                  'clip_ratio_low': 0.2,
[36m(TaskRunner pid=363808)[0m                                  'data_loader_seed': 42,
[36m(TaskRunner pid=363808)[0m                                  'entropy_checkpointing': False,
[36m(TaskRunner pid=363808)[0m                                  'entropy_coeff': 0,
[36m(TaskRunner pid=363808)[0m                                  'entropy_from_logits_chunk_size': 2048,
[36m(TaskRunner pid=363808)[0m                                  'entropy_from_logits_with_chunking': False,
[36m(TaskRunner pid=363808)[0m                                  'freeze_vision_tower': False,
[36m(TaskRunner pid=363808)[0m                                  'fsdp_config': {'_target_': 'verl.workers.config.FSDPEngineConfig',
[36m(TaskRunner pid=363808)[0m                                                  'dtype': 'bfloat16',
[36m(TaskRunner pid=363808)[0m                                                  'entropy_checkpointing': False,
[36m(TaskRunner pid=363808)[0m                                                  'entropy_from_logits_chunk_size': 2048,
[36m(TaskRunner pid=363808)[0m                                                  'entropy_from_logits_with_chunking': False,
[36m(TaskRunner pid=363808)[0m                                                  'forward_only': False,
[36m(TaskRunner pid=363808)[0m                                                  'forward_prefetch': False,
[36m(TaskRunner pid=363808)[0m                                                  'fsdp_size': -1,
[36m(TaskRunner pid=363808)[0m                                                  'full_determinism': False,
[36m(TaskRunner pid=363808)[0m                                                  'model_dtype': 'fp32',
[36m(TaskRunner pid=363808)[0m                                                  'offload_policy': False,
[36m(TaskRunner pid=363808)[0m                                                  'optimizer_offload': True,
[36m(TaskRunner pid=363808)[0m                                                  'pad_to_length': False,
[36m(TaskRunner pid=363808)[0m                                                  'pad_to_length_bucket': 1024,
[36m(TaskRunner pid=363808)[0m                                                  'param_offload': True,
[36m(TaskRunner pid=363808)[0m                                                  'qat': {'_target_': 'verl.workers.config.QATEngineConfig',
[36m(TaskRunner pid=363808)[0m                                                          'activation_observer': 'static_minmax',
[36m(TaskRunner pid=363808)[0m                                                          'enable': False,
[36m(TaskRunner pid=363808)[0m                                                          'group_size': 16,
[36m(TaskRunner pid=363808)[0m                                                          'ignore_patterns': ['lm_head',
[36m(TaskRunner pid=363808)[0m                                                                              'embed_tokens',
[36m(TaskRunner pid=363808)[0m                                                                              're:.*mlp.gate$'],
[36m(TaskRunner pid=363808)[0m                                                          'mode': 'w4a16',
[36m(TaskRunner pid=363808)[0m                                                          'quantization_config_path': None},
[36m(TaskRunner pid=363808)[0m                                                  'reshard_after_forward': True,
[36m(TaskRunner pid=363808)[0m                                                  'seed': 42,
[36m(TaskRunner pid=363808)[0m                                                  'strategy': 'fsdp',
[36m(TaskRunner pid=363808)[0m                                                  'ulysses_sequence_parallel_size': 1,
[36m(TaskRunner pid=363808)[0m                                                  'use_orig_params': False,
[36m(TaskRunner pid=363808)[0m                                                  'use_torch_compile': True,
[36m(TaskRunner pid=363808)[0m                                                  'wrap_policy': {'min_num_params': 0}},
[36m(TaskRunner pid=363808)[0m                                  'grad_clip': 1.0,
[36m(TaskRunner pid=363808)[0m                                  'kl_loss_coef': 0.001,
[36m(TaskRunner pid=363808)[0m                                  'kl_loss_type': 'low_var_kl',
[36m(TaskRunner pid=363808)[0m                                  'loss_agg_mode': 'token-mean',
[36m(TaskRunner pid=363808)[0m                                  'loss_scale_factor': None,
[36m(TaskRunner pid=363808)[0m                                  'optim': {'_target_': 'verl.workers.config.FSDPOptimizerConfig',
[36m(TaskRunner pid=363808)[0m                                            'betas': [0.9, 0.999],
[36m(TaskRunner pid=363808)[0m                                            'clip_grad': 1.0,
[36m(TaskRunner pid=363808)[0m                                            'lr': 1e-05,
[36m(TaskRunner pid=363808)[0m                                            'lr_scheduler_type': 'cosine',
[36m(TaskRunner pid=363808)[0m                                            'lr_warmup_steps': -1,
[36m(TaskRunner pid=363808)[0m                                            'lr_warmup_steps_ratio': 0.0,
[36m(TaskRunner pid=363808)[0m                                            'min_lr_ratio': 0.1,
[36m(TaskRunner pid=363808)[0m                                            'num_cycles': 0.5,
[36m(TaskRunner pid=363808)[0m                                            'optimizer': 'AdamW',
[36m(TaskRunner pid=363808)[0m                                            'optimizer_impl': 'torch.optim',
[36m(TaskRunner pid=363808)[0m                                            'override_optimizer_config': None,
[36m(TaskRunner pid=363808)[0m                                            'total_training_steps': -1,
[36m(TaskRunner pid=363808)[0m                                            'warmup_style': None,
[36m(TaskRunner pid=363808)[0m                                            'weight_decay': 0.01,
[36m(TaskRunner pid=363808)[0m                                            'zero_indexed_step': True},
[36m(TaskRunner pid=363808)[0m                                  'pad_to_length': False,
[36m(TaskRunner pid=363808)[0m                                  'policy_loss': {'_target_': 'verl.workers.config.PolicyLossConfig',
[36m(TaskRunner pid=363808)[0m                                                  'clip_cov_lb': 1.0,
[36m(TaskRunner pid=363808)[0m                                                  'clip_cov_ratio': 0.0002,
[36m(TaskRunner pid=363808)[0m                                                  'clip_cov_ub': 5.0,
[36m(TaskRunner pid=363808)[0m                                                  'dro_beta': None,
[36m(TaskRunner pid=363808)[0m                                                  'kl_cov_ratio': 0.0002,
[36m(TaskRunner pid=363808)[0m                                                  'loss_mode': 'vanilla',
[36m(TaskRunner pid=363808)[0m                                                  'ppo_kl_coef': 0.1},
[36m(TaskRunner pid=363808)[0m                                  'ppo_epochs': 1,
[36m(TaskRunner pid=363808)[0m                                  'ppo_max_token_len_per_gpu': 24576,
[36m(TaskRunner pid=363808)[0m                                  'ppo_micro_batch_size': None,
[36m(TaskRunner pid=363808)[0m                                  'ppo_micro_batch_size_per_gpu': None,
[36m(TaskRunner pid=363808)[0m                                  'ppo_mini_batch_size': 8,
[36m(TaskRunner pid=363808)[0m                                  'profiler': {'_target_': 'verl.utils.profiler.ProfilerConfig',
[36m(TaskRunner pid=363808)[0m                                               'all_ranks': False,
[36m(TaskRunner pid=363808)[0m                                               'enable': False,
[36m(TaskRunner pid=363808)[0m                                               'ranks': [],
[36m(TaskRunner pid=363808)[0m                                               'save_path': 'outputs/profile',
[36m(TaskRunner pid=363808)[0m                                               'tool': None,
[36m(TaskRunner pid=363808)[0m                                               'tool_config': {'npu': {'_target_': 'verl.utils.profiler.config.NPUToolConfig',
[36m(TaskRunner pid=363808)[0m                                                                       'analysis': True,
[36m(TaskRunner pid=363808)[0m                                                                       'contents': [],
[36m(TaskRunner pid=363808)[0m                                                                       'discrete': False,
[36m(TaskRunner pid=363808)[0m                                                                       'level': 'level0'},
[36m(TaskRunner pid=363808)[0m                                                               'nsys': {'_target_': 'verl.utils.profiler.config.NsightToolConfig',
[36m(TaskRunner pid=363808)[0m                                                                        'discrete': False},
[36m(TaskRunner pid=363808)[0m                                                               'precision_debugger': {'_target_': 'verl.utils.profiler.config.PrecisionDebuggerToolConfig',
[36m(TaskRunner pid=363808)[0m                                                                                      'config_path': None,
[36m(TaskRunner pid=363808)[0m                                                                                      'stages': None,
[36m(TaskRunner pid=363808)[0m                                                                                      'steps': None,
[36m(TaskRunner pid=363808)[0m                                                                                      'strict': False},
[36m(TaskRunner pid=363808)[0m                                                               'torch': {'_target_': 'verl.utils.profiler.config.TorchProfilerToolConfig',
[36m(TaskRunner pid=363808)[0m                                                                         'contents': [],
[36m(TaskRunner pid=363808)[0m                                                                         'discrete': False,
[36m(TaskRunner pid=363808)[0m                                                                         'schedule': {'_target_': 'verl.utils.profiler.config.TorchProfilerScheduleConfig',
[36m(TaskRunner pid=363808)[0m                                                                                      'active': 0,
[36m(TaskRunner pid=363808)[0m                                                                                      'repeat': 0,
[36m(TaskRunner pid=363808)[0m                                                                                      'skip_first': 0,
[36m(TaskRunner pid=363808)[0m                                                                                      'wait': 0,
[36m(TaskRunner pid=363808)[0m                                                                                      'warmup': 0}},
[36m(TaskRunner pid=363808)[0m                                                               'torch_memory': {'_target_': 'verl.utils.profiler.config.TorchMemoryToolConfig',
[36m(TaskRunner pid=363808)[0m                                                                                'stack_depth': 32,
[36m(TaskRunner pid=363808)[0m                                                                                'trace_alloc_max_entries': 100000}}},
[36m(TaskRunner pid=363808)[0m                                  'qat': {'activation_observer': 'static_minmax',
[36m(TaskRunner pid=363808)[0m                                          'enable': False,
[36m(TaskRunner pid=363808)[0m                                          'group_size': 16,
[36m(TaskRunner pid=363808)[0m                                          'ignore_patterns': ['lm_head',
[36m(TaskRunner pid=363808)[0m                                                              'embed_tokens',
[36m(TaskRunner pid=363808)[0m                                                              're:.*mlp.gate$'],
[36m(TaskRunner pid=363808)[0m                                          'mode': 'w4a16',
[36m(TaskRunner pid=363808)[0m                                          'quantization_config_path': None},
[36m(TaskRunner pid=363808)[0m                                  'rollout_n': 16,
[36m(TaskRunner pid=363808)[0m                                  'router_replay': {'_target_': 'verl.workers.config.RouterReplayConfig',
[36m(TaskRunner pid=363808)[0m                                                    'mode': 'disabled',
[36m(TaskRunner pid=363808)[0m                                                    'record_file': None,
[36m(TaskRunner pid=363808)[0m                                                    'replay_file': None},
[36m(TaskRunner pid=363808)[0m                                  'shuffle': False,
[36m(TaskRunner pid=363808)[0m                                  'strategy': 'fsdp2',
[36m(TaskRunner pid=363808)[0m                                  'tau_neg': 1.05,
[36m(TaskRunner pid=363808)[0m                                  'tau_pos': 1.0,
[36m(TaskRunner pid=363808)[0m                                  'ulysses_sequence_parallel_size': 1,
[36m(TaskRunner pid=363808)[0m                                  'use_dynamic_bsz': True,
[36m(TaskRunner pid=363808)[0m                                  'use_fused_kernels': False,
[36m(TaskRunner pid=363808)[0m                                  'use_kl_loss': True,
[36m(TaskRunner pid=363808)[0m                                  'use_prefix_grouper': False,
[36m(TaskRunner pid=363808)[0m                                  'use_remove_padding': True,
[36m(TaskRunner pid=363808)[0m                                  'use_torch_compile': True},
[36m(TaskRunner pid=363808)[0m                        'hybrid_engine': True,
[36m(TaskRunner pid=363808)[0m                        'model': {'_target_': 'verl.workers.config.HFModelConfig',
[36m(TaskRunner pid=363808)[0m                                  'custom_chat_template': None,
[36m(TaskRunner pid=363808)[0m                                  'enable_activation_offload': False,
[36m(TaskRunner pid=363808)[0m                                  'enable_gradient_checkpointing': True,
[36m(TaskRunner pid=363808)[0m                                  'exclude_modules': '.*visual.*',
[36m(TaskRunner pid=363808)[0m                                  'external_lib': None,
[36m(TaskRunner pid=363808)[0m                                  'fused_kernel_options': {'impl_backend': 'torch'},
[36m(TaskRunner pid=363808)[0m                                  'hf_config_path': None,
[36m(TaskRunner pid=363808)[0m                                  'lora': {'a2a_experimental': False,
[36m(TaskRunner pid=363808)[0m                                           'adapter_path': None,
[36m(TaskRunner pid=363808)[0m                                           'alpha': 32,
[36m(TaskRunner pid=363808)[0m                                           'dropout': 0.0,
[36m(TaskRunner pid=363808)[0m                                           'dropout_position': 'pre',
[36m(TaskRunner pid=363808)[0m                                           'dtype': None,
[36m(TaskRunner pid=363808)[0m                                           'exclude_modules': [],
[36m(TaskRunner pid=363808)[0m                                           'freeze_language_model': True,
[36m(TaskRunner pid=363808)[0m                                           'freeze_vision_model': True,
[36m(TaskRunner pid=363808)[0m                                           'freeze_vision_projection': True,
[36m(TaskRunner pid=363808)[0m                                           'lora_A_init_method': 'xavier',
[36m(TaskRunner pid=363808)[0m                                           'lora_B_init_method': 'zero',
[36m(TaskRunner pid=363808)[0m                                           'merge': False,
[36m(TaskRunner pid=363808)[0m                                           'rank': 0,
[36m(TaskRunner pid=363808)[0m                                           'target_modules': ['linear_qkv',
[36m(TaskRunner pid=363808)[0m                                                              'linear_proj',
[36m(TaskRunner pid=363808)[0m                                                              'linear_fc1',
[36m(TaskRunner pid=363808)[0m                                                              'linear_fc2'],
[36m(TaskRunner pid=363808)[0m                                           'type': 'lora'},
[36m(TaskRunner pid=363808)[0m                                  'lora_adapter_path': None,
[36m(TaskRunner pid=363808)[0m                                  'lora_alpha': 32,
[36m(TaskRunner pid=363808)[0m                                  'lora_rank': 16,
[36m(TaskRunner pid=363808)[0m                                  'mtp': {'_target_': 'verl.workers.config.MtpConfig',
[36m(TaskRunner pid=363808)[0m                                          'detach_encoder': False,
[36m(TaskRunner pid=363808)[0m                                          'enable': False,
[36m(TaskRunner pid=363808)[0m                                          'enable_rollout': False,
[36m(TaskRunner pid=363808)[0m                                          'enable_train': False,
[36m(TaskRunner pid=363808)[0m                                          'method': 'mtp',
[36m(TaskRunner pid=363808)[0m                                          'mtp_loss_scaling_factor': 0.1,
[36m(TaskRunner pid=363808)[0m                                          'num_speculative_tokens': 1,
[36m(TaskRunner pid=363808)[0m                                          'speculative_algorithm': 'EAGLE',
[36m(TaskRunner pid=363808)[0m                                          'speculative_eagle_topk': 1,
[36m(TaskRunner pid=363808)[0m                                          'speculative_num_draft_tokens': 4,
[36m(TaskRunner pid=363808)[0m                                          'speculative_num_steps': 3},
[36m(TaskRunner pid=363808)[0m                                  'override_config': {},
[36m(TaskRunner pid=363808)[0m                                  'path': '/home/yw4636/agentic-tvg/results/sft-mix/merged',
[36m(TaskRunner pid=363808)[0m                                  'target_modules': 'all-linear',
[36m(TaskRunner pid=363808)[0m                                  'tiled_mlp': {'enabled': False,
[36m(TaskRunner pid=363808)[0m                                                'num_shards': 4},
[36m(TaskRunner pid=363808)[0m                                  'tokenizer_path': None,
[36m(TaskRunner pid=363808)[0m                                  'trust_remote_code': False,
[36m(TaskRunner pid=363808)[0m                                  'use_fused_kernels': False,
[36m(TaskRunner pid=363808)[0m                                  'use_liger': False,
[36m(TaskRunner pid=363808)[0m                                  'use_remove_padding': True,
[36m(TaskRunner pid=363808)[0m                                  'use_shm': False},
[36m(TaskRunner pid=363808)[0m                        'nccl_timeout': 600,
[36m(TaskRunner pid=363808)[0m                        'ref': {'_target_': 'verl.workers.config.FSDPActorConfig',
[36m(TaskRunner pid=363808)[0m                                'entropy_checkpointing': False,
[36m(TaskRunner pid=363808)[0m                                'entropy_from_logits_chunk_size': 2048,
[36m(TaskRunner pid=363808)[0m                                'entropy_from_logits_with_chunking': False,
[36m(TaskRunner pid=363808)[0m                                'fsdp_config': {'_target_': 'verl.workers.config.FSDPEngineConfig',
[36m(TaskRunner pid=363808)[0m                                                'dtype': 'bfloat16',
[36m(TaskRunner pid=363808)[0m                                                'entropy_checkpointing': False,
[36m(TaskRunner pid=363808)[0m                                                'entropy_from_logits_chunk_size': 2048,
[36m(TaskRunner pid=363808)[0m                                                'entropy_from_logits_with_chunking': False,
[36m(TaskRunner pid=363808)[0m                                                'forward_only': True,
[36m(TaskRunner pid=363808)[0m                                                'forward_prefetch': False,
[36m(TaskRunner pid=363808)[0m                                                'fsdp_size': -1,
[36m(TaskRunner pid=363808)[0m                                                'full_determinism': False,
[36m(TaskRunner pid=363808)[0m                                                'model_dtype': 'fp32',
[36m(TaskRunner pid=363808)[0m                                                'offload_policy': False,
[36m(TaskRunner pid=363808)[0m                                                'optimizer_offload': False,
[36m(TaskRunner pid=363808)[0m                                                'pad_to_length': False,
[36m(TaskRunner pid=363808)[0m                                                'pad_to_length_bucket': 1024,
[36m(TaskRunner pid=363808)[0m                                                'param_offload': False,
[36m(TaskRunner pid=363808)[0m                                                'qat': {'_target_': 'verl.workers.config.QATEngineConfig',
[36m(TaskRunner pid=363808)[0m                                                        'activation_observer': 'static_minmax',
[36m(TaskRunner pid=363808)[0m                                                        'enable': False,
[36m(TaskRunner pid=363808)[0m                                                        'group_size': 16,
[36m(TaskRunner pid=363808)[0m                                                        'ignore_patterns': ['lm_head',
[36m(TaskRunner pid=363808)[0m                                                                            'embed_tokens',
[36m(TaskRunner pid=363808)[0m                                                                            're:.*mlp.gate$'],
[36m(TaskRunner pid=363808)[0m                                                        'mode': 'w4a16',
[36m(TaskRunner pid=363808)[0m                                                        'quantization_config_path': None},
[36m(TaskRunner pid=363808)[0m                                                'reshard_after_forward': True,
[36m(TaskRunner pid=363808)[0m                                                'seed': 42,
[36m(TaskRunner pid=363808)[0m                                                'strategy': 'fsdp',
[36m(TaskRunner pid=363808)[0m                                                'ulysses_sequence_parallel_size': 1,
[36m(TaskRunner pid=363808)[0m                                                'use_orig_params': False,
[36m(TaskRunner pid=363808)[0m                                                'use_torch_compile': True,
[36m(TaskRunner pid=363808)[0m                                                'wrap_policy': {'min_num_params': 0}},
[36m(TaskRunner pid=363808)[0m                                'log_prob_max_token_len_per_gpu': 24576,
[36m(TaskRunner pid=363808)[0m                                'log_prob_micro_batch_size': None,
[36m(TaskRunner pid=363808)[0m                                'log_prob_micro_batch_size_per_gpu': None,
[36m(TaskRunner pid=363808)[0m                                'log_prob_use_dynamic_bsz': True,
[36m(TaskRunner pid=363808)[0m                                'pad_to_length': False,
[36m(TaskRunner pid=363808)[0m                                'profiler': {'_target_': 'verl.utils.profiler.ProfilerConfig',
[36m(TaskRunner pid=363808)[0m                                             'all_ranks': False,
[36m(TaskRunner pid=363808)[0m                                             'enable': False,
[36m(TaskRunner pid=363808)[0m                                             'ranks': [],
[36m(TaskRunner pid=363808)[0m                                             'save_path': 'outputs/profile',
[36m(TaskRunner pid=363808)[0m                                             'tool': None,
[36m(TaskRunner pid=363808)[0m                                             'tool_config': {'npu': {'_target_': 'verl.utils.profiler.config.NPUToolConfig',
[36m(TaskRunner pid=363808)[0m                                                                     'analysis': True,
[36m(TaskRunner pid=363808)[0m                                                                     'contents': [],
[36m(TaskRunner pid=363808)[0m                                                                     'discrete': False,
[36m(TaskRunner pid=363808)[0m                                                                     'level': 'level0'},
[36m(TaskRunner pid=363808)[0m                                                             'nsys': {'_target_': 'verl.utils.profiler.config.NsightToolConfig',
[36m(TaskRunner pid=363808)[0m                                                                      'discrete': False},
[36m(TaskRunner pid=363808)[0m                                                             'precision_debugger': {'_target_': 'verl.utils.profiler.config.PrecisionDebuggerToolConfig',
[36m(TaskRunner pid=363808)[0m                                                                                    'config_path': None,
[36m(TaskRunner pid=363808)[0m                                                                                    'stages': None,
[36m(TaskRunner pid=363808)[0m                                                                                    'steps': None,
[36m(TaskRunner pid=363808)[0m                                                                                    'strict': False},
[36m(TaskRunner pid=363808)[0m                                                             'torch': {'_target_': 'verl.utils.profiler.config.TorchProfilerToolConfig',
[36m(TaskRunner pid=363808)[0m                                                                       'contents': [],
[36m(TaskRunner pid=363808)[0m                                                                       'discrete': False,
[36m(TaskRunner pid=363808)[0m                                                                       'schedule': {'_target_': 'verl.utils.profiler.config.TorchProfilerScheduleConfig',
[36m(TaskRunner pid=363808)[0m                                                                                    'active': 0,
[36m(TaskRunner pid=363808)[0m                                                                                    'repeat': 0,
[36m(TaskRunner pid=363808)[0m                                                                                    'skip_first': 0,
[36m(TaskRunner pid=363808)[0m                                                                                    'wait': 0,
[36m(TaskRunner pid=363808)[0m                                                                                    'warmup': 0}},
[36m(TaskRunner pid=363808)[0m                                                             'torch_memory': {'_target_': 'verl.utils.profiler.config.TorchMemoryToolConfig',
[36m(TaskRunner pid=363808)[0m                                                                              'stack_depth': 32,
[36m(TaskRunner pid=363808)[0m                                                                              'trace_alloc_max_entries': 100000}}},
[36m(TaskRunner pid=363808)[0m                                'rollout_n': 16,
[36m(TaskRunner pid=363808)[0m                                'router_replay': {'_target_': 'verl.workers.config.RouterReplayConfig',
[36m(TaskRunner pid=363808)[0m                                                  'mode': 'disabled',
[36m(TaskRunner pid=363808)[0m                                                  'record_file': None,
[36m(TaskRunner pid=363808)[0m                                                  'replay_file': None},
[36m(TaskRunner pid=363808)[0m                                'strategy': 'fsdp2',
[36m(TaskRunner pid=363808)[0m                                'ulysses_sequence_parallel_size': 1,
[36m(TaskRunner pid=363808)[0m                                'use_torch_compile': True},
[36m(TaskRunner pid=363808)[0m                        'rollout': {'_target_': 'verl.workers.config.RolloutConfig',
[36m(TaskRunner pid=363808)[0m                                    'agent': {'_target_': 'verl.workers.config.AgentLoopConfig',
[36m(TaskRunner pid=363808)[0m                                              'agent_loop_config_path': None,
[36m(TaskRunner pid=363808)[0m                                              'custom_async_server': {'_target_': 'verl.workers.config.CustomAsyncServerConfig',
[36m(TaskRunner pid=363808)[0m                                                                      'name': None,
[36m(TaskRunner pid=363808)[0m                                                                      'path': None},
[36m(TaskRunner pid=363808)[0m                                              'default_agent_loop': 'tool_agent',
[36m(TaskRunner pid=363808)[0m                                              'num_workers': 8},
[36m(TaskRunner pid=363808)[0m                                    'calculate_log_probs': True,
[36m(TaskRunner pid=363808)[0m                                    'checkpoint_engine': {'_target_': 'verl.workers.config.CheckpointEngineConfig',
[36m(TaskRunner pid=363808)[0m                                                          'backend': 'naive',
[36m(TaskRunner pid=363808)[0m                                                          'custom_backend_module': None,
[36m(TaskRunner pid=363808)[0m                                                          'engine_kwargs': {},
[36m(TaskRunner pid=363808)[0m                                                          'update_weights_bucket_megabytes': 2048},
[36m(TaskRunner pid=363808)[0m                                    'cudagraph_capture_sizes': None,
[36m(TaskRunner pid=363808)[0m                                    'data_parallel_size': 1,
[36m(TaskRunner pid=363808)[0m                                    'disable_log_stats': True,
[36m(TaskRunner pid=363808)[0m                                    'disaggregation': {'bootstrap_port': None,
[36m(TaskRunner pid=363808)[0m                                                       'decode_replicas': 1,
[36m(TaskRunner pid=363808)[0m                                                       'decode_tensor_model_parallel_size': None,
[36m(TaskRunner pid=363808)[0m                                                       'enabled': False,
[36m(TaskRunner pid=363808)[0m                                                       'ib_device': None,
[36m(TaskRunner pid=363808)[0m                                                       'prefill_replicas': 1,
[36m(TaskRunner pid=363808)[0m                                                       'transfer_backend': 'nixl'},
[36m(TaskRunner pid=363808)[0m                                    'do_sample': True,
[36m(TaskRunner pid=363808)[0m                                    'dtype': 'bfloat16',
[36m(TaskRunner pid=363808)[0m                                    'enable_chunked_prefill': True,
[36m(TaskRunner pid=363808)[0m                                    'enable_prefix_caching': True,
[36m(TaskRunner pid=363808)[0m                                    'enable_rollout_routing_replay': False,
[36m(TaskRunner pid=363808)[0m                                    'enforce_eager': False,
[36m(TaskRunner pid=363808)[0m                                    'engine_kwargs': {'sglang': {},
[36m(TaskRunner pid=363808)[0m                                                      'trtllm': {},
[36m(TaskRunner pid=363808)[0m                                                      'vllm': {'mm_processor_kwargs': {'max_pixels': 150528}}},
[36m(TaskRunner pid=363808)[0m                                    'expert_parallel_size': 1,
[36m(TaskRunner pid=363808)[0m                                    'free_cache_engine': True,
[36m(TaskRunner pid=363808)[0m                                    'full_determinism': False,
[36m(TaskRunner pid=363808)[0m                                    'gpu_memory_utilization': 0.65,
[36m(TaskRunner pid=363808)[0m                                    'ignore_eos': False,
[36m(TaskRunner pid=363808)[0m                                    'layered_summon': True,
[36m(TaskRunner pid=363808)[0m                                    'limit_images': 112,
[36m(TaskRunner pid=363808)[0m                                    'load_format': 'safetensors',
[36m(TaskRunner pid=363808)[0m                                    'log_prob_max_token_len_per_gpu': 24576,
[36m(TaskRunner pid=363808)[0m                                    'log_prob_micro_batch_size': None,
[36m(TaskRunner pid=363808)[0m                                    'log_prob_micro_batch_size_per_gpu': None,
[36m(TaskRunner pid=363808)[0m                                    'log_prob_use_dynamic_bsz': True,
[36m(TaskRunner pid=363808)[0m                                    'logprobs_mode': 'processed_logprobs',
[36m(TaskRunner pid=363808)[0m                                    'max_model_len': 20992,
[36m(TaskRunner pid=363808)[0m                                    'max_num_batched_tokens': 24576,
[36m(TaskRunner pid=363808)[0m                                    'max_num_seqs': 256,
[36m(TaskRunner pid=363808)[0m                                    'mode': 'async',
[36m(TaskRunner pid=363808)[0m                                    'moe_load_balance_metrics_interval': 0,
[36m(TaskRunner pid=363808)[0m                                    'mtp': {'_target_': 'verl.workers.config.MtpConfig',
[36m(TaskRunner pid=363808)[0m                                            'detach_encoder': False,
[36m(TaskRunner pid=363808)[0m                                            'enable': False,
[36m(TaskRunner pid=363808)[0m                                            'enable_rollout': False,
[36m(TaskRunner pid=363808)[0m                                            'enable_train': False,
[36m(TaskRunner pid=363808)[0m                                            'method': 'mtp',
[36m(TaskRunner pid=363808)[0m                                            'mtp_loss_scaling_factor': 0.1,
[36m(TaskRunner pid=363808)[0m                                            'num_speculative_tokens': 1,
[36m(TaskRunner pid=363808)[0m                                            'speculative_algorithm': 'EAGLE',
[36m(TaskRunner pid=363808)[0m                                            'speculative_eagle_topk': 1,
[36m(TaskRunner pid=363808)[0m                                            'speculative_num_draft_tokens': 4,
[36m(TaskRunner pid=363808)[0m                                            'speculative_num_steps': 3},
[36m(TaskRunner pid=363808)[0m                                    'multi_stage_wake_up': False,
[36m(TaskRunner pid=363808)[0m                                    'multi_turn': {'_target_': 'verl.workers.config.MultiTurnConfig',
[36m(TaskRunner pid=363808)[0m                                                   'enable': True,
[36m(TaskRunner pid=363808)[0m                                                   'format': 'hermes',
[36m(TaskRunner pid=363808)[0m                                                   'function_tool_path': None,
[36m(TaskRunner pid=363808)[0m                                                   'max_assistant_turns': 4,
[36m(TaskRunner pid=363808)[0m                                                   'max_parallel_calls': 1,
[36m(TaskRunner pid=363808)[0m                                                   'max_tool_response_length': 2048,
[36m(TaskRunner pid=363808)[0m                                                   'max_user_turns': 3,
[36m(TaskRunner pid=363808)[0m                                                   'num_repeat_rollouts': None,
[36m(TaskRunner pid=363808)[0m                                                   'tokenization_sanity_check_mode': 'strict',
[36m(TaskRunner pid=363808)[0m                                                   'tool_config_path': '/home/yw4636/agentic-tvg/crop_video_tool.yaml',
[36m(TaskRunner pid=363808)[0m                                                   'tool_response_truncate_side': 'middle',
[36m(TaskRunner pid=363808)[0m                                                   'use_inference_chat_template': False},
[36m(TaskRunner pid=363808)[0m                                    'n': 16,
[36m(TaskRunner pid=363808)[0m                                    'n_gpus_per_node': 1,
[36m(TaskRunner pid=363808)[0m                                    'name': 'vllm',
[36m(TaskRunner pid=363808)[0m                                    'nnodes': 0,
[36m(TaskRunner pid=363808)[0m                                    'over_sample_rate': 0,
[36m(TaskRunner pid=363808)[0m                                    'pipeline_model_parallel_size': 1,
[36m(TaskRunner pid=363808)[0m                                    'profiler': {'_target_': 'verl.utils.profiler.ProfilerConfig',
[36m(TaskRunner pid=363808)[0m                                                 'all_ranks': False,
[36m(TaskRunner pid=363808)[0m                                                 'enable': False,
[36m(TaskRunner pid=363808)[0m                                                 'ranks': [],
[36m(TaskRunner pid=363808)[0m                                                 'save_path': 'outputs/profile',
[36m(TaskRunner pid=363808)[0m                                                 'tool': None,
[36m(TaskRunner pid=363808)[0m                                                 'tool_config': {'npu': {'_target_': 'verl.utils.profiler.config.NPUToolConfig',
[36m(TaskRunner pid=363808)[0m                                                                         'analysis': True,
[36m(TaskRunner pid=363808)[0m                                                                         'contents': [],
[36m(TaskRunner pid=363808)[0m                                                                         'discrete': False,
[36m(TaskRunner pid=363808)[0m                                                                         'level': 'level0',
[36m(TaskRunner pid=363808)[0m                                                                         'profile_token_end': None,
[36m(TaskRunner pid=363808)[0m                                                                         'profile_token_start': None},
[36m(TaskRunner pid=363808)[0m                                                                 'precision_debugger': {'_target_': 'verl.utils.profiler.config.PrecisionDebuggerToolConfig',
[36m(TaskRunner pid=363808)[0m                                                                                        'config_path': None,
[36m(TaskRunner pid=363808)[0m                                                                                        'stages': None,
[36m(TaskRunner pid=363808)[0m                                                                                        'steps': None,
[36m(TaskRunner pid=363808)[0m                                                                                        'strict': False},
[36m(TaskRunner pid=363808)[0m                                                                 'torch': {'_target_': 'verl.utils.profiler.config.TorchProfilerToolConfig',
[36m(TaskRunner pid=363808)[0m                                                                           'contents': [],
[36m(TaskRunner pid=363808)[0m                                                                           'discrete': False,
[36m(TaskRunner pid=363808)[0m                                                                           'profile_token_end': None,
[36m(TaskRunner pid=363808)[0m                                                                           'profile_token_start': None}}},
[36m(TaskRunner pid=363808)[0m                                    'prometheus': {'_target_': 'verl.workers.config.PrometheusConfig',
[36m(TaskRunner pid=363808)[0m                                                   'enable': False,
[36m(TaskRunner pid=363808)[0m                                                   'file': '/tmp/ray/session_latest/metrics/prometheus/prometheus.yml',
[36m(TaskRunner pid=363808)[0m                                                   'port': 9090,
[36m(TaskRunner pid=363808)[0m                                                   'served_model_name': '/home/yw4636/agentic-tvg/results/sft-mix/merged'},
[36m(TaskRunner pid=363808)[0m                                    'prompt_length': 4608,
[36m(TaskRunner pid=363808)[0m                                    'qat': {'_target_': 'verl.workers.config.QATEngineConfig',
[36m(TaskRunner pid=363808)[0m                                            'activation_observer': 'static_minmax',
[36m(TaskRunner pid=363808)[0m                                            'enable': False,
[36m(TaskRunner pid=363808)[0m                                            'group_size': 16,
[36m(TaskRunner pid=363808)[0m                                            'ignore_patterns': ['lm_head',
[36m(TaskRunner pid=363808)[0m                                                                'embed_tokens',
[36m(TaskRunner pid=363808)[0m                                                                're:.*mlp.gate$'],
[36m(TaskRunner pid=363808)[0m                                            'mode': 'w4a16',
[36m(TaskRunner pid=363808)[0m                                            'quantization_config_path': None},
[36m(TaskRunner pid=363808)[0m                                    'quantization': None,
[36m(TaskRunner pid=363808)[0m                                    'quantization_config_file': None,
[36m(TaskRunner pid=363808)[0m                                    'response_length': 16384,
[36m(TaskRunner pid=363808)[0m                                    'scheduling_policy': 'fcfs',
[36m(TaskRunner pid=363808)[0m                                    'seed': 42,
[36m(TaskRunner pid=363808)[0m                                    'skip_tokenizer_init': True,
[36m(TaskRunner pid=363808)[0m                                    'temperature': 1.0,
[36m(TaskRunner pid=363808)[0m                                    'tensor_model_parallel_size': 1,
[36m(TaskRunner pid=363808)[0m                                    'top_k': -1,
[36m(TaskRunner pid=363808)[0m                                    'top_p': 1,
[36m(TaskRunner pid=363808)[0m                                    'trace': {'_target_': 'verl.workers.config.TraceConfig',
[36m(TaskRunner pid=363808)[0m                                              'backend': None,
[36m(TaskRunner pid=363808)[0m                                              'experiment_name': 'grpo_smoke',
[36m(TaskRunner pid=363808)[0m                                              'max_samples_per_step_per_worker': None,
[36m(TaskRunner pid=363808)[0m                                              'project_name': 'agentic-tvg',
[36m(TaskRunner pid=363808)[0m                                              'token2text': False},
[36m(TaskRunner pid=363808)[0m                                    'val_kwargs': {'_target_': 'verl.workers.config.SamplingConfig',
[36m(TaskRunner pid=363808)[0m                                                   'do_sample': False,
[36m(TaskRunner pid=363808)[0m                                                   'n': 1,
[36m(TaskRunner pid=363808)[0m                                                   'temperature': 0,
[36m(TaskRunner pid=363808)[0m                                                   'top_k': -1,
[36m(TaskRunner pid=363808)[0m                                                   'top_p': 1.0}}},
[36m(TaskRunner pid=363808)[0m  'algorithm': {'_target_': 'verl.trainer.config.AlgoConfig',
[36m(TaskRunner pid=363808)[0m                'adv_estimator': 'grpo',
[36m(TaskRunner pid=363808)[0m                'filter_groups': {'_target_': 'verl.trainer.config.FilterGroupsConfig',
[36m(TaskRunner pid=363808)[0m                                  'enable': False,
[36m(TaskRunner pid=363808)[0m                                  'max_inflight_gen_batches': 1,
[36m(TaskRunner pid=363808)[0m                                  'max_num_gen_batches': 0,
[36m(TaskRunner pid=363808)[0m                                  'metric': None},
[36m(TaskRunner pid=363808)[0m                'gamma': 1.0,
[36m(TaskRunner pid=363808)[0m                'kl_ctrl': {'_target_': 'verl.trainer.config.KLControlConfig',
[36m(TaskRunner pid=363808)[0m                            'horizon': 10000,
[36m(TaskRunner pid=363808)[0m                            'kl_coef': 0.001,
[36m(TaskRunner pid=363808)[0m                            'target_kl': 0.1,
[36m(TaskRunner pid=363808)[0m                            'type': 'fixed'},
[36m(TaskRunner pid=363808)[0m                'kl_penalty': 'kl',
[36m(TaskRunner pid=363808)[0m                'lam': 1.0,
[36m(TaskRunner pid=363808)[0m                'norm_adv_by_std_in_grpo': True,
[36m(TaskRunner pid=363808)[0m                'pf_ppo': {'reweight_method': 'pow', 'weight_pow': 2.0},
[36m(TaskRunner pid=363808)[0m                'rollout_correction': {'bypass_mode': False,
[36m(TaskRunner pid=363808)[0m                                       'loss_type': 'ppo_clip',
[36m(TaskRunner pid=363808)[0m                                       'rollout_is': None,
[36m(TaskRunner pid=363808)[0m                                       'rollout_is_batch_normalize': False,
[36m(TaskRunner pid=363808)[0m                                       'rollout_is_threshold': 2.0,
[36m(TaskRunner pid=363808)[0m                                       'rollout_rs': None,
[36m(TaskRunner pid=363808)[0m                                       'rollout_rs_threshold': None},
[36m(TaskRunner pid=363808)[0m                'use_kl_in_reward': False,
[36m(TaskRunner pid=363808)[0m                'use_pf_ppo': False},
[36m(TaskRunner pid=363808)[0m  'critic': {'_target_': 'verl.workers.config.FSDPCriticConfig',
[36m(TaskRunner pid=363808)[0m             'checkpoint': {'_target_': 'verl.trainer.config.CheckpointConfig',
[36m(TaskRunner pid=363808)[0m                            'async_save': False,
[36m(TaskRunner pid=363808)[0m                            'load_contents': ['model', 'optimizer', 'extra'],
[36m(TaskRunner pid=363808)[0m                            'save_contents': ['model', 'optimizer', 'extra']},
[36m(TaskRunner pid=363808)[0m             'cliprange_value': 0.5,
[36m(TaskRunner pid=363808)[0m             'data_loader_seed': 42,
[36m(TaskRunner pid=363808)[0m             'enable': None,
[36m(TaskRunner pid=363808)[0m             'forward_max_token_len_per_gpu': 32768,
[36m(TaskRunner pid=363808)[0m             'forward_micro_batch_size': None,
[36m(TaskRunner pid=363808)[0m             'forward_micro_batch_size_per_gpu': None,
[36m(TaskRunner pid=363808)[0m             'fsdp': {'_target_': 'verl.workers.config.FSDPEngineConfig',
[36m(TaskRunner pid=363808)[0m                      'dtype': 'bfloat16',
[36m(TaskRunner pid=363808)[0m                      'entropy_checkpointing': False,
[36m(TaskRunner pid=363808)[0m                      'entropy_from_logits_chunk_size': 2048,
[36m(TaskRunner pid=363808)[0m                      'entropy_from_logits_with_chunking': False,
[36m(TaskRunner pid=363808)[0m                      'forward_only': False,
[36m(TaskRunner pid=363808)[0m                      'forward_prefetch': False,
[36m(TaskRunner pid=363808)[0m                      'fsdp_size': -1,
[36m(TaskRunner pid=363808)[0m                      'full_determinism': False,
[36m(TaskRunner pid=363808)[0m                      'model_dtype': 'fp32',
[36m(TaskRunner pid=363808)[0m                      'offload_policy': False,
[36m(TaskRunner pid=363808)[0m                      'optimizer_offload': False,
[36m(TaskRunner pid=363808)[0m                      'pad_to_length': False,
[36m(TaskRunner pid=363808)[0m                      'pad_to_length_bucket': 1024,
[36m(TaskRunner pid=363808)[0m                      'param_offload': False,
[36m(TaskRunner pid=363808)[0m                      'qat': {'_target_': 'verl.workers.config.QATEngineConfig',
[36m(TaskRunner pid=363808)[0m                              'activation_observer': 'static_minmax',
[36m(TaskRunner pid=363808)[0m                              'enable': False,
[36m(TaskRunner pid=363808)[0m                              'group_size': 16,
[36m(TaskRunner pid=363808)[0m                              'ignore_patterns': ['lm_head',
[36m(TaskRunner pid=363808)[0m                                                  'embed_tokens',
[36m(TaskRunner pid=363808)[0m                                                  're:.*mlp.gate$'],
[36m(TaskRunner pid=363808)[0m                              'mode': 'w4a16',
[36m(TaskRunner pid=363808)[0m                              'quantization_config_path': None},
[36m(TaskRunner pid=363808)[0m                      'reshard_after_forward': True,
[36m(TaskRunner pid=363808)[0m                      'seed': 42,
[36m(TaskRunner pid=363808)[0m                      'strategy': 'fsdp',
[36m(TaskRunner pid=363808)[0m                      'ulysses_sequence_parallel_size': 1,
[36m(TaskRunner pid=363808)[0m                      'use_orig_params': False,
[36m(TaskRunner pid=363808)[0m                      'use_torch_compile': True,
[36m(TaskRunner pid=363808)[0m                      'wrap_policy': {'min_num_params': 0}},
[36m(TaskRunner pid=363808)[0m             'grad_clip': 1.0,
[36m(TaskRunner pid=363808)[0m             'loss_agg_mode': 'token-mean',
[36m(TaskRunner pid=363808)[0m             'loss_scale_factor': None,
[36m(TaskRunner pid=363808)[0m             'model': {'_target_': 'verl.workers.config.HFModelConfig',
[36m(TaskRunner pid=363808)[0m                       'custom_chat_template': None,
[36m(TaskRunner pid=363808)[0m                       'enable_activation_offload': False,
[36m(TaskRunner pid=363808)[0m                       'enable_gradient_checkpointing': True,
[36m(TaskRunner pid=363808)[0m                       'exclude_modules': None,
[36m(TaskRunner pid=363808)[0m                       'external_lib': None,
[36m(TaskRunner pid=363808)[0m                       'fused_kernel_options': {'impl_backend': 'torch'},
[36m(TaskRunner pid=363808)[0m                       'hf_config_path': None,
[36m(TaskRunner pid=363808)[0m                       'lora': {'a2a_experimental': False,
[36m(TaskRunner pid=363808)[0m                                'adapter_path': None,
[36m(TaskRunner pid=363808)[0m                                'alpha': 32,
[36m(TaskRunner pid=363808)[0m                                'dropout': 0.0,
[36m(TaskRunner pid=363808)[0m                                'dropout_position': 'pre',
[36m(TaskRunner pid=363808)[0m                                'dtype': None,
[36m(TaskRunner pid=363808)[0m                                'exclude_modules': [],
[36m(TaskRunner pid=363808)[0m                                'freeze_language_model': True,
[36m(TaskRunner pid=363808)[0m                                'freeze_vision_model': True,
[36m(TaskRunner pid=363808)[0m                                'freeze_vision_projection': True,
[36m(TaskRunner pid=363808)[0m                                'lora_A_init_method': 'xavier',
[36m(TaskRunner pid=363808)[0m                                'lora_B_init_method': 'zero',
[36m(TaskRunner pid=363808)[0m                                'merge': False,
[36m(TaskRunner pid=363808)[0m                                'rank': 0,
[36m(TaskRunner pid=363808)[0m                                'target_modules': ['linear_qkv',
[36m(TaskRunner pid=363808)[0m                                                   'linear_proj',
[36m(TaskRunner pid=363808)[0m                                                   'linear_fc1',
[36m(TaskRunner pid=363808)[0m                                                   'linear_fc2'],
[36m(TaskRunner pid=363808)[0m                                'type': 'lora'},
[36m(TaskRunner pid=363808)[0m                       'lora_adapter_path': None,
[36m(TaskRunner pid=363808)[0m                       'lora_alpha': 16,
[36m(TaskRunner pid=363808)[0m                       'lora_rank': 0,
[36m(TaskRunner pid=363808)[0m                       'mtp': {'_target_': 'verl.workers.config.MtpConfig',
[36m(TaskRunner pid=363808)[0m                               'detach_encoder': False,
[36m(TaskRunner pid=363808)[0m                               'enable': False,
[36m(TaskRunner pid=363808)[0m                               'enable_rollout': False,
[36m(TaskRunner pid=363808)[0m                               'enable_train': False,
[36m(TaskRunner pid=363808)[0m                               'method': 'mtp',
[36m(TaskRunner pid=363808)[0m                               'mtp_loss_scaling_factor': 0.1,
[36m(TaskRunner pid=363808)[0m                               'num_speculative_tokens': 1,
[36m(TaskRunner pid=363808)[0m                               'speculative_algorithm': 'EAGLE',
[36m(TaskRunner pid=363808)[0m                               'speculative_eagle_topk': 1,
[36m(TaskRunner pid=363808)[0m                               'speculative_num_draft_tokens': 4,
[36m(TaskRunner pid=363808)[0m                               'speculative_num_steps': 3},
[36m(TaskRunner pid=363808)[0m                       'override_config': {},
[36m(TaskRunner pid=363808)[0m                       'path': '~/models/deepseek-llm-7b-chat',
[36m(TaskRunner pid=363808)[0m                       'target_modules': 'all-linear',
[36m(TaskRunner pid=363808)[0m                       'tiled_mlp': {'enabled': False, 'num_shards': 4},
[36m(TaskRunner pid=363808)[0m                       'tokenizer_path': None,
[36m(TaskRunner pid=363808)[0m                       'trust_remote_code': False,
[36m(TaskRunner pid=363808)[0m                       'use_fused_kernels': False,
[36m(TaskRunner pid=363808)[0m                       'use_liger': False,
[36m(TaskRunner pid=363808)[0m                       'use_remove_padding': True,
[36m(TaskRunner pid=363808)[0m                       'use_shm': False},
[36m(TaskRunner pid=363808)[0m             'optim': {'_target_': 'verl.workers.config.FSDPOptimizerConfig',
[36m(TaskRunner pid=363808)[0m                       'betas': [0.9, 0.999],
[36m(TaskRunner pid=363808)[0m                       'clip_grad': 1.0,
[36m(TaskRunner pid=363808)[0m                       'lr': 1e-05,
[36m(TaskRunner pid=363808)[0m                       'lr_scheduler_type': 'constant',
[36m(TaskRunner pid=363808)[0m                       'lr_warmup_steps': -1,
[36m(TaskRunner pid=363808)[0m                       'lr_warmup_steps_ratio': 0.0,
[36m(TaskRunner pid=363808)[0m                       'min_lr_ratio': 0.0,
[36m(TaskRunner pid=363808)[0m                       'num_cycles': 0.5,
[36m(TaskRunner pid=363808)[0m                       'optimizer': 'AdamW',
[36m(TaskRunner pid=363808)[0m                       'optimizer_impl': 'torch.optim',
[36m(TaskRunner pid=363808)[0m                       'override_optimizer_config': None,
[36m(TaskRunner pid=363808)[0m                       'total_training_steps': -1,
[36m(TaskRunner pid=363808)[0m                       'warmup_style': None,
[36m(TaskRunner pid=363808)[0m                       'weight_decay': 0.01,
[36m(TaskRunner pid=363808)[0m                       'zero_indexed_step': True},
[36m(TaskRunner pid=363808)[0m             'ppo_epochs': 1,
[36m(TaskRunner pid=363808)[0m             'ppo_max_token_len_per_gpu': 32768,
[36m(TaskRunner pid=363808)[0m             'ppo_micro_batch_size': None,
[36m(TaskRunner pid=363808)[0m             'ppo_micro_batch_size_per_gpu': None,
[36m(TaskRunner pid=363808)[0m             'ppo_mini_batch_size': 8,
[36m(TaskRunner pid=363808)[0m             'profiler': 
[36m(TaskRunner pid=363808)[0m {'_target_': 'verl.utils.profiler.ProfilerConfig',
[36m(TaskRunner pid=363808)[0m                          'all_ranks': False,
[36m(TaskRunner pid=363808)[0m                          'enable': False,
[36m(TaskRunner pid=363808)[0m                          'ranks': [],
[36m(TaskRunner pid=363808)[0m                          'save_path': 'outputs/profile',
[36m(TaskRunner pid=363808)[0m                          'tool': None,
[36m(TaskRunner pid=363808)[0m                          'tool_config': {'npu': {'_target_': 'verl.utils.profiler.config.NPUToolConfig',
[36m(TaskRunner pid=363808)[0m                                                  'analysis': True,
[36m(TaskRunner pid=363808)[0m                                                  'contents': [],
[36m(TaskRunner pid=363808)[0m                                                  'discrete': False,
[36m(TaskRunner pid=363808)[0m                                                  'level': 'level0'},
[36m(TaskRunner pid=363808)[0m                                          'nsys': {'_target_': 'verl.utils.profiler.config.NsightToolConfig',
[36m(TaskRunner pid=363808)[0m                                                   'discrete': False},
[36m(TaskRunner pid=363808)[0m                                          'precision_debugger': {'_target_': 'verl.utils.profiler.config.PrecisionDebuggerToolConfig',
[36m(TaskRunner pid=363808)[0m                                                                 'config_path': None,
[36m(TaskRunner pid=363808)[0m                                                                 'stages': None,
[36m(TaskRunner pid=363808)[0m                                                                 'steps': None,
[36m(TaskRunner pid=363808)[0m                                                                 'strict': False},
[36m(TaskRunner pid=363808)[0m                                          'torch': {'_target_': 'verl.utils.profiler.config.TorchProfilerToolConfig',
[36m(TaskRunner pid=363808)[0m                                                    'contents': [],
[36m(TaskRunner pid=363808)[0m                                                    'discrete': False,
[36m(TaskRunner pid=363808)[0m                                                    'schedule': {'_target_': 'verl.utils.profiler.config.TorchProfilerScheduleConfig',
[36m(TaskRunner pid=363808)[0m                                                                 'active': 0,
[36m(TaskRunner pid=363808)[0m                                                                 'repeat': 0,
[36m(TaskRunner pid=363808)[0m                                                                 'skip_first': 0,
[36m(TaskRunner pid=363808)[0m                                                                 'wait': 0,
[36m(TaskRunner pid=363808)[0m                                                                 'warmup': 0}},
[36m(TaskRunner pid=363808)[0m                                          'torch_memory': {'_target_': 'verl.utils.profiler.config.TorchMemoryToolConfig',
[36m(TaskRunner pid=363808)[0m                                                           'stack_depth': 32,
[36m(TaskRunner pid=363808)[0m                                                           'trace_alloc_max_entries': 100000}}},
[36m(TaskRunner pid=363808)[0m             'rollout_n': 16,
[36m(TaskRunner pid=363808)[0m             'shuffle': False,
[36m(TaskRunner pid=363808)[0m             'strategy': 'fsdp',
[36m(TaskRunner pid=363808)[0m             'ulysses_sequence_parallel_size': 1,
[36m(TaskRunner pid=363808)[0m             'use_dynamic_bsz': True},
[36m(TaskRunner pid=363808)[0m  'custom_reward_function': {'name': None, 'path': None},
[36m(TaskRunner pid=363808)[0m  'data': {'apply_chat_template_kwargs': {},
[36m(TaskRunner pid=363808)[0m           'audio_key': 'audios',
[36m(TaskRunner pid=363808)[0m           'continuous_token': {'enable': False, 'model_family': 'auto'},
[36m(TaskRunner pid=363808)[0m           'custom_cls': {'name': None, 'path': None},
[36m(TaskRunner pid=363808)[0m           'dataloader_num_workers': 8,
[36m(TaskRunner pid=363808)[0m           'filter_overlong_prompts': False,
[36m(TaskRunner pid=363808)[0m           'filter_overlong_prompts_workers': 1,
[36m(TaskRunner pid=363808)[0m           'function_tool_path': None,
[36m(TaskRunner pid=363808)[0m           'gen_batch_size': None,
[36m(TaskRunner pid=363808)[0m           'image_key': 'images',
[36m(TaskRunner pid=363808)[0m           'image_patch_size': 16,
[36m(TaskRunner pid=363808)[0m           'max_prompt_length': 4608,
[36m(TaskRunner pid=363808)[0m           'max_response_length': 16384,
[36m(TaskRunner pid=363808)[0m           'mm_processor_kwargs': {},
[36m(TaskRunner pid=363808)[0m           'prompt_key': 'prompt',
[36m(TaskRunner pid=363808)[0m           'return_full_prompt': False,
[36m(TaskRunner pid=363808)[0m           'return_multi_modal_inputs': True,
[36m(TaskRunner pid=363808)[0m           'return_raw_chat': True,
[36m(TaskRunner pid=363808)[0m           'return_raw_input_ids': False,
[36m(TaskRunner pid=363808)[0m           'reward_fn_key': 'data_source',
[36m(TaskRunner pid=363808)[0m           'seed': None,
[36m(TaskRunner pid=363808)[0m           'shuffle': True,
[36m(TaskRunner pid=363808)[0m           'tokenizer': None,
[36m(TaskRunner pid=363808)[0m           'tool_config_path': '/home/yw4636/agentic-tvg/crop_video_tool.yaml',
[36m(TaskRunner pid=363808)[0m           'train_batch_size': 8,
[36m(TaskRunner pid=363808)[0m           'train_files': '/home/yw4636/agentic-tvg/data/processed/rl_train.parquet',
[36m(TaskRunner pid=363808)[0m           'train_max_samples': -1,
[36m(TaskRunner pid=363808)[0m           'truncation': 'error',
[36m(TaskRunner pid=363808)[0m           'trust_remote_code': False,
[36m(TaskRunner pid=363808)[0m           'use_shm': False,
[36m(TaskRunner pid=363808)[0m           'val_batch_size': 2,
[36m(TaskRunner pid=363808)[0m           'val_files': '/home/yw4636/agentic-tvg/data/processed/rl_val.parquet',
[36m(TaskRunner pid=363808)[0m           'val_max_samples': -1,
[36m(TaskRunner pid=363808)[0m           'validation_shuffle': False,
[36m(TaskRunner pid=363808)[0m           'video_key': 'videos'},
[36m(TaskRunner pid=363808)[0m  'distillation': {'_target_': 'verl.workers.config.DistillationConfig',
[36m(TaskRunner pid=363808)[0m                   'distillation_loss': {'_target_': 'verl.workers.config.DistillationLossConfig',
[36m(TaskRunner pid=363808)[0m                                         'clip_ratio': 0.2,
[36m(TaskRunner pid=363808)[0m                                         'clip_ratio_high': 0.2,
[36m(TaskRunner pid=363808)[0m                                         'clip_ratio_low': 0.2,
[36m(TaskRunner pid=363808)[0m                                         'distillation_loss_coef': 1.0,
[36m(TaskRunner pid=363808)[0m                                         'log_prob_min_clamp': None,
[36m(TaskRunner pid=363808)[0m                                         'loss_max_clamp': None,
[36m(TaskRunner pid=363808)[0m                                         'loss_mode': 'k3',
[36m(TaskRunner pid=363808)[0m                                         'policy_loss_mode': 'vanilla',
[36m(TaskRunner pid=363808)[0m                                         'topk': 32,
[36m(TaskRunner pid=363808)[0m                                         'use_policy_gradient': False,
[36m(TaskRunner pid=363808)[0m                                         'use_task_rewards': True},
[36m(TaskRunner pid=363808)[0m                   'enabled': False,
[36m(TaskRunner pid=363808)[0m                   'n_gpus_per_node': 8,
[36m(TaskRunner pid=363808)[0m                   'nnodes': 0,
[36m(TaskRunner pid=363808)[0m                   'teacher_key': 'data_source',
[36m(TaskRunner pid=363808)[0m                   'teacher_models': {'teacher_model': {'_target_': 'verl.workers.config.DistillationTeacherModelConfig',
[36m(TaskRunner pid=363808)[0m                                                        'inference': {'_target_': 'verl.workers.config.RolloutConfig',
[36m(TaskRunner pid=363808)[0m                                                                      'cudagraph_capture_sizes': None,
[36m(TaskRunner pid=363808)[0m                                                                      'data_parallel_size': 1,
[36m(TaskRunner pid=363808)[0m                                                                      'disable_log_stats': True,
[36m(TaskRunner pid=363808)[0m                                                                      'dtype': 'bfloat16',
[36m(TaskRunner pid=363808)[0m                                                                      'enable_chunked_prefill': True,
[36m(TaskRunner pid=363808)[0m                                                                      'enable_prefix_caching': True,
[36m(TaskRunner pid=363808)[0m                                                                      'enforce_eager': True,
[36m(TaskRunner pid=363808)[0m                                                                      'engine_kwargs': {},
[36m(TaskRunner pid=363808)[0m                                                                      'expert_parallel_size': 1,
[36m(TaskRunner pid=363808)[0m                                                                      'free_cache_engine': True,
[36m(TaskRunner pid=363808)[0m                                                                      'gpu_memory_utilization': 0.5,
[36m(TaskRunner pid=363808)[0m                                                                      'limit_images': None,
[36m(TaskRunner pid=363808)[0m                                                                      'load_format': 'auto',
[36m(TaskRunner pid=363808)[0m                                                                      'max_model_len': None,
[36m(TaskRunner pid=363808)[0m                                                                      'max_num_batched_tokens': 8192,
[36m(TaskRunner pid=363808)[0m                                                                      'max_num_seqs': 1024,
[36m(TaskRunner pid=363808)[0m                                                                      'name': 'vllm',
[36m(TaskRunner pid=363808)[0m                                                                      'prompt_length': 4608,
[36m(TaskRunner pid=363808)[0m                                                                      'response_length': 16384,
[36m(TaskRunner pid=363808)[0m                                                                      'skip_tokenizer_init': True,
[36m(TaskRunner pid=363808)[0m                                                                      'temperature': 1.0,
[36m(TaskRunner pid=363808)[0m                                                                      'tensor_model_parallel_size': 2},
[36m(TaskRunner pid=363808)[0m                                                        'key': None,
[36m(TaskRunner pid=363808)[0m                                                        'model_path': None,
[36m(TaskRunner pid=363808)[0m                                                        'num_replicas': 0}}},
[36m(TaskRunner pid=363808)[0m  'global_profiler': {'_target_': 'verl.utils.profiler.ProfilerConfig',
[36m(TaskRunner pid=363808)[0m                      'global_tool_config': {'nsys': {'_target_': 'verl.utils.profiler.config.NsightToolConfig',
[36m(TaskRunner pid=363808)[0m                                                      'controller_nsight_options': {'cuda-graph-trace': 'graph',
[36m(TaskRunner pid=363808)[0m                                                                                    'cuda-memory-usage': 'true',
[36m(TaskRunner pid=363808)[0m                                                                                    'trace': 'cuda,nvtx,cublas,ucx'},
[36m(TaskRunner pid=363808)[0m                                                      'discrete': False,
[36m(TaskRunner pid=363808)[0m                                                      'worker_nsight_options': {'capture-range': 'cudaProfilerApi',
[36m(TaskRunner pid=363808)[0m                                                                                'capture-range-end': None,
[36m(TaskRunner pid=363808)[0m                                                                                'cuda-graph-trace': 'graph',
[36m(TaskRunner pid=363808)[0m                                                                                'cuda-memory-usage': 'true',
[36m(TaskRunner pid=363808)[0m                                                                                'kill': 'none',
[36m(TaskRunner pid=363808)[0m                                                                                'trace': 'cuda,nvtx,cublas,ucx'}},
[36m(TaskRunner pid=363808)[0m                                             'precision_debugger': {'_target_': 'verl.utils.profiler.config.PrecisionDebuggerToolConfig',
[36m(TaskRunner pid=363808)[0m                                                                    'config_path': None,
[36m(TaskRunner pid=363808)[0m                                                                    'stages': None,
[36m(TaskRunner pid=363808)[0m                                                                    'steps': None,
[36m(TaskRunner pid=363808)[0m                                                                    'strict': False},
[36m(TaskRunner pid=363808)[0m                                             'torch_memory': {'context': 'all',
[36m(TaskRunner pid=363808)[0m                                                              'kw_args': {},
[36m(TaskRunner pid=363808)[0m                                                              'stack_depth': 32,
[36m(TaskRunner pid=363808)[0m                                                              'stacks': 'all',
[36m(TaskRunner pid=363808)[0m                                                              'trace_alloc_max_entries': 100000}},
[36m(TaskRunner pid=363808)[0m                      'profile_continuous_steps': False,
[36m(TaskRunner pid=363808)[0m                      'save_path': 'outputs/profile',
[36m(TaskRunner pid=363808)[0m                      'steps': None,
[36m(TaskRunner pid=363808)[0m                      'tool': None},
[36m(TaskRunner pid=363808)[0m  'model_engine': 'dp',
[36m(TaskRunner pid=363808)[0m  'ray_kwargs': {'ray_init': {'num_cpus': None}, 'timeline_json_file': None},
[36m(TaskRunner pid=363808)[0m  'reward': {'_target_': 'verl.workers.config.RewardConfig',
[36m(TaskRunner pid=363808)[0m             'custom_reward_function': {'name': 'compute_score_qa',
[36m(TaskRunner pid=363808)[0m                                        'path': '/home/yw4636/agentic-tvg/agentic_tvg/reward.py'},
[36m(TaskRunner pid=363808)[0m             'num_workers': 8,
[36m(TaskRunner pid=363808)[0m             'reward_manager': {'_target_': 'verl.workers.config.reward.RewardManagerConfig',
[36m(TaskRunner pid=363808)[0m                                'module': {'_target_': 'verl.trainer.config.config.ModuleConfig',
[36m(TaskRunner pid=363808)[0m                                           'name': 'custom_reward_manager',
[36m(TaskRunner pid=363808)[0m                                           'path': None},
[36m(TaskRunner pid=363808)[0m                                'name': 'naive',
[36m(TaskRunner pid=363808)[0m                                'source': 'register'},
[36m(TaskRunner pid=363808)[0m             'reward_model': {'_target_': 'verl.workers.config.RewardModelConfig',
[36m(TaskRunner pid=363808)[0m                              'enable': False,
[36m(TaskRunner pid=363808)[0m                              'enable_resource_pool': False,
[36m(TaskRunner pid=363808)[0m                              'model_path': None,
[36m(TaskRunner pid=363808)[0m                              'n_gpus_per_node': 8,
[36m(TaskRunner pid=363808)[0m                              'nnodes': 0,
[36m(TaskRunner pid=363808)[0m                              'rollout': {'_target_': 'verl.workers.config.RolloutConfig',
[36m(TaskRunner pid=363808)[0m                                          'cudagraph_capture_sizes': None,
[36m(TaskRunner pid=363808)[0m                                          'data_parallel_size': 1,
[36m(TaskRunner pid=363808)[0m                                          'disable_log_stats': True,
[36m(TaskRunner pid=363808)[0m                                          'disaggregation': {'bootstrap_port': None,
[36m(TaskRunner pid=363808)[0m                                                             'decode_replicas': 1,
[36m(TaskRunner pid=363808)[0m                                                             'decode_tensor_model_parallel_size': None,
[36m(TaskRunner pid=363808)[0m                                                             'enabled': False,
[36m(TaskRunner pid=363808)[0m                                                             'ib_device': None,
[36m(TaskRunner pid=363808)[0m                                                             'prefill_replicas': 1,
[36m(TaskRunner pid=363808)[0m                                                             'transfer_backend': 'nixl'},
[36m(TaskRunner pid=363808)[0m                                          'do_sample': True,
[36m(TaskRunner pid=363808)[0m                                          'dtype': 'bfloat16',
[36m(TaskRunner pid=363808)[0m                                          'enable_chunked_prefill': True,
[36m(TaskRunner pid=363808)[0m                                          'enable_prefix_caching': True,
[36m(TaskRunner pid=363808)[0m                                          'enforce_eager': True,
[36m(TaskRunner pid=363808)[0m                                          'engine_kwargs': {},
[36m(TaskRunner pid=363808)[0m                                          'expert_parallel_size': 1,
[36m(TaskRunner pid=363808)[0m                                          'free_cache_engine': True,
[36m(TaskRunner pid=363808)[0m                                          'full_determinism': False,
[36m(TaskRunner pid=363808)[0m                                          'gpu_memory_utilization': 0.5,
[36m(TaskRunner pid=363808)[0m                                          'ignore_eos': False,
[36m(TaskRunner pid=363808)[0m                                          'layered_summon': False,
[36m(TaskRunner pid=363808)[0m                                          'limit_images': None,
[36m(TaskRunner pid=363808)[0m                                          'load_format': 'auto',
[36m(TaskRunner pid=363808)[0m                                          'max_model_len': None,
[36m(TaskRunner pid=363808)[0m                                          'max_num_batched_tokens': 8192,
[36m(TaskRunner pid=363808)[0m                                          'max_num_seqs': 1024,
[36m(TaskRunner pid=363808)[0m                                          'mtp': None,
[36m(TaskRunner pid=363808)[0m                                          'multi_stage_wake_up': False,
[36m(TaskRunner pid=363808)[0m                                          'n': 1,
[36m(TaskRunner pid=363808)[0m                                          'name': '???',
[36m(TaskRunner pid=363808)[0m                                          'pipeline_model_parallel_size': 1,
[36m(TaskRunner pid=363808)[0m                                          'prompt_length': 2048,
[36m(TaskRunner pid=363808)[0m                                          'quantization': None,
[36m(TaskRunner pid=363808)[0m                                          'quantization_config_file': None,
[36m(TaskRunner pid=363808)[0m                                          'response_length': 2048,
[36m(TaskRunner pid=363808)[0m                                          'scheduling_policy': 'fcfs',
[36m(TaskRunner pid=363808)[0m                                          'seed': 42,
[36m(TaskRunner pid=363808)[0m                                          'skip_tokenizer_init': False,
[36m(TaskRunner pid=363808)[0m                                          'temperature': 1.0,
[36m(TaskRunner pid=363808)[0m                                          'tensor_model_parallel_size': 2,
[36m(TaskRunner pid=363808)[0m                                          'top_k': -1,
[36m(TaskRunner pid=363808)[0m                                          'top_p': 1}},
[36m(TaskRunner pid=363808)[0m             'sandbox_fusion': {'_target_': 'verl.workers.config.SandboxFusionConfig',
[36m(TaskRunner pid=363808)[0m                                'max_concurrent': 64,
[36m(TaskRunner pid=363808)[0m                                'memory_limit_mb': 1024,
[36m(TaskRunner pid=363808)[0m                                'url': None}},
[36m(TaskRunner pid=363808)[0m  'reward_model': {'enable': None,
[36m(TaskRunner pid=363808)[0m                   'enable_resource_pool': None,
[36m(TaskRunner pid=363808)[0m                   'model': {'external_lib': None,
[36m(TaskRunner pid=363808)[0m                             'path': None,
[36m(TaskRunner pid=363808)[0m                             'trust_remote_code': None},
[36m(TaskRunner pid=363808)[0m                   'n_gpus_per_node': None,
[36m(TaskRunner pid=363808)[0m                   'nnodes': None,
[36m(TaskRunner pid=363808)[0m                   'num_workers': None,
[36m(TaskRunner pid=363808)[0m                   'reward_loop_class_name': None,
[36m(TaskRunner pid=363808)[0m                   'reward_loop_module_path': None,
[36m(TaskRunner pid=363808)[0m                   'reward_loop_source': None,
[36m(TaskRunner pid=363808)[0m                   'reward_manager': None,
[36m(TaskRunner pid=363808)[0m                   'rollout': {'cudagraph_capture_sizes': None,
[36m(TaskRunner pid=363808)[0m                               'data_parallel_size': None,
[36m(TaskRunner pid=363808)[0m                               'disable_log_stats': None,
[36m(TaskRunner pid=363808)[0m                               'dtype': None,
[36m(TaskRunner pid=363808)[0m                               'enable_chunked_prefill': None,
[36m(TaskRunner pid=363808)[0m                               'enable_prefix_caching': None,
[36m(TaskRunner pid=363808)[0m                               'enforce_eager': None,
[36m(TaskRunner pid=363808)[0m                               'engine_kwargs': None,
[36m(TaskRunner pid=363808)[0m                               'expert_parallel_size': None,
[36m(TaskRunner pid=363808)[0m                               'free_cache_engine': None,
[36m(TaskRunner pid=363808)[0m                               'gpu_memory_utilization': None,
[36m(TaskRunner pid=363808)[0m                               'limit_images': None,
[36m(TaskRunner pid=363808)[0m                               'load_format': None,
[36m(TaskRunner pid=363808)[0m                               'max_model_len': None,
[36m(TaskRunner pid=363808)[0m                               'max_num_batched_tokens': None,
[36m(TaskRunner pid=363808)[0m                               'max_num_seqs': None,
[36m(TaskRunner pid=363808)[0m                               'name': None,
[36m(TaskRunner pid=363808)[0m                               'prompt_length': None,[36m(TaskRunner pid=363808)[0m /home/yw4636/.conda/envs/verl/lib/python3.12/site-packages/verl/trainer/main_ppo_v0.py:182: UserWarning: Disabled critic as algorithm.adv_estimator != gae. If it is not intended, please set critic.enable=True
[36m(TaskRunner pid=363808)[0m   use_critic=need_critic(config),

[36m(TaskRunner pid=363808)[0m                               'response_length': None,
[36m(TaskRunner pid=363808)[0m                               'skip_tokenizer_init': None,
[36m(TaskRunner pid=363808)[0m                               'tensor_model_parallel_size': None}},
[36m(TaskRunner pid=363808)[0m  'sandbox_fusion': {'max_concurrent': None,
[36m(TaskRunner pid=363808)[0m                     'memory_limit_mb': None,
[36m(TaskRunner pid=363808)[0m                     'url': None},
[36m(TaskRunner pid=363808)[0m  'skip': {'_target_': 'verl.utils.skip.SkipManagerConfig',
[36m(TaskRunner pid=363808)[0m           'async_rollout': {'action': 'cache',
[36m(TaskRunner pid=363808)[0m                             'dump_dir': '~/.verl/rollout_dump',
[36m(TaskRunner pid=363808)[0m                             'enable': False,
[36m(TaskRunner pid=363808)[0m                             'steps': []},
[36m(TaskRunner pid=363808)[0m           'rollout': {'action': 'cache',
[36m(TaskRunner pid=363808)[0m                       'dump_dir': '~/.verl/rollout_dump',
[36m(TaskRunner pid=363808)[0m                       'enable': False,
[36m(TaskRunner pid=363808)[0m                       'steps': []},
[36m(TaskRunner pid=363808)[0m           'rollout_tq': {'action': 'cache',
[36m(TaskRunner pid=363808)[0m                          'dump_dir': '~/.verl/rollout_dump',
[36m(TaskRunner pid=363808)[0m                          'enable': False,
[36m(TaskRunner pid=363808)[0m                          'steps': []}},
[36m(TaskRunner pid=363808)[0m  'trainer': {'balance_batch': True,
[36m(TaskRunner pid=363808)[0m              'critic_warmup': 0,
[36m(TaskRunner pid=363808)[0m              'default_hdfs_dir': None,
[36m(TaskRunner pid=363808)[0m              'default_local_dir': '/home/yw4636/agentic-tvg/results/grpo-smoke/ckpt',
[36m(TaskRunner pid=363808)[0m              'del_local_ckpt_after_load': False,
[36m(TaskRunner pid=363808)[0m              'device': 'cuda',
[36m(TaskRunner pid=363808)[0m              'esi_redundant_time': 0,
[36m(TaskRunner pid=363808)[0m              'experiment_name': 'grpo_smoke',
[36m(TaskRunner pid=363808)[0m              'log_val_generations': 0,
[36m(TaskRunner pid=363808)[0m              'logger': ['console', 'tensorboard'],
[36m(TaskRunner pid=363808)[0m              'max_actor_ckpt_to_keep': None,
[36m(TaskRunner pid=363808)[0m              'max_ckpt_to_keep': 1,
[36m(TaskRunner pid=363808)[0m              'max_critic_ckpt_to_keep': None,
[36m(TaskRunner pid=363808)[0m              'n_gpus_per_node': 1,
[36m(TaskRunner pid=363808)[0m              'nnodes': 1,
[36m(TaskRunner pid=363808)[0m              'project_name': 'agentic-tvg',
[36m(TaskRunner pid=363808)[0m              'ray_wait_register_center_timeout': 300,
[36m(TaskRunner pid=363808)[0m              'resume_from_path': None,
[36m(TaskRunner pid=363808)[0m              'resume_mode': 'auto',
[36m(TaskRunner pid=363808)[0m              'rollout_data_dir': '/home/yw4636/agentic-tvg/results/grpo-smoke/rollouts',
[36m(TaskRunner pid=363808)[0m              'save_freq': 10,
[36m(TaskRunner pid=363808)[0m              'test_freq': -1,
[36m(TaskRunner pid=363808)[0m              'total_epochs': 100,
[36m(TaskRunner pid=363808)[0m              'total_training_steps': 3,
[36m(TaskRunner pid=363808)[0m              'use_v1': False,
[36m(TaskRunner pid=363808)[0m              'v1': {'colocate_async': {'num_warmup_batches': 1},
[36m(TaskRunner pid=363808)[0m                     'sampler': {'custom_sampler': {'name': None, 'path': None},
[36m(TaskRunner pid=363808)[0m                                 'max_off_policy_strategy': 'drop',
[36m(TaskRunner pid=363808)[0m                                 'max_off_policy_threshold': 8,
[36m(TaskRunner pid=363808)[0m                                 'sampler_kwargs': {},
[36m(TaskRunner pid=363808)[0m                                 'sync_refill_failed_groups': False},
[36m(TaskRunner pid=363808)[0m                     'separate_async': {'num_warmup_batches': 1,
[36m(TaskRunner pid=363808)[0m                                        'parameter_sync_step': 4},
[36m(TaskRunner pid=363808)[0m                     'sync': {},
[36m(TaskRunner pid=363808)[0m                     'trainer_mode': 'sync'},
[36m(TaskRunner pid=363808)[0m              'val_before_train': False,
[36m(TaskRunner pid=363808)[0m              'val_only': False,
[36m(TaskRunner pid=363808)[0m              'validation_data_dir': '/home/yw4636/agentic-tvg/results/grpo-smoke/val_rollouts'},
[36m(TaskRunner pid=363808)[0m  'transfer_queue': {'backend': {'MooncakeStore': {'auto_init': False,
[36m(TaskRunner pid=363808)[0m                                                   'device_name': '',
[36m(TaskRunner pid=363808)[0m                                                   'global_segment_size': 4294967296,
[36m(TaskRunner pid=363808)[0m                                                   'local_buffer_size': 1073741824,
[36m(TaskRunner pid=363808)[0m                                                   'local_hostname': 'localhost',
[36m(TaskRunner pid=363808)[0m                                                   'master_server_address': 'localhost:50124',
[36m(TaskRunner pid=363808)[0m                                                   'metadata_server': 'localhost:50123',
[36m(TaskRunner pid=363808)[0m                                                   'protocol': 'tcp'},
[36m(TaskRunner pid=363808)[0m                                 'SimpleStorage': {'num_data_storage_units': 8,
[36m(TaskRunner pid=363808)[0m                                                   'total_storage_size': 100000},
[36m(TaskRunner pid=363808)[0m                                 'storage_backend': 'SimpleStorage'},
[36m(TaskRunner pid=363808)[0m                     'enable': False,
[36m(TaskRunner pid=363808)[0m                     'metrics': {'enabled': False, 'port': 0}}}
[36m(TaskRunner pid=363808)[0m WARNING: val_batch_size is deprecated. Validation datasets are sent to inference engines as a whole batch, which will schedule the memory themselves.
[36m(TaskRunner pid=363808)[0m [validate_config] All configuration checks passed successfully!
[36m(TaskRunner pid=363808)[0m Using dataset class: RLHFDataset
[36m(TaskRunner pid=363808)[0m {
[36m(TaskRunner pid=363808)[0m   "type": "function",
[36m(TaskRunner pid=363808)[0m   "function": {
[36m(TaskRunner pid=363808)[0m     "name": "crop_video",
[36m(TaskRunner pid=363808)[0m     "description": "Inspect a time interval of the current video closely: returns 30 higher-resolution frames sampled evenly from [start_time, end_time], each labeled with its timestamp in seconds.",
[36m(TaskRunner pid=363808)[0m     "parameters": {
[36m(TaskRunner pid=363808)[0m       "type": "object",
[36m(TaskRunner pid=363808)[0m       "properties": {
[36m(TaskRunner pid=363808)[0m         "start_time": {
[36m(TaskRunner pid=363808)[0m           "type": "number",
[36m(TaskRunner pid=363808)[0m           "description": "Interval start in seconds, >= 0."
[36m(TaskRunner pid=363808)[0m         },
[36m(TaskRunner pid=363808)[0m         "end_time": {
[36m(TaskRunner pid=363808)[0m           "type": "number",
[36m(TaskRunner pid=363808)[0m           "description": "Interval end in seconds, > start_time, <= video duration."
[36m(TaskRunner pid=363808)[0m         }
[36m(TaskRunner pid=363808)[0m       },
[36m(TaskRunner pid=363808)[0m       "required": [
[36m(TaskRunner pid=363808)[0m         "start_time",
[36m(TaskRunner pid=363808)[0m         "end_time"
[36m(TaskRunner pid=363808)[0m       ]
[36m(TaskRunner pid=363808)[0m     }
[36m(TaskRunner pid=363808)[0m   }
[36m(TaskRunner pid=363808)[0m }
[36m(TaskRunner pid=363808)[0m dataset len: 1068
[36m(TaskRunner pid=363808)[0m Using dataset class: RLHFDataset
[36m(TaskRunner pid=363808)[0m {
[36m(TaskRunner pid=363808)[0m   "type": "function",
[36m(TaskRunner pid=363808)[0m   "function": {
[36m(TaskRunner pid=363808)[0m     "name": "crop_video",
[36m(TaskRunner pid=363808)[0m     "description": "Inspect a time interval of the current video closely: returns 30 higher-resolution frames sampled evenly from [start_time, end_time], each labeled with its timestamp in seconds.",[36m(TaskRunner pid=363808)[0m /home/yw4636/.conda/envs/verl/lib/python3.12/site-packages/verl/trainer/main_ppo_v0.py:218: FutureWarning: Warning: Class 'verl.trainer.ppo.ray_trainer.RayPPOTrainer' is deprecated. Please use 'Legacy trainer is deprecated, and wil be removed in v0.9.0. Please use `trainer.use_v1=True` instead.' instead.
[36m(TaskRunner pid=363808)[0m   trainer = RayPPOTrainer(
[36m(TaskRunner pid=363808)[0m /home/yw4636/.conda/envs/verl/lib/python3.12/site-packages/verl/trainer/ppo/ray_trainer.py:348: UserWarning: Disabled critic as algorithm.adv_estimator != gae. If it is not intended, please set critic.enable=True
[36m(TaskRunner pid=363808)[0m   self.use_critic = need_critic(self.config)
[36m(WorkerDict pid=364119)[0m /home/yw4636/.conda/envs/verl/lib/python3.12/site-packages/verl/workers/engine/__init__.py:31: UserWarning: torchtitan engine is not available: ModuleNotFoundError("No module named 'torchtitan'")
[36m(WorkerDict pid=364119)[0m   warnings.warn(f"torchtitan engine is not available: {e!r}", stacklevel=1)
[36m(WorkerDict pid=364119)[0m /home/yw4636/.conda/envs/verl/lib/python3.12/site-packages/verl/workers/engine/__init__.py:40: UserWarning: veomni engine is not available: ModuleNotFoundError("No module named 'veomni'")
[36m(WorkerDict pid=364119)[0m   warnings.warn(f"veomni engine is not available: {e!r}", stacklevel=1)
[36m(WorkerDict pid=364119)[0m /home/yw4636/.conda/envs/verl/lib/python3.12/site-packages/verl/workers/engine/__init__.py:49: UserWarning: automodel engine is not available: ModuleNotFoundError("No module named 'nemo_automodel'")
[36m(WorkerDict pid=364119)[0m   warnings.warn(f"automodel engine is not available: {e!r}", stacklevel=1)
[36m(WorkerDict pid=364119)[0m /home/yw4636/.conda/envs/verl/lib/python3.12/site-packages/verl/workers/engine/mindspeed/transformer_impl.py:24: UserWarning: NPU not support router replay for now.
[36m(WorkerDict pid=364119)[0m   from verl.utils.megatron.router_replay_patch import RouterReplay
[36m(WorkerDict pid=364119)[0m /home/yw4636/.conda/envs/verl/lib/python3.12/site-packages/verl/workers/engine/__init__.py:59: UserWarning: mindspeed engine is not available: ModuleNotFoundError("No module named 'megatron'")
[36m(WorkerDict pid=364119)[0m   warnings.warn(f"mindspeed engine is not available: {e!r}", stacklevel=1)
[36m(WorkerDict pid=364119)[0m /home/yw4636/.conda/envs/verl/lib/python3.12/site-packages/verl/workers/engine/__init__.py:69: UserWarning: megatron engine is not available: ModuleNotFoundError("No module named 'megatron'")
[36m(WorkerDict pid=364119)[0m   warnings.warn(f"megatron engine is not available: {e!r}", stacklevel=1)
[36m(WorkerDict pid=364119)[0m [transformers] Flash Attention 2 only supports torch.float16 and torch.bfloat16 dtypes, but the current dype in Qwen3VLForConditionalGeneration is torch.float32. You should run training or inference using Automatic Mixed-Precision via the `with torch.autocast(device_type='torch_device'):` decorator, or load the model with the `dtype` argument. Example: `model = AutoModel.from_pretrained("meta-llama/Llama-3.2-1B", attn_implementation="flash_attention_2", dtype=torch.float16)`
[36m(WorkerDict pid=364119)[0m [transformers] Flash Attention 2 only supports torch.float16 and torch.bfloat16 dtypes, but the current dype in Qwen3VLModel is torch.float32. You should run training or inference using Automatic Mixed-Precision via the `with torch.autocast(device_type='torch_device'):` decorator, or load the model with the `dtype` argument. Example: `model = AutoModel.from_pretrained("meta-llama/Llama-3.2-1B", attn_implementation="flash_attention_2", dtype=torch.float16)`
[36m(WorkerDict pid=364119)[0m [transformers] Flash Attention 2 only supports torch.float16 and torch.bfloat16 dtypes, but the current dype in Qwen3VLVisionModel is torch.float32. You should run training or inference using Automatic Mixed-Precision via the `with torch.autocast(device_type='torch_device'):` decorator, or load the model with the `dtype` argument. Example: `model = AutoModel.from_pretrained("meta-llama/Llama-3.2-1B", attn_implementation="flash_attention_2", dtype=torch.float16)`
[36m(WorkerDict pid=364119)[0m [transformers] Flash Attention 2 only supports torch.float16 and torch.bfloat16 dtypes, but the current dype in Qwen3VLTextModel is torch.float32. You should run training or inference using Automatic Mixed-Precision via the `with torch.autocast(device_type='torch_device'):` decorator, or load the model with the `dtype` argument. Example: `model = AutoModel.from_pretrained("meta-llama/Llama-3.2-1B", attn_implementation="flash_attention_2", dtype=torch.float16)`
[36m(WorkerDict pid=364119)[0m Loading weights:   0%|          | 0/713 [00:00<?, ?it/s]
[36m(WorkerDict pid=364119)[0m Loading weights:   0%|          | 1/713 [00:02<32:49,  2.77s/it]
[36m(WorkerDict pid=364119)[0m Loading weights:  17%|█▋        | 124/713 [00:02<00:10, 57.47it/s]
[36m(WorkerDict pid=364119)[0m Loading weights:  22%|██▏       | 158/713 [00:03<00:09, 56.67it/s]
[36m(WorkerDict pid=364119)[0m Loading weights:  25%|██▌       | 179/713 [00:03<00:09, 56.67it/s]
[36m(WorkerDict pid=364119)[0m Loading weights:  27%|██▋       | 194/713 [00:04<00:08, 58.48it/s]
[36m(WorkerDict pid=364119)[0m Loading weights:  29%|██▉       | 206/713 [00:04<00:08, 59.03it/s]
[36m(WorkerDict pid=364119)[0m Loading weights:  30%|███       | 216/713 [00:04<00:08, 57.83it/s]
[36m(WorkerDict pid=364119)[0m Loading weights:  32%|███▏      | 225/713 [00:04<00:08, 55.24it/s]
[36m(WorkerDict pid=364119)[0m Loading weights:  33%|███▎      | 234/713 [00:04<00:08, 53.35it/s]
[36m(WorkerDict pid=364119)[0m Loading weights:  34%|███▍      | 245/713 [00:05<00:08, 54.04it/s]
[36m(WorkerDict pid=364119)[0m Loading weights:  36%|███▌      | 256/713 [00:05<00:08, 55.38it/s]
[36m(WorkerDict pid=364119)[0m Loading weights:  39%|███▉      | 278/713 [00:05<00:05, 76.86it/s]
[36m(WorkerDict pid=364119)[0m Loading weights:  42%|████▏     | 300/713 [00:05<00:04, 100.37it/s]
[36m(WorkerDict pid=364119)[0m Loading weights:  45%|████▌     | 322/713 [00:05<00:03, 122.31it/s]
[36m(WorkerDict pid=364119)[0m Loading weights:  48%|████▊     | 344/713 [00:05<00:03, 121.99it/s]
[36m(WorkerDict pid=364119)[0m Loading weights:  50%|█████     | 358/713 [00:06<00:03, 98.56it/s] 
[36m(WorkerDict pid=364119)[0m Loading weights:  52%|█████▏    | 370/713 [00:06<00:03, 89.05it/s]
[36m(WorkerDict pid=364119)[0m Loading weights:  53%|█████▎    | 381/713 [00:06<00:04, 79.01it/s]
[36m(WorkerDict pid=364119)[0m Loading weights:  55%|█████▍    | 390/713 [00:06<00:04, 69.22it/s]
[36m(WorkerDict pid=364119)[0m Loading weights:  62%|██████▏   | 440/713 [00:06<00:01, 148.01it/s]
[36m(WorkerDict pid=364119)[0m Loading weights:  73%|███████▎  | 524/713 [00:06<00:00, 285.34it/s]
[36m(WorkerDict pid=364119)[0m Loading weights:  81%|████████  | 574/713 [00:07<00:00, 327.57it/s]
[36m(WorkerDict pid=364119)[0m Loading weights:  88%|████████▊ | 628/713 [00:07<00:00, 378.50it/s]
[36m(WorkerDict pid=364119)[0m Loading weights:  94%|█████████▍| 672/713 [00:07<00:00, 385.17it/s]
[36m(WorkerDict pid=364119)[0m Loading weights: 100%|██████████| 713/713 [00:07<00:00, 97.34it/s] 
[36m(WorkerDict pid=364119)[0m WARNING:2026-08-27 03:28:37,874:Setting the sleep level to 1 may cause a memory overflow.
[36m(vLLMHttpServer pid=364712)[0m [transformers] The `use_fast` parameter is deprecated and will be removed in a future version. Use `backend="torchvision"` instead of `use_fast=True`, or `backend="pil"` instead of `use_fast=False`.
[36m(vLLMHttpServer pid=364712)[0m (Worker pid=365482) [transformers] The `use_fast` parameter is deprecated and will be removed in a future version. Use `backend="torchvision"` instead of `use_fast=True`, or `backend="pil"` instead of `use_fast=False`.
[36m(vLLMHttpServer pid=364712)[0m (Worker pid=365482) Loading safetensors checkpoint shards:   0% Completed | 0/1 [00:00<?, ?it/s]
[36m(vLLMHttpServer pid=364712)[0m (Worker pid=365482) Loading safetensors checkpoint shards: 100% Completed | 1/1 [00:01<00:00,  1.17s/it]
[36m(vLLMHttpServer pid=364712)[0m (Worker pid=365482) Loading safetensors checkpoint shards: 100% Completed | 1/1 [00:01<00:00,  1.17s/it]
[36m(vLLMHttpServer pid=364712)[0m (Worker pid=365482) 

[36m(TaskRunner pid=363808)[0m     "parameters": {
[36m(TaskRunner pid=363808)[0m       "type": "object",
[36m(TaskRunner pid=363808)[0m       "properties": {
[36m(TaskRunner pid=363808)[0m         "start_time": {
[36m(TaskRunner pid=363808)[0m           "type": "number",
[36m(TaskRunner pid=363808)[0m           "description": "Interval start in seconds, >= 0."
[36m(TaskRunner pid=363808)[0m         },
[36m(TaskRunner pid=363808)[0m         "end_time": {
[36m(TaskRunner pid=363808)[0m           "type": "number",
[36m(TaskRunner pid=363808)[0m           "description": "Interval end in seconds, > start_time, <= video duration."
[36m(TaskRunner pid=363808)[0m         }
[36m(TaskRunner pid=363808)[0m       },
[36m(TaskRunner pid=363808)[0m       "required": [
[36m(TaskRunner pid=363808)[0m         "start_time",
[36m(TaskRunner pid=363808)[0m         "end_time"
[36m(TaskRunner pid=363808)[0m       ]
[36m(TaskRunner pid=363808)[0m     }
[36m(TaskRunner pid=363808)[0m   }
[36m(TaskRunner pid=363808)[0m }
[36m(TaskRunner pid=363808)[0m dataset len: 114
[36m(TaskRunner pid=363808)[0m Size of train dataloader: 133, Size of val dataloader: 57
[36m(TaskRunner pid=363808)[0m Total training steps: 3
[36m(TaskRunner pid=363808)[0m colocated worker base class <class 'verl.single_controller.base.worker.Worker'>
[36m(WorkerDict pid=364119)[0m Warning: Failed to set NUMA affinity: libnuma.so: cannot open shared object file: No such file or directory
[36m(WorkerDict pid=364119)[0m Monkey patch Qwen3VLForConditionalGeneration model forward
[36m(WorkerDict pid=364119)[0m Monkey patch _flash_attention_forward in transformers.integrations.flash_attention
[36m(WorkerDict pid=364119)[0m Skipping monkey patch for Qwen3VLForConditionalGeneration as use_fused_kernels is False or fused_kernels_backend is torch
[36m(WorkerDict pid=364119)[0m PeftModelForCausalLM contains 4.47B parameters
[36m(WorkerDict pid=364119)[0m Before FSDP, memory allocated (GB): 0.00, memory reserved (GB): 0.00, device memory used/total (GB): 0.41/79.27
[36m(WorkerDict pid=364119)[0m After FSDP, memory allocated (GB): 16.76, memory reserved (GB): 18.74, device memory used/total (GB): 19.67/79.27
[36m(WorkerDict pid=364119)[0m Total steps: 3, num_warmup_steps: 0
[36m(vLLMHttpServer pid=364712)[0m ['serve',
[36m(vLLMHttpServer pid=364712)[0m  '/home/yw4636/agentic-tvg/results/sft-mix/merged',
[36m(vLLMHttpServer pid=364712)[0m  '--dtype',
[36m(vLLMHttpServer pid=364712)[0m  'bfloat16',
[36m(vLLMHttpServer pid=364712)[0m  '--load_format',
[36m(vLLMHttpServer pid=364712)[0m  'safetensors',
[36m(vLLMHttpServer pid=364712)[0m  '--distributed_executor_backend',
[36m(vLLMHttpServer pid=364712)[0m  'mp',
[36m(vLLMHttpServer pid=364712)[0m  '--worker_extension_cls',
[36m(vLLMHttpServer pid=364712)[0m  'verl.workers.rollout.vllm_rollout.utils.vLLMColocateWorkerExtension',
[36m(vLLMHttpServer pid=364712)[0m  '--max_model_len',
[36m(vLLMHttpServer pid=364712)[0m  '20992',
[36m(vLLMHttpServer pid=364712)[0m  '--max_num_seqs',
[36m(vLLMHttpServer pid=364712)[0m  '256',
[36m(vLLMHttpServer pid=364712)[0m  '--enable_chunked_prefill',
[36m(vLLMHttpServer pid=364712)[0m  '--max_num_batched_tokens',
[36m(vLLMHttpServer pid=364712)[0m  '24576',
[36m(vLLMHttpServer pid=364712)[0m  '--enable_prefix_caching',
[36m(vLLMHttpServer pid=364712)[0m  '--enable_sleep_mode',
[36m(vLLMHttpServer pid=364712)[0m  '--logprobs_mode',
[36m(vLLMHttpServer pid=364712)[0m  'processed_logprobs',
[36m(vLLMHttpServer pid=364712)[0m  '--gpu_memory_utilization',
[36m(vLLMHttpServer pid=364712)[0m  '0.65',
[36m(vLLMHttpServer pid=364712)[0m  '--disable_log_stats',
[36m(vLLMHttpServer pid=364712)[0m  '--tensor_parallel_size',
[36m(vLLMHttpServer pid=364712)[0m  '1',
[36m(vLLMHttpServer pid=364712)[0m  '--seed',
[36m(vLLMHttpServer pid=364712)[0m  '42',
[36m(vLLMHttpServer pid=364712)[0m  '--override_generation_config',
[36m(vLLMHttpServer pid=364712)[0m  '{"temperature": 1.0, "top_k": -1, "top_p": 1, "repetition_penalty": 1.0, '
[36m(vLLMHttpServer pid=364712)[0m  '"max_new_tokens": 16384}',
[36m(vLLMHttpServer pid=364712)[0m  '--hf_overrides',
[36m(vLLMHttpServer pid=364712)[0m  '{}',
[36m(vLLMHttpServer pid=364712)[0m  '--scheduling_policy',
[36m(vLLMHttpServer pid=364712)[0m  'fcfs',
[36m(vLLMHttpServer pid=364712)[0m  '--compilation_config',
[36m(vLLMHttpServer pid=364712)[0m  '{"cudagraph_mode": "FULL_AND_PIECEWISE"}',
[36m(vLLMHttpServer pid=364712)[0m  '--mm_processor_kwargs',
[36m(vLLMHttpServer pid=364712)[0m  '{"max_pixels": 150528}',
[36m(vLLMHttpServer pid=364712)[0m  '--limit_mm_per_prompt',
[36m(vLLMHttpServer pid=364712)[0m  '{"image": 112}',
[36m(vLLMHttpServer pid=364712)[0m  '--enable_lora',
[36m(vLLMHttpServer pid=364712)[0m  '--max_loras',
[36m(vLLMHttpServer pid=364712)[0m  '1',
[36m(vLLMHttpServer pid=364712)[0m  '--max_lora_rank',
[36m(vLLMHttpServer pid=364712)[0m  '16']
[36m(vLLMHttpServer pid=364712)[0m WARNING 08-27 03:28:53 [system_utils.py:157] We must use the `spawn` multiprocessing start method. Overriding VLLM_WORKER_MULTIPROC_METHOD to 'spawn'. See https://docs.vllm.ai/en/latest/usage/troubleshooting.html#python-multiprocessing for more information. Reasons: In a Ray actor and can only be spawned; CUDA is initialized
[36m(vLLMHttpServer pid=364712)[0m (Worker pid=365482) WARNING 08-27 03:29:14 [model_manager.py:401] Regarding Qwen3VLForConditionalGeneration, no matching PunicaWrapper is found; visual.patch_embed.proj will be ignored.
[36m(vLLMHttpServer pid=364712)[0m (Worker pid=365482) WARNING 08-27 03:29:14 [model_manager.py:401] Regarding Qwen3VLForConditionalGeneration, no matching PunicaWrapper is found; visual.merger.linear_fc1 will be ignored.
[36m(vLLMHttpServer pid=364712)[0m (Worker pid=365482) WARNING 08-27 03:29:14 [model_manager.py:401] Regarding Qwen3VLForConditionalGeneration, no matching PunicaWrapper is found; visual.merger.linear_fc2 will be ignored.
[36m(vLLMHttpServer pid=364712)[0m (Worker pid=365482) WARNING 08-27 03:29:14 [model_manager.py:401] Regarding Qwen3VLForConditionalGeneration, no matching PunicaWrapper is found; visual.deepstack_merger_list.0.linear_fc1 will be ignored.
[36m(vLLMHttpServer pid=364712)[0m (Worker pid=365482) WARNING 08-27 03:29:14 [model_manager.py:401] Regarding Qwen3VLForConditionalGeneration, no matching PunicaWrapper is found; visual.deepstack_merger_list.0.linear_fc2 will be ignored.
[36m(vLLMHttpServer pid=364712)[0m (Worker pid=365482) WARNING 08-27 03:29:14 [model_manager.py:401] Regarding Qwen3VLForConditionalGeneration, no matching PunicaWrapper is found; visual.deepstack_merger_list.1.linear_fc1 will be ignored.
[36m(vLLMHttpServer pid=364712)[0m (Worker pid=365482) WARNING 08-27 03:29:14 [model_manager.py:401] Regarding Qwen3VLForConditionalGeneration, no matching PunicaWrapper is found; visual.deepstack_merger_list.1.linear_fc2 will be ignored.
[36m(vLLMHttpServer pid=364712)[0m (Worker pid=365482) WARNING 08-27 03:29:14 [model_manager.py:401] Regarding Qwen3VLForConditionalGeneration, no matching PunicaWrapper is found; visual.deepstack_merger_list.2.linear_fc1 will be ignored.
[36m(vLLMHttpServer pid=364712)[0m (Worker pid=365482) WARNING 08-27 03:29:14 [model_manager.py:401] Regarding Qwen3VLForConditionalGeneration, no matching PunicaWrapper is found; visual.deepstack_merger_list.2.linear_fc2 will be ignored.
[36m(vLLMHttpServer pid=364712)[0m (Worker pid=365482) WARNING 08-27 03:29:14 [model_manager.py:401] Regarding Qwen3VLForConditionalGeneration, no matching PunicaWrapper is found; visual.blocks.0.attn.qkv will be ignored.
[36m(vLLMHttpServer pid=364712)[0m (Worker pid=365482) WARNING 08-27 03:29:14 [model_manager.py:401] Regarding Qwen3VLForConditionalGeneration, no matching PunicaWrapper is found; visual.blocks.0.attn.proj will be ignored.
[36m(vLLMHttpServer pid=364712)[0m (Worker pid=365482) WARNING 08-27 03:29:14 [model_manager.py:401] Regarding Qwen3VLForConditionalGeneration, no matching PunicaWrapper is found; visual.blocks.0.mlp.linear_fc1 will be ignored.
[36m(vLLMHttpServer pid=364712)[0m (Worker pid=365482) WARNING 08-27 03:29:14 [model_manager.py:401] Regarding Qwen3VLForConditionalGeneration, no matching PunicaWrapper is found; visual.blocks.0.mlp.linear_fc2 will be ignored.
[36m(vLLMHttpServer pid=364712)[0m (Worker pid=365482) WARNING 08-27 03:29:14 [model_manager.py:401] Regarding Qwen3VLForConditionalGeneration, no matching PunicaWrapper is found; visual.blocks.1.attn.qkv will be ignored.
[36m(vLLMHttpServer pid=364712)[0m (Worker pid=365482) WARNING 08-27 03:29:14 [model_manager.py:401] Regarding Qwen3VLForConditionalGeneration, no matching PunicaWrapper is found; visual.blocks.1.attn.proj will be ignored.
[36m(vLLMHttpServer pid=364712)[0m (Worker pid=365482) WARNING 08-27 03:29:14 [model_manager.py:401] Regarding Qwen3VLForConditionalGeneration, no matching PunicaWrapper is found; visual.blocks.1.mlp.linear_fc1 will be ignored.
[36m(vLLMHttpServer pid=364712)[0m (Worker pid=365482) WARNING 08-27 03:29:14 [model_manager.py:401] Regarding Qwen3VLForConditionalGeneration, no matching PunicaWrapper is found; visual.blocks.1.mlp.linear_fc2 will be ignored.
[36m(vLLMHttpServer pid=364712)[0m (Worker pid=365482) WARNING 08-27 03:29:14 [model_manager.py:401] Regarding Qwen3VLForConditionalGeneration, no matching PunicaWrapper is found; visual.blocks.2.attn.qkv will be ignored.
[36m(vLLMHttpServer pid=364712)[0m (Worker pid=365482) WARNING 08-27 03:29:14 [model_manager.py:401] Regarding Qwen3VLForConditionalGeneration, no matching PunicaWrapper is found; visual.blocks.2.attn.proj will be ignored.
[36m(vLLMHttpServer pid=364712)[0m (Worker pid=365482) WARNING 08-27 03:29:14 [model_manager.py:401] Regarding Qwen3VLForConditionalGeneration, no matching PunicaWrapper is found; visual.blocks.2.mlp.linear_fc1 will be ignored.
[36m(vLLMHttpServer pid=364712)[0m (Worker pid=365482) WARNING 08-27 03:29:14 [model_manager.py:401] Regarding Qwen3VLForConditionalGeneration, no matching PunicaWrapper is found; visual.blocks.2.mlp.linear_fc2 will be ignored.
[36m(vLLMHttpServer pid=364712)[0m (Worker pid=365482) WARNING 08-27 03:29:14 [model_manager.py:401] Regarding Qwen3VLForConditionalGeneration, no matching PunicaWrapper is found; visual.blocks.3.attn.qkv will be ignored.
[36m(vLLMHttpServer pid=364712)[0m (Worker pid=365482) WARNING 08-27 03:29:14 [model_manager.py:401] Regarding Qwen3VLForConditionalGeneration, no matching PunicaWrapper is found; visual.blocks.3.attn.proj will be ignored.
[36m(vLLMHttpServer pid=364712)[0m (Worker pid=365482) WARNING 08-27 03:29:14 [model_manager.py:401] Regarding Qwen3VLForConditionalGeneration, no matching PunicaWrapper is found; visual.blocks.3.mlp.linear_fc1 will be ignored.
[36m(vLLMHttpServer pid=364712)[0m (Worker pid=365482) WARNING 08-27 03:29:14 [model_manager.py:401] Regarding Qwen3VLForConditionalGeneration, no matching PunicaWrapper is found; visual.blocks.3.mlp.linear_fc2 will be ignored.
[36m(vLLMHttpServer pid=364712)[0m (Worker pid=365482) WARNING 08-27 03:29:14 [model_manager.py:401] Regarding Qwen3VLForConditionalGeneration, no matching PunicaWrapper is found; visual.blocks.4.attn.qkv will be ignored.
[36m(vLLMHttpServer pid=364712)[0m (Worker pid=365482) WARNING 08-27 03:29:14 [model_manager.py:401] Regarding Qwen3VLForConditionalGeneration, no matching PunicaWrapper is found; visual.blocks.4.attn.proj will be ignored.
[36m(vLLMHttpServer pid=364712)[0m (Worker pid=365482) WARNING 08-27 03:29:14 [model_manager.py:401] Regarding Qwen3VLForConditionalGeneration, no matching PunicaWrapper is found; visual.blocks.4.mlp.linear_fc1 will be ignored.
[36m(vLLMHttpServer pid=364712)[0m (Worker pid=365482) WARNING 08-27 03:29:14 [model_manager.py:401] Regarding Qwen3VLForConditionalGeneration, no matching PunicaWrapper is found; visual.blocks.4.mlp.linear_fc2 will be ignored.
[36m(vLLMHttpServer pid=364712)[0m (Worker pid=365482) WARNING 08-27 03:29:14 [model_manager.py:401] Regarding Qwen3VLForConditionalGeneration, no matching PunicaWrapper is found; visual.blocks.5.attn.qkv will be ignored.
[36m(vLLMHttpServer pid=364712)[0m (Worker pid=365482) WARNING 08-27 03:29:14 [model_manager.py:401] Regarding Qwen3VLForConditionalGeneration, no matching PunicaWrapper is found; visual.blocks.5.attn.proj will be ignored.
[36m(vLLMHttpServer pid=364712)[0m (Worker pid=365482) WARNING 08-27 03:29:14 [model_manager.py:401] Regarding Qwen3VLForConditionalGeneration, no matching PunicaWrapper is found; visual.blocks.5.mlp.linear_fc1 will be ignored.
[36m(vLLMHttpServer pid=364712)[0m (Worker pid=365482) WARNING 08-27 03:29:14 [model_manager.py:401] Regarding Qwen3VLForConditionalGeneration, no matching PunicaWrapper is found; visual.blocks.5.mlp.linear_fc2 will be ignored.
[36m(vLLMHttpServer pid=364712)[0m (Worker pid=365482) WARNING 08-27 03:29:14 [model_manager.py:401] Regarding Qwen3VLForConditionalGeneration, no matching PunicaWrapper is found; visual.blocks.6.attn.qkv will be ignored.
[36m(vLLMHttpServer pid=364712)[0m (Worker pid=365482) WARNING 08-27 03:29:14 [model_manager.py:401] Regarding Qwen3VLForConditionalGeneration, no matching PunicaWrapper is found; visual.blocks.6.attn.proj will be ignored.
[36m(vLLMHttpServer pid=364712)[0m (Worker pid=365482) WARNING 08-27 03:29:14 [model_manager.py:401] Regarding Qwen3VLForConditionalGeneration, no matching PunicaWrapper is found; visual.blocks.6.mlp.linear_fc1 will be ignored.
[36m(vLLMHttpServer pid=364712)[0m (Worker pid=365482) WARNING 08-27 03:29:14 [model_manager.py:401] Regarding Qwen3VLForConditionalGeneration, no matching PunicaWrapper is found; visual.blocks.6.mlp.linear_fc2 will be ignored.
[36m(vLLMHttpServer pid=364712)[0m (Worker pid=365482) WARNING 08-27 03:29:14 [model_manager.py:401] Regarding Qwen3VLForConditionalGeneration, no matching PunicaWrapper is found; visual.blocks.7.attn.qkv will be ignored.
[36m(vLLMHttpServer pid=364712)[0m (Worker pid=365482) WARNING 08-27 03:29:14 [model_manager.py:401] Regarding Qwen3VLForConditionalGeneration, no matching PunicaWrapper is found; visual.blocks.7.attn.proj will be ignored.
[36m(vLLMHttpServer pid=364712)[0m (Worker pid=365482) WARNING 08-27 03:29:14 [model_manager.py:401] Regarding Qwen3VLForConditionalGeneration, no matching PunicaWrapper is found; visual.blocks.7.mlp.linear_fc1 will be ignored.
[36m(vLLMHttpServer pid=364712)[0m (Worker pid=365482) WARNING 08-27 03:29:14 [model_manager.py:401] Regarding Qwen3VLForConditionalGeneration, no matching PunicaWrapper is found; visual.blocks.7.mlp.linear_fc2 will be ignored.
[36m(vLLMHttpServer pid=364712)[0m (Worker pid=365482) WARNING 08-27 03:29:14 [model_manager.py:401] Regarding Qwen3VLForConditionalGeneration, no matching PunicaWrapper is found; visual.blocks.8.attn.qkv will be ignored.
[36m(vLLMHttpServer pid=364712)[0m (Worker pid=365482) WARNING 08-27 03:29:14 [model_manager.py:401] Regarding Qwen3VLForConditionalGeneration, no matching PunicaWrapper is found; visual.blocks.8.attn.proj will be ignored.
[36m(vLLMHttpServer pid=364712)[0m (Worker pid=365482) WARNING 08-27 03:29:14 [model_manager.py:401] Regarding Qwen3VLForConditionalGeneration, no matching PunicaWrapper is found; visual.blocks.8.mlp.linear_fc1 will be ignored.
[36m(vLLMHttpServer pid=364712)[0m (Worker pid=365482) WARNING 08-27 03:29:14 [model_manager.py:401] Regarding Qwen3VLForConditionalGeneration, no matching PunicaWrapper is found; visual.blocks.8.mlp.linear_fc2 will be ignored.
[36m(vLLMHttpServer pid=364712)[0m (Worker pid=365482) WARNING 08-27 03:29:14 [model_manager.py:401] Regarding Qwen3VLForConditionalGeneration, no matching PunicaWrapper is found; visual.blocks.9.attn.qkv will be ignored.
[36m(vLLMHttpServer pid=364712)[0m (Worker pid=365482) WARNING 08-27 03:29:14 [model_manager.py:401] Regarding Qwen3VLForConditionalGeneration, no matching PunicaWrapper is found; visual.blocks.9.attn.proj will be ignored.
[36m(vLLMHttpServer pid=364712)[0m (Worker pid=365482) WARNING 08-27 03:29:14 [model_manager.py:401] Regarding Qwen3VLForConditionalGeneration, no matching PunicaWrapper is found; visual.blocks.9.mlp.linear_fc1 will be ignored.
[36m(vLLMHttpServer pid=364712)[0m (Worker pid=365482) WARNING 08-27 03:29:14 [model_manager.py:401] Regarding Qwen3VLForConditionalGeneration, no matching PunicaWrapper is found; visual.blocks.9.mlp.linear_fc2 will be ignored.
[36m(vLLMHttpServer pid=364712)[0m (Worker pid=365482) WARNING 08-27 03:29:14 [model_manager.py:401] Regarding Qwen3VLForConditionalGeneration, no matching PunicaWrapper is found; visual.blocks.10.attn.qkv will be ignored.
[36m(vLLMHttpServer pid=364712)[0m (Worker pid=365482) WARNING 08-27 03:29:14 [model_manager.py:401] Regarding Qwen3VLForConditionalGeneration, no matching PunicaWrapper is found; visual.blocks.10.attn.proj will be ignored.
[36m(vLLMHttpServer pid=364712)[0m (Worker pid=365482) WARNING 08-27 03:29:14 [model_manager.py:401] Regarding Qwen3VLForConditionalGeneration, no matching PunicaWrapper is found; visual.blocks.10.mlp.linear_fc1 will be ignored.
[36m(vLLMHttpServer pid=364712)[0m (Worker pid=365482) WARNING 08-27 03:29:14 [model_manager.py:401] Regarding Qwen3VLForConditionalGeneration, no matching PunicaWrapper is found; visual.blocks.10.mlp.linear_fc2 will be ignored.
[36m(vLLMHttpServer pid=364712)[0m (Worker pid=365482) WARNING 08-27 03:29:14 [model_manager.py:401] Regarding Qwen3VLForConditionalGeneration, no matching PunicaWrapper is found; visual.blocks.11.attn.qkv will be ignored.
[36m(vLLMHttpServer pid=364712)[0m (Worker pid=365482) WARNING 08-27 03:29:14 [model_manager.py:401] Regarding Qwen3VLForConditionalGeneration, no matching PunicaWrapper is found; visual.blocks.11.attn.proj will be ignored.
[36m(vLLMHttpServer pid=364712)[0m (Worker pid=365482) WARNING 08-27 03:29:14 [model_manager.py:401] Regarding Qwen3VLForConditionalGeneration, no matching PunicaWrapper is found; visual.blocks.11.mlp.linear_fc1 will be ignored.
[36m(vLLMHttpServer pid=364712)[0m (Worker pid=365482) WARNING 08-27 03:29:14 [model_manager.py:401] Regarding Qwen3VLForConditionalGeneration, no matching PunicaWrapper is found; visual.blocks.11.mlp.linear_fc2 will be ignored.
[36m(vLLMHttpServer pid=364712)[0m (Worker pid=365482) WARNING 08-27 03:29:14 [model_manager.py:401] Regarding Qwen3VLForConditionalGeneration, no matching PunicaWrapper is found; visual.blocks.12.attn.qkv will be ignored.
[36m(vLLMHttpServer pid=364712)[0m (Worker pid=365482) WARNING 08-27 03:29:14 [model_manager.py:401] Regarding Qwen3VLForConditionalGeneration, no matching PunicaWrapper is found; visual.blocks.12.attn.proj will be ignored.
[36m(vLLMHttpServer pid=364712)[0m (Worker pid=365482) WARNING 08-27 03:29:14 [model_manager.py:401] Regarding Qwen3VLForConditionalGeneration, no matching PunicaWrapper is found; visual.blocks.12.mlp.linear_fc1 will be ignored.
[36m(vLLMHttpServer pid=364712)[0m (Worker pid=365482) WARNING 08-27 03:29:14 [model_manager.py:401] Regarding Qwen3VLForConditionalGeneration, no matching PunicaWrapper is found; visual.blocks.12.mlp.linear_fc2 will be ignored.
[36m(vLLMHttpServer pid=364712)[0m (Worker pid=365482) WARNING 08-27 03:29:14 [model_manager.py:401] Regarding Qwen3VLForConditionalGeneration, no matching PunicaWrapper is found; visual.blocks.13.attn.qkv will be ignored.
[36m(vLLMHttpServer pid=364712)[0m (Worker pid=365482) WARNING 08-27 03:29:14 [model_manager.py:401] Regarding Qwen3VLForConditionalGeneration, no matching PunicaWrapper is found; visual.blocks.13.attn.proj will be ignored.
[36m(vLLMHttpServer pid=364712)[0m (Worker pid=365482) WARNING 08-27 03:29:14 [model_manager.py:401] Regarding Qwen3VLForConditionalGeneration, no matching PunicaWrapper is found; visual.blocks.13.mlp.linear_fc1 will be ignored.
[36m(vLLMHttpServer pid=364712)[0m (Worker pid=365482) WARNING 08-27 03:29:14 [model_manager.py:401] Regarding Qwen3VLForConditionalGeneration, no matching PunicaWrapper is found; visual.blocks.13.mlp.linear_fc2 will be ignored.
[36m(vLLMHttpServer pid=364712)[0m (Worker pid=365482) WARNING 08-27 03:29:14 [model_manager.py:401] Regarding Qwen3VLForConditionalGeneration, no matching PunicaWrapper is found; visual.blocks.14.attn.qkv will be ignored.
[36m(vLLMHttpServer pid=364712)[0m (Worker pid=365482) WARNING 08-27 03:29:14 [model_manager.py:401] Regarding Qwen3VLForConditionalGeneration, no matching PunicaWrapper is found; visual.blocks.14.attn.proj will be ignored.
[36m(vLLMHttpServer pid=364712)[0m (Worker pid=365482) WARNING 08-27 03:29:14 [model_manager.py:401] Regarding Qwen3VLForConditionalGeneration, no matching PunicaWrapper is found; visual.blocks.14.mlp.linear_fc1 will be ignored.
[36m(vLLMHttpServer pid=364712)[0m (Worker pid=365482) WARNING 08-27 03:29:14 [model_manager.py:401] Regarding Qwen3VLForConditionalGeneration, no matching PunicaWrapper is found; visual.blocks.14.mlp.linear_fc2 will be ignored.
[36m(vLLMHttpServer pid=364712)[0m (Worker pid=365482) WARNING 08-27 03:29:14 [model_manager.py:401] Regarding Qwen3VLForConditionalGeneration, no matching PunicaWrapper is found; visual.blocks.15.attn.qkv will be ignored.
[36m(vLLMHttpServer pid=364712)[0m (Worker pid=365482) WARNING 08-27 03:29:14 [model_manager.py:401] Regarding Qwen3VLForConditionalGeneration, no matching PunicaWrapper is found; visual.blocks.15.attn.proj will be ignored.
[36m(vLLMHttpServer pid=364712)[0m (Worker pid=365482) WARNING 08-27 03:29:14 [model_manager.py:401] Regarding Qwen3VLForConditionalGeneration, no matching PunicaWrapper is found; visual.blocks.15.mlp.linear_fc1 will be ignored.
[36m(vLLMHttpServer pid=364712)[0m (Worker pid=365482) WARNING 08-27 03:29:14 [model_manager.py:401] Regarding Qwen3VLForConditionalGeneration, no matching PunicaWrapper is found; visual.blocks.15.mlp.linear_fc2 will be ignored.
[36m(vLLMHttpServer pid=364712)[0m (Worker pid=365482) WARNING 08-27 03:29:14 [model_manager.py:401] Regarding Qwen3VLForConditionalGeneration, no matching PunicaWrapper is found; visual.blocks.16.attn.qkv will be ignored.
[36m(vLLMHttpServer pid=364712)[0m (Worker pid=365482) WARNING 08-27 03:29:14 [model_manager.py:401] Regarding Qwen3VLForConditionalGeneration, no matching PunicaWrapper is found; visual.blocks.16.attn.proj will be ignored.
[36m(vLLMHttpServer pid=364712)[0m (Worker pid=365482) WARNING 08-27 03:29:14 [model_manager.py:401] Regarding Qwen3VLForConditionalGeneration, no matching PunicaWrapper is found; visual.blocks.16.mlp.linear_fc1 will be ignored.
[36m(vLLMHttpServer pid=364712)[0m (Worker pid=365482) WARNING 08-27 03:29:14 [model_manager.py:401] Regarding Qwen3VLForConditionalGeneration, no matching PunicaWrapper is found; visual.blocks.16.mlp.linear_fc2 will be ignored.
[36m(vLLMHttpServer pid=364712)[0m (Worker pid=365482) WARNING 08-27 03:29:14 [model_manager.py:401] Regarding Qwen3VLForConditionalGeneration, no matching PunicaWrapper is found; visual.blocks.17.attn.qkv will be ignored.
[36m(vLLMHttpServer pid=364712)[0m (Worker pid=365482) WARNING 08-27 03:29:14 [model_manager.py:401] Regarding Qwen3VLForConditionalGeneration, no matching PunicaWrapper is found; visual.blocks.17.attn.proj will be ignored.
[36m(vLLMHttpServer pid=364712)[0m (Worker pid=365482) WARNING 08-27 03:29:14 [model_manager.py:401] Regarding Qwen3VLForConditionalGeneration, no matching PunicaWrapper is found; visual.blocks.17.mlp.linear_fc1 will be ignored.
[36m(vLLMHttpServer pid=364712)[0m (Worker pid=365482) WARNING 08-27 03:29:14 [model_manager.py:401] Regarding Qwen3VLForConditionalGeneration, no matching PunicaWrapper is found; visual.blocks.17.mlp.linear_fc2 will be ignored.
[36m(vLLMHttpServer pid=364712)[0m (Worker pid=365482) WARNING 08-27 03:29:14 [model_manager.py:401] Regarding Qwen3VLForConditionalGeneration, no matching PunicaWrapper is found; visual.blocks.18.attn.qkv will be ignored.
[36m(vLLMHttpServer pid=364712)[0m (Worker pid=365482) WARNING 08-27 03:29:14 [model_manager.py:401] Regarding Qwen3VLForConditionalGeneration, no matching PunicaWrapper is found; visual.blocks.18.attn.proj will be ignored.
[36m(vLLMHttpServer pid=364712)[0m (Worker pid=365482) WARNING 08-27 03:29:14 [model_manager.py:401] Regarding Qwen3VLForConditionalGeneration, no matching PunicaWrapper is found; visual.blocks.18.mlp.linear_fc1 will be ignored.
[36m(vLLMHttpServer pid=364712)[0m (Worker pid=365482) WARNING 08-27 03:29:14 [model_manager.py:401] Regarding Qwen3VLForConditionalGeneration, no matching PunicaWrapper is found; visual.blocks.18.mlp.linear_fc2 will be ignored.[36m(vLLMHttpServer pid=364712)[0m (Worker pid=365482) Capturing CUDA graphs (mixed prefill-decode, PIECEWISE):   0%|          | 0/102 [00:00<?, ?it/s]
[36m(vLLMHttpServer pid=364712)[0m Capturing CUDA graphs (mixed prefill-decode, PIECEWISE):   1%|          | 1/102 [00:00<00:38,  2.62it/s]
[36m(vLLMHttpServer pid=364712)[0m Capturing CUDA graphs (mixed prefill-decode, PIECEWISE):   3%|▎         | 3/102 [00:00<00:14,  6.76it/s]
[36m(vLLMHttpServer pid=364712)[0m Capturing CUDA graphs (mixed prefill-decode, PIECEWISE):   5%|▍         | 5/102 [00:00<00:10,  9.40it/s]
[36m(vLLMHttpServer pid=364712)[0m Capturing CUDA graphs (mixed prefill-decode, PIECEWISE):   7%|▋         | 7/102 [00:00<00:08, 11.04it/s]
[36m(vLLMHttpServer pid=364712)[0m Capturing CUDA graphs (mixed prefill-decode, PIECEWISE):   9%|▉         | 9/102 [00:00<00:07, 12.17it/s]
[36m(vLLMHttpServer pid=364712)[0m Capturing CUDA graphs (mixed prefill-decode, PIECEWISE):  11%|█         | 11/102 [00:01<00:07, 12.88it/s]
[36m(vLLMHttpServer pid=364712)[0m Capturing CUDA graphs (mixed prefill-decode, PIECEWISE):  13%|█▎        | 13/102 [00:01<00:06, 13.35it/s]
[36m(vLLMHttpServer pid=364712)[0m Capturing CUDA graphs (mixed prefill-decode, PIECEWISE):  15%|█▍        | 15/102 [00:01<00:06, 13.73it/s]
[36m(vLLMHttpServer pid=364712)[0m Capturing CUDA graphs (mixed prefill-decode, PIECEWISE):  17%|█▋        | 17/102 [00:01<00:06, 13.97it/s]
[36m(vLLMHttpServer pid=364712)[0m Capturing CUDA graphs (mixed prefill-decode, PIECEWISE):  19%|█▊        | 19/102 [00:01<00:05, 14.09it/s]
[36m(vLLMHttpServer pid=364712)[0m Capturing CUDA graphs (mixed prefill-decode, PIECEWISE):  21%|██        | 21/102 [00:01<00:05, 14.24it/s]
[36m(vLLMHttpServer pid=364712)[0m Capturing CUDA graphs (mixed prefill-decode, PIECEWISE):  23%|██▎       | 23/102 [00:01<00:05, 14.35it/s]
[36m(vLLMHttpServer pid=364712)[0m Capturing CUDA graphs (mixed prefill-decode, PIECEWISE):  25%|██▍       | 25/102 [00:02<00:05, 14.37it/s]
[36m(vLLMHttpServer pid=364712)[0m Capturing CUDA graphs (mixed prefill-decode, PIECEWISE):  26%|██▋       | 27/102 [00:02<00:05, 14.49it/s]
[36m(vLLMHttpServer pid=364712)[0m Capturing CUDA graphs (mixed prefill-decode, PIECEWISE):  28%|██▊       | 29/102 [00:02<00:05, 14.17it/s]
[36m(vLLMHttpServer pid=364712)[0m Capturing CUDA graphs (mixed prefill-decode, PIECEWISE):  30%|███       | 31/102 [00:02<00:04, 14.26it/s]
[36m(vLLMHttpServer pid=364712)[0m Capturing CUDA graphs (mixed prefill-decode, PIECEWISE):  32%|███▏      | 33/102 [00:02<00:04, 14.40it/s]
[36m(vLLMHttpServer pid=364712)[0m Capturing CUDA graphs (mixed prefill-decode, PIECEWISE):  34%|███▍      | 35/102 [00:02<00:04, 14.07it/s]
[36m(vLLMHttpServer pid=364712)[0m Capturing CUDA graphs (mixed prefill-decode, PIECEWISE):  36%|███▋      | 37/102 [00:02<00:04, 14.24it/s]
[36m(vLLMHttpServer pid=364712)[0m Capturing CUDA graphs (mixed prefill-decode, PIECEWISE):  38%|███▊      | 39/102 [00:03<00:04, 14.17it/s]
[36m(vLLMHttpServer pid=364712)[0m Capturing CUDA graphs (mixed prefill-decode, PIECEWISE):  40%|████      | 41/102 [00:03<00:04, 14.28it/s]
[36m(vLLMHttpServer pid=364712)[0m Capturing CUDA graphs (mixed prefill-decode, PIECEWISE):  42%|████▏     | 43/102 [00:03<00:04, 14.38it/s]
[36m(vLLMHttpServer pid=364712)[0m Capturing CUDA graphs (mixed prefill-decode, PIECEWISE):  44%|████▍     | 45/102 [00:03<00:03, 14.39it/s]
[36m(vLLMHttpServer pid=364712)[0m Capturing CUDA graphs (mixed prefill-decode, PIECEWISE):  46%|████▌     | 47/102 [00:03<00:03, 14.41it/s]
[36m(vLLMHttpServer pid=364712)[0m Capturing CUDA graphs (mixed prefill-decode, PIECEWISE):  48%|████▊     | 49/102 [00:03<00:03, 14.41it/s]
[36m(vLLMHttpServer pid=364712)[0m Capturing CUDA graphs (mixed prefill-decode, PIECEWISE):  50%|█████     | 51/102 [00:03<00:03, 14.37it/s]
[36m(vLLMHttpServer pid=364712)[0m Capturing CUDA graphs (mixed prefill-decode, PIECEWISE):  52%|█████▏    | 53/102 [00:03<00:03, 14.29it/s]
[36m(vLLMHttpServer pid=364712)[0m Capturing CUDA graphs (mixed prefill-decode, PIECEWISE):  54%|█████▍    | 55/102 [00:04<00:03, 14.29it/s]
[36m(vLLMHttpServer pid=364712)[0m Capturing CUDA graphs (mixed prefill-decode, PIECEWISE):  56%|█████▌    | 57/102 [00:04<00:03, 14.29it/s]
[36m(vLLMHttpServer pid=364712)[0m Capturing CUDA graphs (mixed prefill-decode, PIECEWISE):  58%|█████▊    | 59/102 [00:04<00:03, 14.32it/s]
[36m(vLLMHttpServer pid=364712)[0m Capturing CUDA graphs (mixed prefill-decode, PIECEWISE):  60%|█████▉    | 61/102 [00:04<00:02, 14.33it/s]
[36m(vLLMHttpServer pid=364712)[0m Capturing CUDA graphs (mixed prefill-decode, PIECEWISE):  62%|██████▏   | 63/102 [00:04<00:02, 14.22it/s]
[36m(vLLMHttpServer pid=364712)[0m Capturing CUDA graphs (mixed prefill-decode, PIECEWISE):  64%|██████▎   | 65/102 [00:04<00:02, 14.18it/s]
[36m(vLLMHttpServer pid=364712)[0m Capturing CUDA graphs (mixed prefill-decode, PIECEWISE):  66%|██████▌   | 67/102 [00:04<00:02, 13.94it/s]
[36m(vLLMHttpServer pid=364712)[0m Capturing CUDA graphs (mixed prefill-decode, PIECEWISE):  68%|██████▊   | 69/102 [00:05<00:02, 13.80it/s]
[36m(vLLMHttpServer pid=364712)[0m Capturing CUDA graphs (mixed prefill-decode, PIECEWISE):  70%|██████▉   | 71/102 [00:05<00:02, 13.88it/s]
[36m(vLLMHttpServer pid=364712)[0m Capturing CUDA graphs (mixed prefill-decode, PIECEWISE):  72%|███████▏  | 73/102 [00:05<00:02, 13.99it/s]
[36m(vLLMHttpServer pid=364712)[0m Capturing CUDA graphs (mixed prefill-decode, PIECEWISE):  74%|███████▎  | 75/102 [00:05<00:01, 13.81it/s]
[36m(vLLMHttpServer pid=364712)[0m Capturing CUDA graphs (mixed prefill-decode, PIECEWISE):  75%|███████▌  | 77/102 [00:05<00:01, 13.92it/s]
[36m(vLLMHttpServer pid=364712)[0m Capturing CUDA graphs (mixed prefill-decode, PIECEWISE):  77%|███████▋  | 79/102 [00:05<00:01, 13.98it/s]
[36m(vLLMHttpServer pid=364712)[0m Capturing CUDA graphs (mixed prefill-decode, PIECEWISE):  79%|███████▉  | 81/102 [00:05<00:01, 14.02it/s]
[36m(vLLMHttpServer pid=364712)[0m Capturing CUDA graphs (mixed prefill-decode, PIECEWISE):  81%|████████▏ | 83/102 [00:06<00:01, 14.05it/s]
[36m(vLLMHttpServer pid=364712)[0m Capturing CUDA graphs (mixed prefill-decode, PIECEWISE):  83%|████████▎ | 85/102 [00:06<00:01, 14.02it/s]
[36m(vLLMHttpServer pid=364712)[0m Capturing CUDA graphs (mixed prefill-decode, PIECEWISE):  85%|████████▌ | 87/102 [00:06<00:01, 13.95it/s]
[36m(vLLMHttpServer pid=364712)[0m Capturing CUDA graphs (mixed prefill-decode, PIECEWISE):  87%|████████▋ | 89/102 [00:06<00:00, 13.97it/s]
[36m(vLLMHttpServer pid=364712)[0m Capturing CUDA graphs (mixed prefill-decode, PIECEWISE):  89%|████████▉ | 91/102 [00:06<00:00, 14.04it/s]
[36m(vLLMHttpServer pid=364712)[0m Capturing CUDA graphs (mixed prefill-decode, PIECEWISE):  91%|█████████ | 93/102 [00:06<00:00, 14.06it/s]
[36m(vLLMHttpServer pid=364712)[0m Capturing CUDA graphs (mixed prefill-decode, PIECEWISE):  93%|█████████▎| 95/102 [00:06<00:00, 14.05it/s]
[36m(vLLMHttpServer pid=364712)[0m Capturing CUDA graphs (mixed prefill-decode, PIECEWISE):  95%|█████████▌| 97/102 [00:07<00:00, 13.96it/s]
[36m(vLLMHttpServer pid=364712)[0m Capturing CUDA graphs (mixed prefill-decode, PIECEWISE):  97%|█████████▋| 99/102 [00:07<00:00, 13.33it/s]
[36m(vLLMHttpServer pid=364712)[0m Capturing CUDA graphs (mixed prefill-decode, PIECEWISE):  99%|█████████▉| 101/102 [00:07<00:00, 12.64it/s]
[36m(vLLMHttpServer pid=364712)[0m Capturing CUDA graphs (mixed prefill-decode, PIECEWISE): 100%|██████████| 102/102 [00:07<00:00, 13.55it/s]
[36m(vLLMHttpServer pid=364712)[0m (Worker pid=365482) Capturing CUDA graphs (decode, FULL):   0%|          | 0/70 [00:00<?, ?it/s]
[36m(vLLMHttpServer pid=364712)[0m Capturing CUDA graphs (decode, FULL):   1%|▏         | 1/70 [00:00<00:10,  6.42it/s]
[36m(vLLMHttpServer pid=364712)[0m Capturing CUDA graphs (decode, FULL):   4%|▍         | 3/70 [00:00<00:05, 11.19it/s]
[36m(vLLMHttpServer pid=364712)[0m Capturing CUDA graphs (decode, FULL):   7%|▋         | 5/70 [00:00<00:05, 12.87it/s]
[36m(vLLMHttpServer pid=364712)[0m Capturing CUDA graphs (decode, FULL):  10%|█         | 7/70 [00:00<00:04, 13.77it/s]
[36m(vLLMHttpServer pid=364712)[0m Capturing CUDA graphs (decode, FULL):  13%|█▎        | 9/70 [00:00<00:04, 14.23it/s]
[36m(vLLMHttpServer pid=364712)[0m Capturing CUDA graphs (decode, FULL):  16%|█▌        | 11/70 [00:00<00:04, 14.58it/s]
[36m(vLLMHttpServer pid=364712)[0m Capturing CUDA graphs (decode, FULL):  19%|█▊        | 13/70 [00:00<00:03, 14.71it/s]
[36m(vLLMHttpServer pid=364712)[0m Capturing CUDA graphs (decode, FULL):  21%|██▏       | 15/70 [00:01<00:03, 14.78it/s]
[36m(vLLMHttpServer pid=364712)[0m Capturing CUDA graphs (decode, FULL):  24%|██▍       | 17/70 [00:01<00:03, 14.85it/s]
[36m(vLLMHttpServer pid=364712)[0m Capturing CUDA graphs (decode, FULL):  27%|██▋       | 19/70 [00:01<00:03, 14.88it/s]
[36m(vLLMHttpServer pid=364712)[0m Capturing CUDA graphs (decode, FULL):  30%|███       | 21/70 [00:01<00:03, 14.94it/s]
[36m(vLLMHttpServer pid=364712)[0m Capturing CUDA graphs (decode, FULL):  33%|███▎      | 23/70 [00:01<00:03, 14.97it/s]
[36m(vLLMHttpServer pid=364712)[0m Capturing CUDA graphs (decode, FULL):  36%|███▌      | 25/70 [00:01<00:02, 15.01it/s]
[36m(vLLMHttpServer pid=364712)[0m Capturing CUDA graphs (decode, FULL):  39%|███▊      | 27/70 [00:01<00:02, 15.01it/s]
[36m(vLLMHttpServer pid=364712)[0m Capturing CUDA graphs (decode, FULL):  41%|████▏     | 29/70 [00:02<00:02, 14.94it/s]
[36m(vLLMHttpServer pid=364712)[0m Capturing CUDA graphs (decode, FULL):  44%|████▍     | 31/70 [00:02<00:02, 14.88it/s]
[36m(vLLMHttpServer pid=364712)[0m Capturing CUDA graphs (decode, FULL):  47%|████▋     | 33/70 [00:02<00:02, 14.88it/s]
[36m(vLLMHttpServer pid=364712)[0m Capturing CUDA graphs (decode, FULL):  50%|█████     | 35/70 [00:02<00:02, 14.88it/s]
[36m(vLLMHttpServer pid=364712)[0m Capturing CUDA graphs (decode, FULL):  53%|█████▎    | 37/70 [00:02<00:02, 14.80it/s]
[36m(vLLMHttpServer pid=364712)[0m Capturing CUDA graphs (decode, FULL):  56%|█████▌    | 39/70 [00:02<00:02, 14.78it/s]
[36m(vLLMHttpServer pid=364712)[0m Capturing CUDA graphs (decode, FULL):  59%|█████▊    | 41/70 [00:02<00:01, 14.85it/s]
[36m(vLLMHttpServer pid=364712)[0m Capturing CUDA graphs (decode, FULL):  61%|██████▏   | 43/70 [00:02<00:01, 14.92it/s]
[36m(vLLMHttpServer pid=364712)[0m Capturing CUDA graphs (decode, FULL):  64%|██████▍   | 45/70 [00:03<00:01, 14.92it/s]
[36m(vLLMHttpServer pid=364712)[0m Capturing CUDA graphs (decode, FULL):  67%|██████▋   | 47/70 [00:03<00:01, 14.93it/s]
[36m(vLLMHttpServer pid=364712)[0m Capturing CUDA graphs (decode, FULL):  70%|███████   | 49/70 [00:03<00:01, 14.91it/s]
[36m(vLLMHttpServer pid=364712)[0m Capturing CUDA graphs (decode, FULL):  73%|███████▎  | 51/70 [00:03<00:01, 14.95it/s]
[36m(vLLMHttpServer pid=364712)[0m Capturing CUDA graphs (decode, FULL):  76%|███████▌  | 53/70 [00:03<00:01, 15.00it/s]
[36m(vLLMHttpServer pid=364712)[0m Capturing CUDA graphs (decode, FULL):  79%|███████▊  | 55/70 [00:03<00:00, 15.03it/s]
[36m(vLLMHttpServer pid=364712)[0m Capturing CUDA graphs (decode, FULL):  81%|████████▏ | 57/70 [00:03<00:00, 15.11it/s]
[36m(vLLMHttpServer pid=364712)[0m Capturing CUDA graphs (decode, FULL):  84%|████████▍ | 59/70 [00:04<00:00, 15.05it/s]
[36m(vLLMHttpServer pid=364712)[0m Capturing CUDA graphs (decode, FULL):  87%|████████▋ | 61/70 [00:04<00:00, 15.01it/s]
[36m(vLLMHttpServer pid=364712)[0m Capturing CUDA graphs (decode, FULL):  90%|█████████ | 63/70 [00:04<00:00, 15.02it/s]
[36m(vLLMHttpServer pid=364712)[0m Capturing CUDA graphs (decode, FULL):  93%|█████████▎| 65/70 [00:04<00:00, 15.07it/s]
[36m(vLLMHttpServer pid=364712)[0m Capturing CUDA graphs (decode, FULL):  96%|█████████▌| 67/70 [00:04<00:00, 15.08it/s]
[36m(vLLMHttpServer pid=364712)[0m Capturing CUDA graphs (decode, FULL):  99%|█████████▊| 69/70 [00:04<00:00, 15.05it/s]
[36m(vLLMHttpServer pid=364712)[0m Capturing CUDA graphs (decode, FULL): 100%|██████████| 70/70 [00:04<00:00, 14.78it/s]
[36m(vLLMHttpServer pid=364712)[0m (EngineCore pid=365388) [transformers] The `use_fast` parameter is deprecated and will be removed in a future version. Use `backend="torchvision"` instead of `use_fast=True`, or `backend="pil"` instead of `use_fast=False`.
[36m(WorkerDict pid=364119)[0m /home/yw4636/.conda/envs/verl/lib/python3.12/site-packages/verl/plugin/platform/platform_cuda.py:99: FutureWarning: torch.cuda._set_allocator_settings is deprecated. Use torch._C._accelerator_setAllocatorSettings instead.
[36m(WorkerDict pid=364119)[0m   torch.cuda.memory._set_allocator_settings(settings)
[36m(TaskRunner pid=363808)[0m Training Progress:   0%|          | 0/3 [00:00<?, ?it/s]
[36m(WorkerDict pid=364119)[0m /home/yw4636/.conda/envs/verl/lib/python3.12/site-packages/verl/plugin/platform/platform_cuda.py:99: FutureWarning: torch.cuda._set_allocator_settings is deprecated. Use torch._C._accelerator_setAllocatorSettings instead.
[36m(WorkerDict pid=364119)[0m   torch.cuda.memory._set_allocator_settings(settings)
[36m(AgentLoopWorker pid=366369)[0m qwen-vl-utils using torchcodec to read video.

[36m(vLLMHttpServer pid=364712)[0m (Worker pid=365482) WARNING 08-27 03:29:14 [model_manager.py:401] Regarding Qwen3VLForConditionalGeneration, no matching PunicaWrapper is found; visual.blocks.19.attn.qkv will be ignored.
[36m(vLLMHttpServer pid=364712)[0m (Worker pid=365482) WARNING 08-27 03:29:14 [model_manager.py:401] Regarding Qwen3VLForConditionalGeneration, no matching PunicaWrapper is found; visual.blocks.19.attn.proj will be ignored.
[36m(vLLMHttpServer pid=364712)[0m (Worker pid=365482) WARNING 08-27 03:29:14 [model_manager.py:401] Regarding Qwen3VLForConditionalGeneration, no matching PunicaWrapper is found; visual.blocks.19.mlp.linear_fc1 will be ignored.
[36m(vLLMHttpServer pid=364712)[0m (Worker pid=365482) WARNING 08-27 03:29:14 [model_manager.py:401] Regarding Qwen3VLForConditionalGeneration, no matching PunicaWrapper is found; visual.blocks.19.mlp.linear_fc2 will be ignored.
[36m(vLLMHttpServer pid=364712)[0m (Worker pid=365482) WARNING 08-27 03:29:14 [model_manager.py:401] Regarding Qwen3VLForConditionalGeneration, no matching PunicaWrapper is found; visual.blocks.20.attn.qkv will be ignored.
[36m(vLLMHttpServer pid=364712)[0m (Worker pid=365482) WARNING 08-27 03:29:14 [model_manager.py:401] Regarding Qwen3VLForConditionalGeneration, no matching PunicaWrapper is found; visual.blocks.20.attn.proj will be ignored.
[36m(vLLMHttpServer pid=364712)[0m (Worker pid=365482) WARNING 08-27 03:29:14 [model_manager.py:401] Regarding Qwen3VLForConditionalGeneration, no matching PunicaWrapper is found; visual.blocks.20.mlp.linear_fc1 will be ignored.
[36m(vLLMHttpServer pid=364712)[0m (Worker pid=365482) WARNING 08-27 03:29:14 [model_manager.py:401] Regarding Qwen3VLForConditionalGeneration, no matching PunicaWrapper is found; visual.blocks.20.mlp.linear_fc2 will be ignored.
[36m(vLLMHttpServer pid=364712)[0m (Worker pid=365482) WARNING 08-27 03:29:14 [model_manager.py:401] Regarding Qwen3VLForConditionalGeneration, no matching PunicaWrapper is found; visual.blocks.21.attn.qkv will be ignored.
[36m(vLLMHttpServer pid=364712)[0m (Worker pid=365482) WARNING 08-27 03:29:14 [model_manager.py:401] Regarding Qwen3VLForConditionalGeneration, no matching PunicaWrapper is found; visual.blocks.21.attn.proj will be ignored.
[36m(vLLMHttpServer pid=364712)[0m (Worker pid=365482) WARNING 08-27 03:29:14 [model_manager.py:401] Regarding Qwen3VLForConditionalGeneration, no matching PunicaWrapper is found; visual.blocks.21.mlp.linear_fc1 will be ignored.
[36m(vLLMHttpServer pid=364712)[0m (Worker pid=365482) WARNING 08-27 03:29:14 [model_manager.py:401] Regarding Qwen3VLForConditionalGeneration, no matching PunicaWrapper is found; visual.blocks.21.mlp.linear_fc2 will be ignored.
[36m(vLLMHttpServer pid=364712)[0m (Worker pid=365482) WARNING 08-27 03:29:14 [model_manager.py:401] Regarding Qwen3VLForConditionalGeneration, no matching PunicaWrapper is found; visual.blocks.22.attn.qkv will be ignored.
[36m(vLLMHttpServer pid=364712)[0m (Worker pid=365482) WARNING 08-27 03:29:14 [model_manager.py:401] Regarding Qwen3VLForConditionalGeneration, no matching PunicaWrapper is found; visual.blocks.22.attn.proj will be ignored.
[36m(vLLMHttpServer pid=364712)[0m (Worker pid=365482) WARNING 08-27 03:29:14 [model_manager.py:401] Regarding Qwen3VLForConditionalGeneration, no matching PunicaWrapper is found; visual.blocks.22.mlp.linear_fc1 will be ignored.
[36m(vLLMHttpServer pid=364712)[0m (Worker pid=365482) WARNING 08-27 03:29:14 [model_manager.py:401] Regarding Qwen3VLForConditionalGeneration, no matching PunicaWrapper is found; visual.blocks.22.mlp.linear_fc2 will be ignored.
[36m(vLLMHttpServer pid=364712)[0m (Worker pid=365482) WARNING 08-27 03:29:14 [model_manager.py:401] Regarding Qwen3VLForConditionalGeneration, no matching PunicaWrapper is found; visual.blocks.23.attn.qkv will be ignored.
[36m(vLLMHttpServer pid=364712)[0m (Worker pid=365482) WARNING 08-27 03:29:14 [model_manager.py:401] Regarding Qwen3VLForConditionalGeneration, no matching PunicaWrapper is found; visual.blocks.23.attn.proj will be ignored.
[36m(vLLMHttpServer pid=364712)[0m (Worker pid=365482) WARNING 08-27 03:29:14 [model_manager.py:401] Regarding Qwen3VLForConditionalGeneration, no matching PunicaWrapper is found; visual.blocks.23.mlp.linear_fc1 will be ignored.
[36m(vLLMHttpServer pid=364712)[0m (Worker pid=365482) WARNING 08-27 03:29:14 [model_manager.py:401] Regarding Qwen3VLForConditionalGeneration, no matching PunicaWrapper is found; visual.blocks.23.mlp.linear_fc2 will be ignored.
[36m(vLLMHttpServer pid=364712)[0m (Worker pid=365482) WARNING 08-27 03:29:35 [utils.py:279] Using default LoRA kernel configs
[36m(vLLMHttpServer pid=364712)[0m WARNING 08-27 03:29:55 [api_router.py:30] LoRA dynamic loading & unloading is enabled in the API server. This should ONLY be used for local development!
[36m(vLLMHttpServer pid=364712)[0m WARNING 08-27 03:29:55 [model.py:1477] Default vLLM sampling parameters have been overridden by the model's `generation_config.json`: `{'repetition_penalty': 1.0, 'temperature': 1.0, 'top_k': -1, 'top_p': 1, 'max_tokens': 16384}`. If this is not intended, please relaunch vLLM instance with `--generation-config vllm`.
[36m(TaskRunner pid=363808)[0m LLMServerManager: ['10.110.2.5:35275']
[36m(TaskRunner pid=363808)[0m Saving tensorboard log to /home/yw4636/agentic-tvg/logs/tb/grpo_smoke.
[36m(TaskRunner pid=363808)[0m Checkpoint tracker file does not exist: /home/yw4636/agentic-tvg/results/grpo-smoke/ckpt/latest_checkpointed_iteration.txt
[36m(TaskRunner pid=363808)[0m Training from scratch
[36m(AgentLoopWorker pid=366369)[0m Using dataset class: RLHFDataset
[36m(AgentLoopWorker pid=366369)[0m {
[36m(AgentLoopWorker pid=366369)[0m   "type": "function",
[36m(AgentLoopWorker pid=366369)[0m   "function": {
[36m(AgentLoopWorker pid=366369)[0m     "name": "crop_video",
[36m(AgentLoopWorker pid=366369)[0m     "description": "Inspect a time interval of the current video closely: returns 30 higher-resolution frames sampled evenly from [start_time, end_time], each labeled with its timestamp in seconds.",
[36m(AgentLoopWorker pid=366369)[0m     "parameters": {
[36m(AgentLoopWorker pid=366369)[0m       "type": "object",
[36m(AgentLoopWorker pid=366369)[0m       "properties": {
[36m(AgentLoopWorker pid=366369)[0m         "start_time": {
[36m(AgentLoopWorker pid=366369)[0m           "type": "number",
[36m(AgentLoopWorker pid=366369)[0m           "description": "Interval start in seconds, >= 0."
[36m(AgentLoopWorker pid=366369)[0m         },
[36m(AgentLoopWorker pid=366369)[0m         "end_time": {
[36m(AgentLoopWorker pid=366369)[0m           "type": "number",
[36m(AgentLoopWorker pid=366369)[0m           "description": "Interval end in seconds, > start_time, <= video duration."
[36m(AgentLoopWorker pid=366369)[0m         }
[36m(AgentLoopWorker pid=366369)[0m       },
[36m(AgentLoopWorker pid=366369)[0m       "required": [
[36m(AgentLoopWorker pid=366369)[0m         "start_time",
[36m(AgentLoopWorker pid=366369)[0m         "end_time"
[36m(AgentLoopWorker pid=366369)[0m       ]
[36m(AgentLoopWorker pid=366369)[0m     }
[36m(AgentLoopWorker pid=366369)[0m   }
[36m(AgentLoopWorker pid=366369)[0m }
[36m(vLLMHttpServer pid=364712)[0m WARNING 08-27 03:30:44 [input_processor.py:157] vLLM has deprecated support for supporting different tokenizers for different LoRAs. By default, vLLM uses base model's tokenizer. If you are using a LoRA with its own tokenizer, consider specifying `--tokenizer [lora_path]` to use the LoRA tokenizer.
[36m(vLLMHttpServer pid=364712)[0m WARNING 08-27 03:30:44 [input_processor.py:282] Passing raw prompts to InputProcessor is deprecated and will be removed in v0.18. You should instead pass the outputs of Renderer.render_cmpl() or Renderer.render_chat().
[36m(AgentLoopWorker pid=366372)[0m Using dataset class: RLHFDataset[32m [repeated 7x across cluster] (Ray deduplicates logs by default. Set RAY_DEDUP_LOGS=0 to disable log deduplication, or see https://docs.ray.io/en/master/ray-observability/user-guides/configure-logging.html#log-deduplication for more options.)[0m[36m(TaskRunner pid=363808)[0m W0827 03:32:59.770000 363808 site-packages/torch/fx/_symbolic_trace.py:53] is_fx_tracing will return true for both fx.symbolic_trace and torch.export. Please use is_fx_tracing_symbolic_tracing() for specifically fx.symbolic_trace or torch.compiler.is_compiling() for specifically torch.export/compile.
[36m(AgentLoopWorker pid=366367)[0m qwen-vl-utils using torchcodec to read video.[32m [repeated 7x across cluster][0m
[36m(WorkerDict pid=364119)[0m [rank0]:W0827 03:33:47.969000 364119 site-packages/torch/fx/_symbolic_trace.py:53] is_fx_tracing will return true for both fx.symbolic_trace and torch.export. Please use is_fx_tracing_symbolic_tracing() for specifically fx.symbolic_trace or torch.compiler.is_compiling() for specifically torch.export/compile.
[36m(WorkerDict pid=364119)[0m /home/yw4636/.conda/envs/verl/lib/python3.12/site-packages/verl/plugin/platform/platform_cuda.py:99: FutureWarning: torch.cuda._set_allocator_settings is deprecated. Use torch._C._accelerator_setAllocatorSettings instead.
[36m(WorkerDict pid=364119)[0m   torch.cuda.memory._set_allocator_settings(settings)
[36m(TaskRunner pid=363808)[0m Training Progress:  33%|███▎      | 1/3 [13:31<27:03, 811.99s/it]

[36m(AgentLoopWorker pid=366372)[0m {[32m [repeated 7x across cluster][0m
[36m(AgentLoopWorker pid=366372)[0m   "type": "function",[32m [repeated 7x across cluster][0m
[36m(AgentLoopWorker pid=366372)[0m   "function": {[32m [repeated 7x across cluster][0m
[36m(AgentLoopWorker pid=366372)[0m     "name": "crop_video",[32m [repeated 7x across cluster][0m
[36m(AgentLoopWorker pid=366372)[0m     "description": "Inspect a time interval of the current video closely: returns 30 higher-resolution frames sampled evenly from [start_time, end_time], each labeled with its timestamp in seconds.",[32m [repeated 7x across cluster][0m
[36m(AgentLoopWorker pid=366372)[0m     "parameters": {[32m [repeated 7x across cluster][0m
[36m(AgentLoopWorker pid=366372)[0m       "type": "object",[32m [repeated 7x across cluster][0m
[36m(AgentLoopWorker pid=366372)[0m       "properties": {[32m [repeated 7x across cluster][0m
[36m(AgentLoopWorker pid=366372)[0m         "start_time": {[32m [repeated 7x across cluster][0m
[36m(AgentLoopWorker pid=366372)[0m           "type": "number",[32m [repeated 14x across cluster][0m
[36m(AgentLoopWorker pid=366372)[0m           "description": "Interval start in seconds, >= 0."[32m [repeated 7x across cluster][0m
[36m(AgentLoopWorker pid=366372)[0m       },[32m [repeated 14x across cluster][0m
[36m(AgentLoopWorker pid=366372)[0m         "end_time": {[32m [repeated 7x across cluster][0m
[36m(AgentLoopWorker pid=366372)[0m           "description": "Interval end in seconds, > start_time, <= video duration."[32m [repeated 7x across cluster][0m
[36m(AgentLoopWorker pid=366372)[0m }[32m [repeated 28x across cluster][0m
[36m(AgentLoopWorker pid=366372)[0m       "required": [[32m [repeated 7x across cluster][0m
[36m(AgentLoopWorker pid=366372)[0m         "start_time",[32m [repeated 7x across cluster][0m
[36m(AgentLoopWorker pid=366372)[0m         "end_time"[32m [repeated 7x across cluster][0m
[36m(AgentLoopWorker pid=366372)[0m       ][32m [repeated 7x across cluster][0m
[36m(vLLMHttpServer pid=364712)[0m (Worker pid=365482) WARNING 08-27 03:30:44 [jit_monitor.py:106] Triton kernel JIT compilation during inference: _compute_slot_mapping_kernel. This causes a latency spike; consider extending warmup to cover this shape/config.
[36m(vLLMHttpServer pid=364712)[0m (Worker pid=365482) WARNING 08-27 03:30:44 [jit_monitor.py:106] Triton kernel JIT compilation during inference: _bilinear_pos_embed_kernel. This causes a latency spike; consider extending warmup to cover this shape/config.
[36m(vLLMHttpServer pid=364712)[0m (Worker pid=365482) WARNING 08-27 03:30:44 [jit_monitor.py:106] Triton kernel JIT compilation during inference: rotary_kernel. This causes a latency spike; consider extending warmup to cover this shape/config.
[36m(vLLMHttpServer pid=364712)[0m (Worker pid=365482) WARNING 08-27 03:30:44 [jit_monitor.py:106] Triton kernel JIT compilation during inference: _lora_expand_kernel. This causes a latency spike; consider extending warmup to cover this shape/config.
[36m(TaskRunner pid=363808)[0m Dumped generations to /home/yw4636/agentic-tvg/results/grpo-smoke/rollouts/1.jsonl
[36m(TaskRunner pid=363808)[0m step:1 - global_seqlen/min:927618 - global_seqlen/max:927618 - global_seqlen/minmax_diff:0 - global_seqlen/balanced_min:927618 - global_seqlen/balanced_max:927618 - global_seqlen/mean:927618.0 - actor/entropy:1.1570621728897095 - perf/mfu/actor_infer:0.2967386136012189 - training/rollout_probs_diff_valid:1 - training/rollout_probs_diff_max:0.1803278625011444 - training/rollout_probs_diff_mean:0.00883480068296194 - training/rollout_probs_diff_std:0.013154787011444569 - training/rollout_actor_probs_pearson_corr:0.99910968542099 - rollout_corr/training_ppl:3.858962059020996 - rollout_corr/training_log_ppl:1.1302441358566284 - rollout_corr/kl:0.0023215487599372864 - rollout_corr/k3_kl:0.0024430369958281517 - rollout_corr/rollout_ppl:3.8482301235198975 - rollout_corr/rollout_log_ppl:1.1279101371765137 - rollout_corr/log_ppl_diff:0.0023341462947428226 - rollout_corr/log_ppl_abs_diff:0.00351176830008626 - rollout_corr/log_ppl_diff_max:0.011150836944580078 - rollout_corr/log_ppl_diff_min:-0.008793950080871582 - rollout_corr/ppl_ratio:1.0023436546325684 - rollout_corr/chi2_token:0.005265712738037109 - rollout_corr/chi2_seq:108.7734603881836 - actor/pg_clipfrac:np.float64(0.0) - actor/ppo_kl:np.float64(0.0) - actor/pg_clipfrac_lower:np.float64(0.0) - actor/pg_loss:np.float64(-0.029669566109078005) - actor/kl_loss:np.float64(0.0) - actor/kl_coef:np.float64(0.0010000000000000002) - actor/loss:np.float64(-0.029669567942619324) - actor/grad_norm:np.float64(0.049486055970191956) - actor/lr:np.float64(7.750000000000002e-06) - actor/perf/max_memory_allocated_gb:np.float64(38.72042179107666) - actor/perf/max_memory_reserved_gb:np.float64(41.82421875) - actor/perf/cpu_memory_used_gb:np.float64(111.22376251220703) - perf/mfu/actor:np.float64(0.34327289930462573) - training/global_step:1 - training/epoch:0 - critic/score/mean:0.9975254535675049 - critic/score/max:2.0 - critic/score/min:0.08566666394472122 - critic/rewards/mean:0.9975254535675049 - critic/rewards/max:2.0 - critic/rewards/min:0.08566666394472122 - critic/advantages/mean:0.029669588431715965 - critic/advantages/max:3.4129223823547363 - critic/advantages/min:-3.7499847412109375 - critic/returns/mean:0.029669588431715965 - critic/returns/max:3.4129223823547363 - critic/returns/min:-3.7499847412109375 - response_length/mean:3252.765625 - response_length/max:3610.0 - response_length/min:2927.0 - response_length/clip_ratio:0.0 - response_length_non_aborted/mean:3252.765625 - response_length_non_aborted/max:3610.0 - response_length_non_aborted/min:2927.0 - response_length_non_aborted/clip_ratio:0.0 - response/aborted_ratio:0.0 - prompt_length/mean:3994.25 - prompt_length/max:4145.0 - prompt_length/min:3940.0 - prompt_length/clip_ratio:0.0 - num_turns/min:np.int32(4) - num_turns/max:np.int32(4) - num_turns/mean:np.float64(4.0) - timing_s/start_profile:0.00026849700952880085 - timing_s/agent_loop/num_preempted/min:np.int64(-1) - timing_s/agent_loop/num_preempted/max:np.int64(-1) - timing_s/agent_loop/num_preempted/mean:np.float64(-1.0) - timing_s/agent_loop/generate_sequences/min:np.float64(59.525882691988954) - timing_s/agent_loop/generate_sequences/max:np.float64(120.82301548498799) - timing_s/agent_loop/generate_sequences/mean:np.float64(105.04112123104676) - timing_s/agent_loop/tool_calls/min:np.float64(0.06423602699942421) - timing_s/agent_loop/tool_calls/max:np.float64(0.8574626989866374) - timing_s/agent_loop/tool_calls/mean:np.float64(0.12322692423379067) - timing_s/agent_loop/compute_score/min:np.float64(0.30498732399428263) - timing_s/agent_loop/compute_score/max:np.float64(2.9775670829985756) - timing_s/agent_loop/compute_score/mean:np.float64(0.9367146048203949) - timing_s/agent_loop/slowest/generate_sequences:np.float64(120.82301548498799) - timing_s/agent_loop/slowest/tool_calls:np.float64(0.8574626989866374) - timing_s/agent_loop/slowest/compute_score:np.float64(0.9971414789906703) - timing_s/agent_loop/slowest/num_preempted:np.int64(-1) - timing_s/agent_loop/slowest/prompt_length:4139 - timing_s/agent_loop/slowest/response_length:3498 - timing_s/gen:151.6229948149994 - timing_s/reward:4.1296996641904116e-05 - timing_s/old_log_prob:163.80451764300233 - timing_s/ref:154.17897106800228 - timing_s/adv:0.12216018600156531 - timing_s/update_actor:327.23569640099595 - timing_s/update_weights:14.325358002010034 - timing_s/dump_rollout_generations:0.3275600229972042 - timing_s/step:811.7875754399865 - timing_s/stop_profile:4.676298703998327e-05 - timing_per_token_ms/adv:0.00013169234102999866 - timing_per_token_ms/gen:0.36416845956805843 - timing_per_token_ms/ref:0.1662095507719797 - timing_per_token_ms/update_actor:0.35276988631203354 - perf/total_num_tokens:927618 - perf/time_per_step:811.7875754399865 - perf/throughput:1142.685633612012
[36m(TaskRunner pid=363808)[0m Dumped generations to /home/yw4636/agentic-tvg/results/grpo-smoke/rollouts/2.jsonl
[36m(TaskRunner pid=363808)[0m step:2 - global_seqlen/min:930733 - global_seqlen/max:930733 - global_seqlen/minmax_diff:0 - global_seqlen/balanced_min:930733 - global_seqlen/balanced_max:930733 - global_seqlen/mean:930733.0 - actor/entropy:1.1549878120422363 - perf/mfu/actor_infer:0.2993132221406307 - training/rollout_probs_diff_valid:1 - training/rollout_probs_diff_max:0.3685126304626465 - training/rollout_probs_diff_mean:0.008845061995089054 - training/rollout_probs_diff_std:0.013046590611338615 - training/rollout_actor_probs_pearson_corr:0.9991057515144348 - rollout_corr/training_ppl:3.1480653285980225 - rollout_corr/training_log_ppl:1.1211892366409302 - rollout_corr/kl:0.0015210577985271811 - rollout_corr/k3_kl:0.0023951176553964615 - rollout_corr/rollout_ppl:3.143242597579956 - rollout_corr/rollout_log_ppl:1.119615077972412 - rollout_corr/log_ppl_diff:0.0015741437673568726 - rollout_corr/log_ppl_abs_diff:0.0028899339959025383 - rollout_corr/log_ppl_diff_max:0.0141221284866333 - rollout_corr/log_ppl_diff_min:-0.0076950788497924805 - rollout_corr/ppl_ratio:1.0015809535980225 - rollout_corr/chi2_token:0.0068863630294799805 - rollout_corr/chi2_seq:9.470009803771973 - actor/pg_clipfrac:np.float64(0.0) - actor/ppo_kl:np.float64(0.0) - actor/pg_clipfrac_lower:np.float64(0.0) - actor/pg_loss:np.float64(-0.025224485361832194) - actor/kl_loss:np.float64(0.0007271911108546192) - actor/kl_coef:np.float64(0.0010000000000000002) - actor/loss:np.float64(-0.025223758071660995) - actor/grad_norm:np.float64(0.047299303114414215) - actor/lr:np.float64(3.250000000000002e-06) - actor/perf/max_memory_allocated_gb:np.float64(39.01323127746582) - actor/perf/max_memory_reserved_gb:np.float64(41.82421875) - actor/perf/cpu_memory_used_gb:np.float64(115.89609909057617) - perf/mfu/actor:np.float64(0.3438458978551548) - training/global_step:2 - training/epoch:0 - critic/score/mean:1.0504823923110962 - critic/score/max:2.0 - critic/score/min:0.5 - critic/rewards/mean:1.0504823923110962 - critic/rewards/max:2.0 - critic/rewards/min:0.5 - critic/advantages/mean:0.02522449940443039 - critic/advantages/max:3.4661810398101807 - critic/advantages/min:-3.7499847412109375 - critic/returns/mean:0.02522449940443039 - critic/returns/max:3.4661810398101807 - critic/returns/min:-3.7499847412109375 - response_length/mean:3252.3515625 - response_length/max:3610.0 - response_length/min:2921.0 - response_length/clip_ratio:0.0 - response_length_non_aborted/mean:3252.3515625 - response_length_non_aborted/max:3610.0 - response_length_non_aborted/min:2921.0 - response_length_non_aborted/clip_ratio:0.0 - response/aborted_ratio:0.0 - prompt_length/mean:4019.0 - prompt_length/max:4151.0 - prompt_length/min:3934.0 - prompt_length/clip_ratio:0.0 - num_turns/min:np.int32(4) - num_turns/max:np.int32(4) - num_turns/mean:np.float64(4.0) - timing_s/start_profile:6.964500062167645e-05 - timing_s/agent_loop/num_preempted/min:np.int64(-1) - timing_s/agent_loop/num_preempted/max:np.int64(-1) - timing_s/agent_loop/num_preempted/mean:np.float64(-1.0) - timing_s/agent_loop/generate_sequences/min:np.float64(60.798989554998116) - timing_s/agent_loop/generate_sequences/max:np.float64(118.46773896699597) - timing_s/agent_loop/generate_sequences/mean:np.float64(103.14554249219475) - timing_s/agent_loop/tool_calls/min:np.float64(0.0530134110013023) - timing_s/agent_loop/tool_calls/max:np.float64(0.6885732660011854) - timing_s/agent_loop/tool_calls/mean:np.float64(0.11724155771878486) - timing_s/agent_loop/compute_score/min:np.float64(0.2593216239911271) - timing_s/agent_loop/compute_score/max:np.float64(2.5585614050069125) - timing_s/agent_loop/compute_score/mean:np.float64(1.004226164812053) - timing_s/agent_loop/slowest/generate_sequences:np.float64(118.46773896699597) - timing_s/agent_loop/slowest/tool_calls:np.float64(0.1338126009941334) - timing_s/agent_loop/slowest/compute_score:np.float64(1.7895864019956207) - timing_s/agent_loop/slowest/num_preempted:np.int64(-1) - timing_s/agent_loop/slowest/prompt_length:3954 - timing_s/agent_loop/slowest/response_length:3610 - timing_s/gen:147.53234143000736 - timing_s/reward:3.823400766123086e-05 - timing_s/old_log_prob:166.55892547499388 - timing_s/ref:160.93491798700416 - timing_s/adv:0.12182071201095823 - timing_s/update_actor:330.8801074249932 - timing_s/update_weights:14.232304696997744 - timing_s/dump_rollout_generations:0.3261575090000406 - timing_s/step:820.7115536840138 - timing_s/stop_profile:5.132700607646257e-05 - timing_per_token_ms/adv:0.00013088685155781328 - timing_per_token_ms/gen:0.3543886308944907 - timing_per_token_ms/ref:0.1729120144950315 - timing_per_token_ms/update_actor:0.35550486275332793 - perf/total_num_tokens:930733 - perf/time_per_step:820.7115536840138 - perf/throughput:1134.0561684822414[36m(TaskRunner pid=363808)[0m Training Progress:  67%|██████▋   | 2/3 [27:12<13:37, 817.15s/it]
[36m(WorkerDict pid=364119)[0m /home/yw4636/.conda/envs/verl/lib/python3.12/site-packages/verl/plugin/platform/platform_cuda.py:99: FutureWarning: torch.cuda._set_allocator_settings is deprecated. Use torch._C._accelerator_setAllocatorSettings instead.
[36m(WorkerDict pid=364119)[0m   torch.cuda.memory._set_allocator_settings(settings)

[36m(TaskRunner pid=363808)[0m local_global_step_folder: /home/yw4636/agentic-tvg/results/grpo-smoke/ckpt/global_step_3
[36m(TaskRunner pid=363808)[0m Training Progress: 100%|██████████| 3/3 [41:27<00:00, 834.28s/it]Training Progress: 100%|██████████| 3/3 [41:27<00:00, 829.14s/it]
[36m(TaskRunner pid=363808)[0m Dumped generations to /home/yw4636/agentic-tvg/results/grpo-smoke/rollouts/3.jsonl
[36m(TaskRunner pid=363808)[0m step:3 - global_seqlen/min:927469 - global_seqlen/max:927469 - global_seqlen/minmax_diff:0 - global_seqlen/balanced_min:927469 - global_seqlen/balanced_max:927469 - global_seqlen/mean:927469.0 - actor/entropy:1.0784697532653809 - perf/mfu/actor_infer:0.2968349657392281 - training/rollout_probs_diff_valid:1 - training/rollout_probs_diff_max:0.21913912892341614 - training/rollout_probs_diff_mean:0.009359720163047314 - training/rollout_probs_diff_std:0.013977846130728722 - training/rollout_actor_probs_pearson_corr:0.9989691376686096 - rollout_corr/training_ppl:2.886861562728882 - rollout_corr/training_log_ppl:1.0378540754318237 - rollout_corr/kl:0.003153476631268859 - rollout_corr/k3_kl:0.0026614509988576174 - rollout_corr/rollout_ppl:2.877479076385498 - rollout_corr/rollout_log_ppl:1.0346081256866455 - rollout_corr/log_ppl_diff:0.0032458393834531307 - rollout_corr/log_ppl_abs_diff:0.003967090975493193 - rollout_corr/log_ppl_diff_max:0.017873167991638184 - rollout_corr/log_ppl_diff_min:-0.0053444504737854 - rollout_corr/ppl_ratio:1.003258228302002 - rollout_corr/chi2_token:0.004441618919372559 - rollout_corr/chi2_seq:1.570669174194336 - actor/pg_clipfrac:np.float64(0.0) - actor/ppo_kl:np.float64(0.0) - actor/pg_clipfrac_lower:np.float64(0.0) - actor/pg_loss:np.float64(0.008328276569955051) - actor/kl_loss:np.float64(0.0007012573596512084) - actor/kl_coef:np.float64(0.0010000000000000002) - actor/loss:np.float64(0.008328977972269058) - actor/grad_norm:np.float64(0.05424421280622482) - actor/lr:np.float64(1.0000000000000004e-06) - actor/perf/max_memory_allocated_gb:np.float64(39.01323127746582) - actor/perf/max_memory_reserved_gb:np.float64(41.82421875) - actor/perf/cpu_memory_used_gb:np.float64(131.77238082885742) - perf/mfu/actor:np.float64(0.3441848653799153) - training/global_step:3 - training/epoch:0 - critic/score/mean:1.1653786897659302 - critic/score/max:1.996666669845581 - critic/score/min:0.0 - critic/rewards/mean:1.1653786897659302 - critic/rewards/max:1.996666669845581 - critic/rewards/min:0.0 - critic/advantages/mean:-0.0083282720297575 - critic/advantages/max:1.9274210929870605 - critic/advantages/min:-3.2749691009521484 - critic/returns/mean:-0.0083282720297575 - critic/returns/max:1.9274210929870605 - critic/returns/min:-3.2749691009521484 - response_length/mean:3252.3515625 - response_length/max:6560.0 - response_length/min:2973.0 - response_length/clip_ratio:0.0 - response_length_non_aborted/mean:3252.3515625 - response_length_non_aborted/max:6560.0 - response_length_non_aborted/min:2973.0 - response_length_non_aborted/clip_ratio:0.0 - response/aborted_ratio:0.0 - prompt_length/mean:3993.5 - prompt_length/max:4147.0 - prompt_length/min:3936.0 - prompt_length/clip_ratio:0.0 - num_turns/min:np.int32(4) - num_turns/max:np.int32(6) - num_turns/mean:np.float64(4.015625) - timing_s/start_profile:7.052499859128147e-05 - timing_s/agent_loop/num_preempted/min:np.int64(-1) - timing_s/agent_loop/num_preempted/max:np.int64(-1) - timing_s/agent_loop/num_preempted/mean:np.float64(-1.0) - timing_s/agent_loop/generate_sequences/min:np.float64(61.97569073698833) - timing_s/agent_loop/generate_sequences/max:np.float64(115.70116433298972) - timing_s/agent_loop/generate_sequences/mean:np.float64(97.41123633737459) - timing_s/agent_loop/tool_calls/min:np.float64(0.0537803420011187) - timing_s/agent_loop/tool_calls/max:np.float64(0.9437640880059917) - timing_s/agent_loop/tool_calls/mean:np.float64(0.12844867429726037) - timing_s/agent_loop/compute_score/min:np.float64(0.30603687999246176) - timing_s/agent_loop/compute_score/max:np.float64(2.4463325530086877) - timing_s/agent_loop/compute_score/mean:np.float64(0.9917953878431263) - timing_s/agent_loop/slowest/generate_sequences:np.float64(115.70116433298972) - timing_s/agent_loop/slowest/tool_calls:np.float64(0.9437640880059917) - timing_s/agent_loop/slowest/compute_score:np.float64(0.9579654359986307) - timing_s/agent_loop/slowest/num_preempted:np.int64(-1) - timing_s/agent_loop/slowest/prompt_length:3951 - timing_s/agent_loop/slowest/response_length:6560 - timing_s/gen:144.44052302000637 - timing_s/reward:3.914700937457383e-05 - timing_s/old_log_prob:164.55775582100614 - timing_s/ref:166.47257101899595 - timing_s/adv:0.10798319600871764 - timing_s/update_actor:329.42494779500703 - timing_s/save_checkpoint:35.26052177300153 - timing_s/update_weights:13.846403453993844 - timing_s/dump_rollout_generations:0.3334386269998504 - timing_s/step:854.6106930329988 - timing_s/stop_profile:4.8627000069245696e-05 - timing_per_token_ms/adv:0.0001164278223948376 - timing_per_token_ms/gen:0.34696174887883136 - timing_per_token_ms/ref:0.17949125094099744 - timing_per_token_ms/update_actor:0.3551870173504527 - perf/total_num_tokens:927469 - perf/time_per_step:854.6106930329988 - perf/throughput:1085.2532124404252
[36m(TaskRunner pid=363808)[0m 'Final validation metrics: None'
