/home/yw4636/.conda/envs/verl/lib/python3.12/site-packages/verl/trainer/main_ppo.py:181: UserWarning: Disabled critic as algorithm.adv_estimator != gae. If it is not intended, please set critic.enable=True
  use_critic=need_critic(config),
/home/yw4636/.conda/envs/verl/lib/python3.12/site-packages/verl/workers/engine/__init__.py:31: UserWarning: torchtitan engine is not available: ModuleNotFoundError("No module named 'torchtitan'")
  warnings.warn(f"torchtitan engine is not available: {e!r}", stacklevel=1)
/home/yw4636/.conda/envs/verl/lib/python3.12/site-packages/verl/workers/engine/__init__.py:40: UserWarning: veomni engine is not available: ModuleNotFoundError("No module named 'veomni'")
  warnings.warn(f"veomni engine is not available: {e!r}", stacklevel=1)
/home/yw4636/.conda/envs/verl/lib/python3.12/site-packages/verl/workers/engine/__init__.py:49: UserWarning: automodel engine is not available: ModuleNotFoundError("No module named 'nemo_automodel'")
  warnings.warn(f"automodel engine is not available: {e!r}", stacklevel=1)
/home/yw4636/.conda/envs/verl/lib/python3.12/site-packages/verl/workers/engine/mindspeed/transformer_impl.py:24: UserWarning: NPU not support router replay for now.
  from verl.utils.megatron.router_replay_patch import RouterReplay
/home/yw4636/.conda/envs/verl/lib/python3.12/site-packages/verl/workers/engine/__init__.py:59: UserWarning: mindspeed engine is not available: ModuleNotFoundError("No module named 'megatron'")
  warnings.warn(f"mindspeed engine is not available: {e!r}", stacklevel=1)
/home/yw4636/.conda/envs/verl/lib/python3.12/site-packages/verl/workers/engine/__init__.py:69: UserWarning: megatron engine is not available: ModuleNotFoundError("No module named 'megatron'")
  warnings.warn(f"megatron engine is not available: {e!r}", stacklevel=1)
[validate_config] All configuration checks passed successfully!
[2026-08-26 06:17:23,255][__main__][WARNING] - Legacy trainer `main_ppo_v0.py` is deprecated, and wil be removed in v0.9.0.Please set `trainer.use_v1=True` in config to use V1 trainer.
2026-08-26 06:17:26,161	INFO worker.py:2015 -- Started a local Ray instance. View the dashboard at [1m[32mhttp://127.0.0.1:8265 [39m[22m
[36m(pid=1615033)[0m /home/yw4636/.conda/envs/verl/lib/python3.12/site-packages/verl/workers/engine/__init__.py:31: UserWarning: torchtitan engine is not available: ModuleNotFoundError("No module named 'torchtitan'")
[36m(pid=1615033)[0m   warnings.warn(f"torchtitan engine is not available: {e!r}", stacklevel=1)
[36m(pid=1615033)[0m /home/yw4636/.conda/envs/verl/lib/python3.12/site-packages/verl/workers/engine/__init__.py:40: UserWarning: veomni engine is not available: ModuleNotFoundError("No module named 'veomni'")
[36m(pid=1615033)[0m   warnings.warn(f"veomni engine is not available: {e!r}", stacklevel=1)
[36m(pid=1615033)[0m /home/yw4636/.conda/envs/verl/lib/python3.12/site-packages/verl/workers/engine/__init__.py:49: UserWarning: automodel engine is not available: ModuleNotFoundError("No module named 'nemo_automodel'")
[36m(pid=1615033)[0m   warnings.warn(f"automodel engine is not available: {e!r}", stacklevel=1)
[36m(pid=1615033)[0m /home/yw4636/.conda/envs/verl/lib/python3.12/site-packages/verl/workers/engine/mindspeed/transformer_impl.py:24: UserWarning: NPU not support router replay for now.
[36m(pid=1615033)[0m   from verl.utils.megatron.router_replay_patch import RouterReplay
[36m(pid=1615033)[0m /home/yw4636/.conda/envs/verl/lib/python3.12/site-packages/verl/workers/engine/__init__.py:59: UserWarning: mindspeed engine is not available: ModuleNotFoundError("No module named 'megatron'")
[36m(pid=1615033)[0m   warnings.warn(f"mindspeed engine is not available: {e!r}", stacklevel=1)
[36m(pid=1615033)[0m /home/yw4636/.conda/envs/verl/lib/python3.12/site-packages/verl/workers/engine/__init__.py:69: UserWarning: megatron engine is not available: ModuleNotFoundError("No module named 'megatron'")
[36m(pid=1615033)[0m   warnings.warn(f"megatron engine is not available: {e!r}", stacklevel=1)
ray init kwargs: {'num_cpus': None, 'runtime_env': {'env_vars': {'TOKENIZERS_PARALLELISM': 'true', 'NCCL_DEBUG': 'WARN', 'VLLM_LOGGING_LEVEL': 'WARN', 'VLLM_ALLOW_RUNTIME_LORA_UPDATING': 'true', 'VLLM_DISABLE_COMPILE_CACHE': '1', 'HCCL_HOST_SOCKET_PORT_RANGE': 'auto', 'HCCL_NPU_SOCKET_PORT_RANGE': 'auto', 'HSA_NO_SCRATCH_RECLAIM': '1', 'VERL_FULL_DETERMINISM': '0', 'VLLM_BATCH_INVARIANT': '0', 'VERL_RL_INSIGHT_ENABLE': '0'}, 'working_dir': None}}
[36m(TaskRunner pid=1615033)[0m TaskRunner hostname: srv1-lg2.bed.cosmos-lab.org, PID: 1615033
[36m(TaskRunner pid=1615033)[0m {'actor_rollout_ref': {'actor': {'_target_': 'verl.workers.config.FSDPActorConfig',
[36m(TaskRunner pid=1615033)[0m                                  'calculate_entropy': False,
[36m(TaskRunner pid=1615033)[0m                                  'calculate_sum_pi_squared': False,
[36m(TaskRunner pid=1615033)[0m                                  'checkpoint': {'_target_': 'verl.trainer.config.CheckpointConfig',
[36m(TaskRunner pid=1615033)[0m                                                 'async_save': False,
[36m(TaskRunner pid=1615033)[0m                                                 'load_contents': ['model',
[36m(TaskRunner pid=1615033)[0m                                                                   'optimizer',
[36m(TaskRunner pid=1615033)[0m                                                                   'extra'],
[36m(TaskRunner pid=1615033)[0m                                                 'save_contents': ['model',
[36m(TaskRunner pid=1615033)[0m                                                                   'optimizer',
[36m(TaskRunner pid=1615033)[0m                                                                   'extra'],
[36m(TaskRunner pid=1615033)[0m                                                 'strict': True},
[36m(TaskRunner pid=1615033)[0m                                  'clip_ratio': 0.2,
[36m(TaskRunner pid=1615033)[0m                                  'clip_ratio_c': 3.0,
[36m(TaskRunner pid=1615033)[0m                                  'clip_ratio_high': 0.2,
[36m(TaskRunner pid=1615033)[0m                                  'clip_ratio_low': 0.2,
[36m(TaskRunner pid=1615033)[0m                                  'data_loader_seed': 42,
[36m(TaskRunner pid=1615033)[0m                                  'entropy_checkpointing': False,
[36m(TaskRunner pid=1615033)[0m                                  'entropy_coeff': 0,
[36m(TaskRunner pid=1615033)[0m                                  'entropy_from_logits_chunk_size': 2048,
[36m(TaskRunner pid=1615033)[0m                                  'entropy_from_logits_with_chunking': False,
[36m(TaskRunner pid=1615033)[0m                                  'freeze_vision_tower': False,
[36m(TaskRunner pid=1615033)[0m                                  'fsdp_config': {'_target_': 'verl.workers.config.FSDPEngineConfig',
[36m(TaskRunner pid=1615033)[0m                                                  'dtype': 'bfloat16',
[36m(TaskRunner pid=1615033)[0m                                                  'entropy_checkpointing': False,
[36m(TaskRunner pid=1615033)[0m                                                  'entropy_from_logits_chunk_size': 2048,
[36m(TaskRunner pid=1615033)[0m                                                  'entropy_from_logits_with_chunking': False,
[36m(TaskRunner pid=1615033)[0m                                                  'forward_only': False,
[36m(TaskRunner pid=1615033)[0m                                                  'forward_prefetch': False,
[36m(TaskRunner pid=1615033)[0m                                                  'fsdp_size': -1,
[36m(TaskRunner pid=1615033)[0m                                                  'full_determinism': False,
[36m(TaskRunner pid=1615033)[0m                                                  'model_dtype': 'fp32',
[36m(TaskRunner pid=1615033)[0m                                                  'offload_policy': False,
[36m(TaskRunner pid=1615033)[0m                                                  'optimizer_offload': True,
[36m(TaskRunner pid=1615033)[0m                                                  'pad_to_length': False,
[36m(TaskRunner pid=1615033)[0m                                                  'pad_to_length_bucket': 1024,
[36m(TaskRunner pid=1615033)[0m                                                  'param_offload': True,
[36m(TaskRunner pid=1615033)[0m                                                  'qat': {'_target_': 'verl.workers.config.QATEngineConfig',
[36m(TaskRunner pid=1615033)[0m                                                          'activation_observer': 'static_minmax',
[36m(TaskRunner pid=1615033)[0m                                                          'enable': False,
[36m(TaskRunner pid=1615033)[0m                                                          'group_size': 16,
[36m(TaskRunner pid=1615033)[0m                                                          'ignore_patterns': ['lm_head',
[36m(TaskRunner pid=1615033)[0m                                                                              'embed_tokens',
[36m(TaskRunner pid=1615033)[0m                                                                              're:.*mlp.gate$'],
[36m(TaskRunner pid=1615033)[0m                                                          'mode': 'w4a16',
[36m(TaskRunner pid=1615033)[0m                                                          'quantization_config_path': None},
[36m(TaskRunner pid=1615033)[0m                                                  'reshard_after_forward': True,
[36m(TaskRunner pid=1615033)[0m                                                  'seed': 42,
[36m(TaskRunner pid=1615033)[0m                                                  'strategy': 'fsdp',
[36m(TaskRunner pid=1615033)[0m                                                  'ulysses_sequence_parallel_size': 1,
[36m(TaskRunner pid=1615033)[0m                                                  'use_orig_params': False,
[36m(TaskRunner pid=1615033)[0m                                                  'use_torch_compile': True,
[36m(TaskRunner pid=1615033)[0m                                                  'wrap_policy': {'min_num_params': 0}},
[36m(TaskRunner pid=1615033)[0m                                  'grad_clip': 1.0,
[36m(TaskRunner pid=1615033)[0m                                  'kl_loss_coef': 0.001,
[36m(TaskRunner pid=1615033)[0m                                  'kl_loss_type': 'low_var_kl',
[36m(TaskRunner pid=1615033)[0m                                  'loss_agg_mode': 'token-mean',
[36m(TaskRunner pid=1615033)[0m                                  'loss_scale_factor': None,
[36m(TaskRunner pid=1615033)[0m                                  'optim': {'_target_': 'verl.workers.config.FSDPOptimizerConfig',
[36m(TaskRunner pid=1615033)[0m                                            'betas': [0.9, 0.999],
[36m(TaskRunner pid=1615033)[0m                                            'clip_grad': 1.0,
[36m(TaskRunner pid=1615033)[0m                                            'lr': 1e-05,
[36m(TaskRunner pid=1615033)[0m                                            'lr_scheduler_type': 'constant',
[36m(TaskRunner pid=1615033)[0m                                            'lr_warmup_steps': -1,
[36m(TaskRunner pid=1615033)[0m                                            'lr_warmup_steps_ratio': 0.0,
[36m(TaskRunner pid=1615033)[0m                                            'min_lr_ratio': 0.0,
[36m(TaskRunner pid=1615033)[0m                                            'num_cycles': 0.5,
[36m(TaskRunner pid=1615033)[0m                                            'optimizer': 'AdamW',
[36m(TaskRunner pid=1615033)[0m                                            'optimizer_impl': 'torch.optim',
[36m(TaskRunner pid=1615033)[0m                                            'override_optimizer_config': None,
[36m(TaskRunner pid=1615033)[0m                                            'total_training_steps': -1,
[36m(TaskRunner pid=1615033)[0m                                            'warmup_style': None,
[36m(TaskRunner pid=1615033)[0m                                            'weight_decay': 0.01,
[36m(TaskRunner pid=1615033)[0m                                            'zero_indexed_step': True},
[36m(TaskRunner pid=1615033)[0m                                  'pad_to_length': False,
[36m(TaskRunner pid=1615033)[0m                                  'policy_loss': {'_target_': 'verl.workers.config.PolicyLossConfig',
[36m(TaskRunner pid=1615033)[0m                                                  'clip_cov_lb': 1.0,
[36m(TaskRunner pid=1615033)[0m                                                  'clip_cov_ratio': 0.0002,
[36m(TaskRunner pid=1615033)[0m                                                  'clip_cov_ub': 5.0,
[36m(TaskRunner pid=1615033)[0m                                                  'dro_beta': None,
[36m(TaskRunner pid=1615033)[0m                                                  'kl_cov_ratio': 0.0002,
[36m(TaskRunner pid=1615033)[0m                                                  'loss_mode': 'vanilla',
[36m(TaskRunner pid=1615033)[0m                                                  'ppo_kl_coef': 0.1},
[36m(TaskRunner pid=1615033)[0m                                  'ppo_epochs': 1,
[36m(TaskRunner pid=1615033)[0m                                  'ppo_max_token_len_per_gpu': 16384,
[36m(TaskRunner pid=1615033)[0m                                  'ppo_micro_batch_size': None,
[36m(TaskRunner pid=1615033)[0m                                  'ppo_micro_batch_size_per_gpu': None,
[36m(TaskRunner pid=1615033)[0m                                  'ppo_mini_batch_size': 8,
[36m(TaskRunner pid=1615033)[0m                                  'profiler': {'_target_': 'verl.utils.profiler.ProfilerConfig',
[36m(TaskRunner pid=1615033)[0m                                               'all_ranks': False,
[36m(TaskRunner pid=1615033)[0m                                               'enable': False,
[36m(TaskRunner pid=1615033)[0m                                               'ranks': [],
[36m(TaskRunner pid=1615033)[0m                                               'save_path': 'outputs/profile',
[36m(TaskRunner pid=1615033)[0m                                               'tool': None,
[36m(TaskRunner pid=1615033)[0m                                               'tool_config': {'npu': {'_target_': 'verl.utils.profiler.config.NPUToolConfig',
[36m(TaskRunner pid=1615033)[0m                                                                       'analysis': True,
[36m(TaskRunner pid=1615033)[0m                                                                       'contents': [],
[36m(TaskRunner pid=1615033)[0m                                                                       'discrete': False,
[36m(TaskRunner pid=1615033)[0m                                                                       'level': 'level0'},
[36m(TaskRunner pid=1615033)[0m                                                               'nsys': {'_target_': 'verl.utils.profiler.config.NsightToolConfig',
[36m(TaskRunner pid=1615033)[0m                                                                        'discrete': False},
[36m(TaskRunner pid=1615033)[0m                                                               'precision_debugger': {'_target_': 'verl.utils.profiler.config.PrecisionDebuggerToolConfig',
[36m(TaskRunner pid=1615033)[0m                                                                                      'config_path': None,
[36m(TaskRunner pid=1615033)[0m                                                                                      'stages': None,
[36m(TaskRunner pid=1615033)[0m                                                                                      'steps': None,
[36m(TaskRunner pid=1615033)[0m                                                                                      'strict': False},
[36m(TaskRunner pid=1615033)[0m                                                               'torch': {'_target_': 'verl.utils.profiler.config.TorchProfilerToolConfig',
[36m(TaskRunner pid=1615033)[0m                                                                         'contents': [],
[36m(TaskRunner pid=1615033)[0m                                                                         'discrete': False,
[36m(TaskRunner pid=1615033)[0m                                                                         'schedule': {'_target_': 'verl.utils.profiler.config.TorchProfilerScheduleConfig',
[36m(TaskRunner pid=1615033)[0m                                                                                      'active': 0,
[36m(TaskRunner pid=1615033)[0m                                                                                      'repeat': 0,
[36m(TaskRunner pid=1615033)[0m                                                                                      'skip_first': 0,
[36m(TaskRunner pid=1615033)[0m                                                                                      'wait': 0,
[36m(TaskRunner pid=1615033)[0m                                                                                      'warmup': 0}},
[36m(TaskRunner pid=1615033)[0m                                                               'torch_memory': {'_target_': 'verl.utils.profiler.config.TorchMemoryToolConfig',
[36m(TaskRunner pid=1615033)[0m                                                                                'stack_depth': 32,
[36m(TaskRunner pid=1615033)[0m                                                                                'trace_alloc_max_entries': 100000}}},
[36m(TaskRunner pid=1615033)[0m                                  'qat': {'activation_observer': 'static_minmax',
[36m(TaskRunner pid=1615033)[0m                                          'enable': False,
[36m(TaskRunner pid=1615033)[0m                                          'group_size': 16,
[36m(TaskRunner pid=1615033)[0m                                          'ignore_patterns': ['lm_head',
[36m(TaskRunner pid=1615033)[0m                                                              'embed_tokens',
[36m(TaskRunner pid=1615033)[0m                                                              're:.*mlp.gate$'],
[36m(TaskRunner pid=1615033)[0m                                          'mode': 'w4a16',
[36m(TaskRunner pid=1615033)[0m                                          'quantization_config_path': None},
[36m(TaskRunner pid=1615033)[0m                                  'rollout_n': 4,
[36m(TaskRunner pid=1615033)[0m                                  'router_replay': {'_target_': 'verl.workers.config.RouterReplayConfig',
[36m(TaskRunner pid=1615033)[0m                                                    'mode': 'disabled',
[36m(TaskRunner pid=1615033)[0m                                                    'record_file': None,
[36m(TaskRunner pid=1615033)[0m                                                    'replay_file': None},
[36m(TaskRunner pid=1615033)[0m                                  'shuffle': False,
[36m(TaskRunner pid=1615033)[0m                                  'strategy': 'fsdp2',
[36m(TaskRunner pid=1615033)[0m                                  'tau_neg': 1.05,
[36m(TaskRunner pid=1615033)[0m                                  'tau_pos': 1.0,
[36m(TaskRunner pid=1615033)[0m                                  'ulysses_sequence_parallel_size': 1,
[36m(TaskRunner pid=1615033)[0m                                  'use_dynamic_bsz': True,
[36m(TaskRunner pid=1615033)[0m                                  'use_fused_kernels': False,
[36m(TaskRunner pid=1615033)[0m                                  'use_kl_loss': False,
[36m(TaskRunner pid=1615033)[0m                                  'use_prefix_grouper': False,
[36m(TaskRunner pid=1615033)[0m                                  'use_remove_padding': True,
[36m(TaskRunner pid=1615033)[0m                                  'use_torch_compile': True},
[36m(TaskRunner pid=1615033)[0m                        'hybrid_engine': True,
[36m(TaskRunner pid=1615033)[0m                        'model': {'_target_': 'verl.workers.config.HFModelConfig',
[36m(TaskRunner pid=1615033)[0m                                  'custom_chat_template': None,
[36m(TaskRunner pid=1615033)[0m                                  'enable_activation_offload': False,
[36m(TaskRunner pid=1615033)[0m                                  'enable_gradient_checkpointing': True,
[36m(TaskRunner pid=1615033)[0m                                  'exclude_modules': '.*visual.*',
[36m(TaskRunner pid=1615033)[0m                                  'external_lib': None,
[36m(TaskRunner pid=1615033)[0m                                  'fused_kernel_options': {'impl_backend': 'torch'},
[36m(TaskRunner pid=1615033)[0m                                  'hf_config_path': None,
[36m(TaskRunner pid=1615033)[0m                                  'lora': {'a2a_experimental': False,
[36m(TaskRunner pid=1615033)[0m                                           'adapter_path': None,
[36m(TaskRunner pid=1615033)[0m                                           'alpha': 32,
[36m(TaskRunner pid=1615033)[0m                                           'dropout': 0.0,
[36m(TaskRunner pid=1615033)[0m                                           'dropout_position': 'pre',
[36m(TaskRunner pid=1615033)[0m                                           'dtype': None,
[36m(TaskRunner pid=1615033)[0m                                           'exclude_modules': [],
[36m(TaskRunner pid=1615033)[0m                                           'freeze_language_model': True,
[36m(TaskRunner pid=1615033)[0m                                           'freeze_vision_model': True,
[36m(TaskRunner pid=1615033)[0m                                           'freeze_vision_projection': True,
[36m(TaskRunner pid=1615033)[0m                                           'lora_A_init_method': 'xavier',
[36m(TaskRunner pid=1615033)[0m                                           'lora_B_init_method': 'zero',
[36m(TaskRunner pid=1615033)[0m                                           'merge': False,
[36m(TaskRunner pid=1615033)[0m                                           'rank': 0,
[36m(TaskRunner pid=1615033)[0m                                           'target_modules': ['linear_qkv',
[36m(TaskRunner pid=1615033)[0m                                                              'linear_proj',
[36m(TaskRunner pid=1615033)[0m                                                              'linear_fc1',
[36m(TaskRunner pid=1615033)[0m                                                              'linear_fc2'],
[36m(TaskRunner pid=1615033)[0m                                           'type': 'lora'},
[36m(TaskRunner pid=1615033)[0m                                  'lora_adapter_path': None,
[36m(TaskRunner pid=1615033)[0m                                  'lora_alpha': 32,
[36m(TaskRunner pid=1615033)[0m                                  'lora_rank': 16,
[36m(TaskRunner pid=1615033)[0m                                  'mtp': {'_target_': 'verl.workers.config.MtpConfig',
[36m(TaskRunner pid=1615033)[0m                                          'detach_encoder': False,
[36m(TaskRunner pid=1615033)[0m                                          'enable': False,
[36m(TaskRunner pid=1615033)[0m                                          'enable_rollout': False,
[36m(TaskRunner pid=1615033)[0m                                          'enable_train': False,
[36m(TaskRunner pid=1615033)[0m                                          'method': 'mtp',
[36m(TaskRunner pid=1615033)[0m                                          'mtp_loss_scaling_factor': 0.1,
[36m(TaskRunner pid=1615033)[0m                                          'num_speculative_tokens': 1,
[36m(TaskRunner pid=1615033)[0m                                          'speculative_algorithm': 'EAGLE',
[36m(TaskRunner pid=1615033)[0m                                          'speculative_eagle_topk': 1,
[36m(TaskRunner pid=1615033)[0m                                          'speculative_num_draft_tokens': 4,
[36m(TaskRunner pid=1615033)[0m                                          'speculative_num_steps': 3},
[36m(TaskRunner pid=1615033)[0m                                  'override_config': {},
[36m(TaskRunner pid=1615033)[0m                                  'path': '/home/yw4636/agentic-tvg/models/Qwen3-VL-4B-Instruct',
[36m(TaskRunner pid=1615033)[0m                                  'target_modules': 'all-linear',
[36m(TaskRunner pid=1615033)[0m                                  'tiled_mlp': {'enabled': False,
[36m(TaskRunner pid=1615033)[0m                                                'num_shards': 4},
[36m(TaskRunner pid=1615033)[0m                                  'tokenizer_path': None,
[36m(TaskRunner pid=1615033)[0m                                  'trust_remote_code': False,
[36m(TaskRunner pid=1615033)[0m                                  'use_fused_kernels': False,
[36m(TaskRunner pid=1615033)[0m                                  'use_liger': False,
[36m(TaskRunner pid=1615033)[0m                                  'use_remove_padding': True,
[36m(TaskRunner pid=1615033)[0m                                  'use_shm': False},
[36m(TaskRunner pid=1615033)[0m                        'nccl_timeout': 600,
[36m(TaskRunner pid=1615033)[0m                        'ref': {'_target_': 'verl.workers.config.FSDPActorConfig',
[36m(TaskRunner pid=1615033)[0m                                'entropy_checkpointing': False,
[36m(TaskRunner pid=1615033)[0m                                'entropy_from_logits_chunk_size': 2048,
[36m(TaskRunner pid=1615033)[0m                                'entropy_from_logits_with_chunking': False,
[36m(TaskRunner pid=1615033)[0m                                'fsdp_config': {'_target_': 'verl.workers.config.FSDPEngineConfig',
[36m(TaskRunner pid=1615033)[0m                                                'dtype': 'bfloat16',
[36m(TaskRunner pid=1615033)[0m                                                'entropy_checkpointing': False,
[36m(TaskRunner pid=1615033)[0m                                                'entropy_from_logits_chunk_size': 2048,
[36m(TaskRunner pid=1615033)[0m                                                'entropy_from_logits_with_chunking': False,
[36m(TaskRunner pid=1615033)[0m                                                'forward_only': True,
[36m(TaskRunner pid=1615033)[0m                                                'forward_prefetch': False,
[36m(TaskRunner pid=1615033)[0m                                                'fsdp_size': -1,
[36m(TaskRunner pid=1615033)[0m                                                'full_determinism': False,
[36m(TaskRunner pid=1615033)[0m                                                'model_dtype': 'fp32',
[36m(TaskRunner pid=1615033)[0m                                                'offload_policy': False,
[36m(TaskRunner pid=1615033)[0m                                                'optimizer_offload': False,
[36m(TaskRunner pid=1615033)[0m                                                'pad_to_length': False,
[36m(TaskRunner pid=1615033)[0m                                                'pad_to_length_bucket': 1024,
[36m(TaskRunner pid=1615033)[0m                                                'param_offload': False,
[36m(TaskRunner pid=1615033)[0m                                                'qat': {'_target_': 'verl.workers.config.QATEngineConfig',
[36m(TaskRunner pid=1615033)[0m                                                        'activation_observer': 'static_minmax',
[36m(TaskRunner pid=1615033)[0m                                                        'enable': False,
[36m(TaskRunner pid=1615033)[0m                                                        'group_size': 16,
[36m(TaskRunner pid=1615033)[0m                                                        'ignore_patterns': ['lm_head',
[36m(TaskRunner pid=1615033)[0m                                                                            'embed_tokens',
[36m(TaskRunner pid=1615033)[0m                                                                            're:.*mlp.gate$'],
[36m(TaskRunner pid=1615033)[0m                                                        'mode': 'w4a16',
[36m(TaskRunner pid=1615033)[0m                                                        'quantization_config_path': None},
[36m(TaskRunner pid=1615033)[0m                                                'reshard_after_forward': True,
[36m(TaskRunner pid=1615033)[0m                                                'seed': 42,
[36m(TaskRunner pid=1615033)[0m                                                'strategy': 'fsdp',
[36m(TaskRunner pid=1615033)[0m                                                'ulysses_sequence_parallel_size': 1,
[36m(TaskRunner pid=1615033)[0m                                                'use_orig_params': False,
[36m(TaskRunner pid=1615033)[0m                                                'use_torch_compile': True,
[36m(TaskRunner pid=1615033)[0m                                                'wrap_policy': {'min_num_params': 0}},
[36m(TaskRunner pid=1615033)[0m                                'log_prob_max_token_len_per_gpu': 16384,
[36m(TaskRunner pid=1615033)[0m                                'log_prob_micro_batch_size': None,
[36m(TaskRunner pid=1615033)[0m                                'log_prob_micro_batch_size_per_gpu': None,
[36m(TaskRunner pid=1615033)[0m                                'log_prob_use_dynamic_bsz': True,
[36m(TaskRunner pid=1615033)[0m                                'pad_to_length': False,
[36m(TaskRunner pid=1615033)[0m                                'profiler': {'_target_': 'verl.utils.profiler.ProfilerConfig',
[36m(TaskRunner pid=1615033)[0m                                             'all_ranks': False,
[36m(TaskRunner pid=1615033)[0m                                             'enable': False,
[36m(TaskRunner pid=1615033)[0m                                             'ranks': [],
[36m(TaskRunner pid=1615033)[0m                                             'save_path': 'outputs/profile',
[36m(TaskRunner pid=1615033)[0m                                             'tool': None,
[36m(TaskRunner pid=1615033)[0m                                             'tool_config': {'npu': {'_target_': 'verl.utils.profiler.config.NPUToolConfig',
[36m(TaskRunner pid=1615033)[0m                                                                     'analysis': True,
[36m(TaskRunner pid=1615033)[0m                                                                     'contents': [],
[36m(TaskRunner pid=1615033)[0m                                                                     'discrete': False,
[36m(TaskRunner pid=1615033)[0m                                                                     'level': 'level0'},
[36m(TaskRunner pid=1615033)[0m                                                             'nsys': {'_target_': 'verl.utils.profiler.config.NsightToolConfig',
[36m(TaskRunner pid=1615033)[0m                                                                      'discrete': False},
[36m(TaskRunner pid=1615033)[0m                                                             'precision_debugger': {'_target_': 'verl.utils.profiler.config.PrecisionDebuggerToolConfig',
[36m(TaskRunner pid=1615033)[0m                                                                                    'config_path': None,
[36m(TaskRunner pid=1615033)[0m                                                                                    'stages': None,
[36m(TaskRunner pid=1615033)[0m                                                                                    'steps': None,
[36m(TaskRunner pid=1615033)[0m                                                                                    'strict': False},
[36m(TaskRunner pid=1615033)[0m                                                             'torch': {'_target_': 'verl.utils.profiler.config.TorchProfilerToolConfig',
[36m(TaskRunner pid=1615033)[0m                                                                       'contents': [],
[36m(TaskRunner pid=1615033)[0m                                                                       'discrete': False,
[36m(TaskRunner pid=1615033)[0m                                                                       'schedule': {'_target_': 'verl.utils.profiler.config.TorchProfilerScheduleConfig',
[36m(TaskRunner pid=1615033)[0m                                                                                    'active': 0,
[36m(TaskRunner pid=1615033)[0m                                                                                    'repeat': 0,
[36m(TaskRunner pid=1615033)[0m                                                                                    'skip_first': 0,
[36m(TaskRunner pid=1615033)[0m                                                                                    'wait': 0,
[36m(TaskRunner pid=1615033)[0m                                                                                    'warmup': 0}},
[36m(TaskRunner pid=1615033)[0m                                                             'torch_memory': {'_target_': 'verl.utils.profiler.config.TorchMemoryToolConfig',
[36m(TaskRunner pid=1615033)[0m                                                                              'stack_depth': 32,
[36m(TaskRunner pid=1615033)[0m                                                                              'trace_alloc_max_entries': 100000}}},
[36m(TaskRunner pid=1615033)[0m                                'rollout_n': 4,
[36m(TaskRunner pid=1615033)[0m                                'router_replay': {'_target_': 'verl.workers.config.RouterReplayConfig',
[36m(TaskRunner pid=1615033)[0m                                                  'mode': 'disabled',
[36m(TaskRunner pid=1615033)[0m                                                  'record_file': None,
[36m(TaskRunner pid=1615033)[0m                                                  'replay_file': None},
[36m(TaskRunner pid=1615033)[0m                                'strategy': 'fsdp2',
[36m(TaskRunner pid=1615033)[0m                                'ulysses_sequence_parallel_size': 1,
[36m(TaskRunner pid=1615033)[0m                                'use_torch_compile': True},
[36m(TaskRunner pid=1615033)[0m                        'rollout': {'_target_': 'verl.workers.config.RolloutConfig',
[36m(TaskRunner pid=1615033)[0m                                    'agent': {'_target_': 'verl.workers.config.AgentLoopConfig',
[36m(TaskRunner pid=1615033)[0m                                              'agent_loop_config_path': None,
[36m(TaskRunner pid=1615033)[0m                                              'custom_async_server': {'_target_': 'verl.workers.config.CustomAsyncServerConfig',
[36m(TaskRunner pid=1615033)[0m                                                                      'name': None,
[36m(TaskRunner pid=1615033)[0m                                                                      'path': None},
[36m(TaskRunner pid=1615033)[0m                                              'default_agent_loop': 'tool_agent',
[36m(TaskRunner pid=1615033)[0m                                              'num_workers': 8},
[36m(TaskRunner pid=1615033)[0m                                    'calculate_log_probs': True,
[36m(TaskRunner pid=1615033)[0m                                    'checkpoint_engine': {'_target_': 'verl.workers.config.CheckpointEngineConfig',
[36m(TaskRunner pid=1615033)[0m                                                          'backend': 'naive',
[36m(TaskRunner pid=1615033)[0m                                                          'custom_backend_module': None,
[36m(TaskRunner pid=1615033)[0m                                                          'engine_kwargs': {},
[36m(TaskRunner pid=1615033)[0m                                                          'update_weights_bucket_megabytes': 2048},
[36m(TaskRunner pid=1615033)[0m                                    'cudagraph_capture_sizes': None,
[36m(TaskRunner pid=1615033)[0m                                    'data_parallel_size': 1,
[36m(TaskRunner pid=1615033)[0m                                    'disable_log_stats': True,
[36m(TaskRunner pid=1615033)[0m                                    'disaggregation': {'bootstrap_port': None,
[36m(TaskRunner pid=1615033)[0m                                                       'decode_replicas': 1,
[36m(TaskRunner pid=1615033)[0m                                                       'decode_tensor_model_parallel_size': None,
[36m(TaskRunner pid=1615033)[0m                                                       'enabled': False,
[36m(TaskRunner pid=1615033)[0m                                                       'ib_device': None,
[36m(TaskRunner pid=1615033)[0m                                                       'prefill_replicas': 1,
[36m(TaskRunner pid=1615033)[0m                                                       'transfer_backend': 'nixl'},
[36m(TaskRunner pid=1615033)[0m                                    'do_sample': True,
[36m(TaskRunner pid=1615033)[0m                                    'dtype': 'bfloat16',
[36m(TaskRunner pid=1615033)[0m                                    'enable_chunked_prefill': True,
[36m(TaskRunner pid=1615033)[0m                                    'enable_prefix_caching': True,
[36m(TaskRunner pid=1615033)[0m                                    'enable_rollout_routing_replay': False,
[36m(TaskRunner pid=1615033)[0m                                    'enforce_eager': False,
[36m(TaskRunner pid=1615033)[0m                                    'engine_kwargs': {'sglang': {},
[36m(TaskRunner pid=1615033)[0m                                                      'trtllm': {},
[36m(TaskRunner pid=1615033)[0m                                                      'vllm': {}},
[36m(TaskRunner pid=1615033)[0m                                    'expert_parallel_size': 1,
[36m(TaskRunner pid=1615033)[0m                                    'free_cache_engine': True,
[36m(TaskRunner pid=1615033)[0m                                    'full_determinism': False,
[36m(TaskRunner pid=1615033)[0m                                    'gpu_memory_utilization': 0.45,
[36m(TaskRunner pid=1615033)[0m                                    'ignore_eos': False,
[36m(TaskRunner pid=1615033)[0m                                    'layered_summon': True,
[36m(TaskRunner pid=1615033)[0m                                    'limit_images': 64,
[36m(TaskRunner pid=1615033)[0m                                    'load_format': 'safetensors',
[36m(TaskRunner pid=1615033)[0m                                    'log_prob_max_token_len_per_gpu': 16384,
[36m(TaskRunner pid=1615033)[0m                                    'log_prob_micro_batch_size': None,
[36m(TaskRunner pid=1615033)[0m                                    'log_prob_micro_batch_size_per_gpu': None,
[36m(TaskRunner pid=1615033)[0m                                    'log_prob_use_dynamic_bsz': True,
[36m(TaskRunner pid=1615033)[0m                                    'logprobs_mode': 'processed_logprobs',
[36m(TaskRunner pid=1615033)[0m                                    'max_model_len': 14336,
[36m(TaskRunner pid=1615033)[0m                                    'max_num_batched_tokens': 16384,
[36m(TaskRunner pid=1615033)[0m                                    'max_num_seqs': 256,
[36m(TaskRunner pid=1615033)[0m                                    'mode': 'async',
[36m(TaskRunner pid=1615033)[0m                                    'moe_load_balance_metrics_interval': 0,
[36m(TaskRunner pid=1615033)[0m                                    'mtp': {'_target_': 'verl.workers.config.MtpConfig',
[36m(TaskRunner pid=1615033)[0m                                            'detach_encoder': False,
[36m(TaskRunner pid=1615033)[0m                                            'enable': False,
[36m(TaskRunner pid=1615033)[0m                                            'enable_rollout': False,
[36m(TaskRunner pid=1615033)[0m                                            'enable_train': False,
[36m(TaskRunner pid=1615033)[0m                                            'method': 'mtp',
[36m(TaskRunner pid=1615033)[0m                                            'mtp_loss_scaling_factor': 0.1,
[36m(TaskRunner pid=1615033)[0m                                            'num_speculative_tokens': 1,
[36m(TaskRunner pid=1615033)[0m                                            'speculative_algorithm': 'EAGLE',
[36m(TaskRunner pid=1615033)[0m                                            'speculative_eagle_topk': 1,
[36m(TaskRunner pid=1615033)[0m                                            'speculative_num_draft_tokens': 4,
[36m(TaskRunner pid=1615033)[0m                                            'speculative_num_steps': 3},
[36m(TaskRunner pid=1615033)[0m                                    'multi_stage_wake_up': False,
[36m(TaskRunner pid=1615033)[0m                                    'multi_turn': {'_target_': 'verl.workers.config.MultiTurnConfig',
[36m(TaskRunner pid=1615033)[0m                                                   'enable': True,
[36m(TaskRunner pid=1615033)[0m                                                   'format': 'hermes',
[36m(TaskRunner pid=1615033)[0m                                                   'function_tool_path': None,
[36m(TaskRunner pid=1615033)[0m                                                   'max_assistant_turns': 4,
[36m(TaskRunner pid=1615033)[0m                                                   'max_parallel_calls': 1,
[36m(TaskRunner pid=1615033)[0m                                                   'max_tool_response_length': 2048,
[36m(TaskRunner pid=1615033)[0m                                                   'max_user_turns': 3,
[36m(TaskRunner pid=1615033)[0m                                                   'num_repeat_rollouts': None,
[36m(TaskRunner pid=1615033)[0m                                                   'tokenization_sanity_check_mode': 'strict',
[36m(TaskRunner pid=1615033)[0m                                                   'tool_config_path': '/home/yw4636/agentic-tvg/crop_video_tool.yaml',
[36m(TaskRunner pid=1615033)[0m                                                   'tool_response_truncate_side': 'middle',
[36m(TaskRunner pid=1615033)[0m                                                   'use_inference_chat_template': False},
[36m(TaskRunner pid=1615033)[0m                                    'n': 4,
[36m(TaskRunner pid=1615033)[0m                                    'n_gpus_per_node': 1,
[36m(TaskRunner pid=1615033)[0m                                    'name': 'vllm',
[36m(TaskRunner pid=1615033)[0m                                    'nnodes': 0,
[36m(TaskRunner pid=1615033)[0m                                    'over_sample_rate': 0,
[36m(TaskRunner pid=1615033)[0m                                    'pipeline_model_parallel_size': 1,
[36m(TaskRunner pid=1615033)[0m                                    'profiler': {'_target_': 'verl.utils.profiler.ProfilerConfig',
[36m(TaskRunner pid=1615033)[0m                                                 'all_ranks': False,
[36m(TaskRunner pid=1615033)[0m                                                 'enable': False,
[36m(TaskRunner pid=1615033)[0m                                                 'ranks': [],
[36m(TaskRunner pid=1615033)[0m                                                 'save_path': 'outputs/profile',
[36m(TaskRunner pid=1615033)[0m                                                 'tool': None,
[36m(TaskRunner pid=1615033)[0m                                                 'tool_config': {'npu': {'_target_': 'verl.utils.profiler.config.NPUToolConfig',
[36m(TaskRunner pid=1615033)[0m                                                                         'analysis': True,
[36m(TaskRunner pid=1615033)[0m                                                                         'contents': [],
[36m(TaskRunner pid=1615033)[0m                                                                         'discrete': False,
[36m(TaskRunner pid=1615033)[0m                                                                         'level': 'level0',
[36m(TaskRunner pid=1615033)[0m                                                                         'profile_token_end': None,
[36m(TaskRunner pid=1615033)[0m                                                                         'profile_token_start': None},
[36m(TaskRunner pid=1615033)[0m                                                                 'precision_debugger': {'_target_': 'verl.utils.profiler.config.PrecisionDebuggerToolConfig',
[36m(TaskRunner pid=1615033)[0m                                                                                        'config_path': None,
[36m(TaskRunner pid=1615033)[0m                                                                                        'stages': None,
[36m(TaskRunner pid=1615033)[0m                                                                                        'steps': None,
[36m(TaskRunner pid=1615033)[0m                                                                                        'strict': False},
[36m(TaskRunner pid=1615033)[0m                                                                 'torch': {'_target_': 'verl.utils.profiler.config.TorchProfilerToolConfig',
[36m(TaskRunner pid=1615033)[0m                                                                           'contents': [],
[36m(TaskRunner pid=1615033)[0m                                                                           'discrete': False,
[36m(TaskRunner pid=1615033)[0m                                                                           'profile_token_end': None,
[36m(TaskRunner pid=1615033)[0m                                                                           'profile_token_start': None}}},
[36m(TaskRunner pid=1615033)[0m                                    'prometheus': {'_target_': 'verl.workers.config.PrometheusConfig',
[36m(TaskRunner pid=1615033)[0m                                                   'enable': False,
[36m(TaskRunner pid=1615033)[0m                                                   'file': '/tmp/ray/session_latest/metrics/prometheus/prometheus.yml',
[36m(TaskRunner pid=1615033)[0m                                                   'port': 9090,
[36m(TaskRunner pid=1615033)[0m                                                   'served_model_name': '/home/yw4636/agentic-tvg/models/Qwen3-VL-4B-Instruct'},
[36m(TaskRunner pid=1615033)[0m                                    'prompt_length': 6144,
[36m(TaskRunner pid=1615033)[0m                                    'qat': {'_target_': 'verl.workers.config.QATEngineConfig',
[36m(TaskRunner pid=1615033)[0m                                            'activation_observer': 'static_minmax',
[36m(TaskRunner pid=1615033)[0m                                            'enable': False,
[36m(TaskRunner pid=1615033)[0m                                            'group_size': 16,
[36m(TaskRunner pid=1615033)[0m                                            'ignore_patterns': ['lm_head',
[36m(TaskRunner pid=1615033)[0m                                                                'embed_tokens',
[36m(TaskRunner pid=1615033)[0m                                                                're:.*mlp.gate$'],
[36m(TaskRunner pid=1615033)[0m                                            'mode': 'w4a16',
[36m(TaskRunner pid=1615033)[0m                                            'quantization_config_path': None},
[36m(TaskRunner pid=1615033)[0m                                    'quantization': None,
[36m(TaskRunner pid=1615033)[0m                                    'quantization_config_file': None,
[36m(TaskRunner pid=1615033)[0m                                    'response_length': 8192,
[36m(TaskRunner pid=1615033)[0m                                    'scheduling_policy': 'fcfs',
[36m(TaskRunner pid=1615033)[0m                                    'seed': 42,
[36m(TaskRunner pid=1615033)[0m                                    'skip_tokenizer_init': True,
[36m(TaskRunner pid=1615033)[0m                                    'temperature': 1.0,
[36m(TaskRunner pid=1615033)[0m                                    'tensor_model_parallel_size': 1,
[36m(TaskRunner pid=1615033)[0m                                    'top_k': -1,
[36m(TaskRunner pid=1615033)[0m                                    'top_p': 1,
[36m(TaskRunner pid=1615033)[0m                                    'trace': {'_target_': 'verl.workers.config.TraceConfig',
[36m(TaskRunner pid=1615033)[0m                                              'backend': None,
[36m(TaskRunner pid=1615033)[0m                                              'experiment_name': 'grpo_smoke_f192',
[36m(TaskRunner pid=1615033)[0m                                              'max_samples_per_step_per_worker': None,
[36m(TaskRunner pid=1615033)[0m                                              'project_name': 'agentic-tvg',
[36m(TaskRunner pid=1615033)[0m                                              'token2text': False},
[36m(TaskRunner pid=1615033)[0m                                    'val_kwargs': {'_target_': 'verl.workers.config.SamplingConfig',
[36m(TaskRunner pid=1615033)[0m                                                   'do_sample': False,
[36m(TaskRunner pid=1615033)[0m                                                   'n': 1,
[36m(TaskRunner pid=1615033)[0m                                                   'temperature': 0,
[36m(TaskRunner pid=1615033)[0m                                                   'top_k': -1,
[36m(TaskRunner pid=1615033)[0m                                                   'top_p': 1.0}}},
[36m(TaskRunner pid=1615033)[0m  'algorithm': {'_target_': 'verl.trainer.config.AlgoConfig',
[36m(TaskRunner pid=1615033)[0m                'adv_estimator': 'grpo',
[36m(TaskRunner pid=1615033)[0m                'filter_groups': {'_target_': 'verl.trainer.config.FilterGroupsConfig',
[36m(TaskRunner pid=1615033)[0m                                  'enable': False,
[36m(TaskRunner pid=1615033)[0m                                  'max_inflight_gen_batches': 1,
[36m(TaskRunner pid=1615033)[0m                                  'max_num_gen_batches': 0,
[36m(TaskRunner pid=1615033)[0m                                  'metric': None},
[36m(TaskRunner pid=1615033)[0m                'gamma': 1.0,
[36m(TaskRunner pid=1615033)[0m                'kl_ctrl': {'_target_': 'verl.trainer.config.KLControlConfig',
[36m(TaskRunner pid=1615033)[0m                            'horizon': 10000,
[36m(TaskRunner pid=1615033)[0m                            'kl_coef': 0.001,
[36m(TaskRunner pid=1615033)[0m                            'target_kl': 0.1,
[36m(TaskRunner pid=1615033)[0m                            'type': 'fixed'},
[36m(TaskRunner pid=1615033)[0m                'kl_penalty': 'kl',
[36m(TaskRunner pid=1615033)[0m                'lam': 1.0,
[36m(TaskRunner pid=1615033)[0m                'norm_adv_by_std_in_grpo': True,
[36m(TaskRunner pid=1615033)[0m                'pf_ppo': {'reweight_method': 'pow', 'weight_pow': 2.0},
[36m(TaskRunner pid=1615033)[0m                'rollout_correction': {'bypass_mode': False,
[36m(TaskRunner pid=1615033)[0m                                       'loss_type': 'ppo_clip',
[36m(TaskRunner pid=1615033)[0m                                       'rollout_is': None,
[36m(TaskRunner pid=1615033)[0m                                       'rollout_is_batch_normalize': False,
[36m(TaskRunner pid=1615033)[0m                                       'rollout_is_threshold': 2.0,
[36m(TaskRunner pid=1615033)[0m                                       'rollout_rs': None,
[36m(TaskRunner pid=1615033)[0m                                       'rollout_rs_threshold': None},
[36m(TaskRunner pid=1615033)[0m                'use_kl_in_reward': False,
[36m(TaskRunner pid=1615033)[0m                'use_pf_ppo': False},
[36m(TaskRunner pid=1615033)[0m  'critic': {'_target_': 'verl.workers.config.FSDPCriticConfig',
[36m(TaskRunner pid=1615033)[0m             'checkpoint': {'_target_': 'verl.trainer.config.CheckpointConfig',
[36m(TaskRunner pid=1615033)[0m                            'async_save': False,
[36m(TaskRunner pid=1615033)[0m                            'load_contents': ['model', 'optimizer', 'extra'],
[36m(TaskRunner pid=1615033)[0m                            'save_contents': ['model', 'optimizer', 'extra']},
[36m(TaskRunner pid=1615033)[0m             'cliprange_value': 0.5,
[36m(TaskRunner pid=1615033)[0m             'data_loader_seed': 42,
[36m(TaskRunner pid=1615033)[0m             'enable': None,
[36m(TaskRunner pid=1615033)[0m             'forward_max_token_len_per_gpu': 32768,
[36m(TaskRunner pid=1615033)[0m             'forward_micro_batch_size': None,
[36m(TaskRunner pid=1615033)[0m             'forward_micro_batch_size_per_gpu': None,
[36m(TaskRunner pid=1615033)[0m             'fsdp': {'_target_': 'verl.workers.config.FSDPEngineConfig',
[36m(TaskRunner pid=1615033)[0m                      'dtype': 'bfloat16',
[36m(TaskRunner pid=1615033)[0m                      'entropy_checkpointing': False,
[36m(TaskRunner pid=1615033)[0m                      'entropy_from_logits_chunk_size': 2048,
[36m(TaskRunner pid=1615033)[0m                      'entropy_from_logits_with_chunking': False,
[36m(TaskRunner pid=1615033)[0m                      'forward_only': False,
[36m(TaskRunner pid=1615033)[0m                      'forward_prefetch': False,
[36m(TaskRunner pid=1615033)[0m                      'fsdp_size': -1,
[36m(TaskRunner pid=1615033)[0m                      'full_determinism': False,
[36m(TaskRunner pid=1615033)[0m                      'model_dtype': 'fp32',
[36m(TaskRunner pid=1615033)[0m                      'offload_policy': False,
[36m(TaskRunner pid=1615033)[0m                      'optimizer_offload': False,
[36m(TaskRunner pid=1615033)[0m                      'pad_to_length': False,
[36m(TaskRunner pid=1615033)[0m                      'pad_to_length_bucket': 1024,
[36m(TaskRunner pid=1615033)[0m                      'param_offload': False,
[36m(TaskRunner pid=1615033)[0m                      'qat': {'_target_': 'verl.workers.config.QATEngineConfig',
[36m(TaskRunner pid=1615033)[0m                              'activation_observer': 'static_minmax',
[36m(TaskRunner pid=1615033)[0m                              'enable': False,
[36m(TaskRunner pid=1615033)[0m                              'group_size': 16,
[36m(TaskRunner pid=1615033)[0m                              'ignore_patterns': ['lm_head',
[36m(TaskRunner pid=1615033)[0m                                                  'embed_tokens',
[36m(TaskRunner pid=1615033)[0m                                                  're:.*mlp.gate$'],
[36m(TaskRunner pid=1615033)[0m                              'mode': 'w4a16',
[36m(TaskRunner pid=1615033)[0m                              'quantization_config_path': None},
[36m(TaskRunner pid=1615033)[0m                      'reshard_after_forward': True,
[36m(TaskRunner pid=1615033)[0m                      'seed': 42,
[36m(TaskRunner pid=1615033)[0m                      'strategy': 'fsdp',
[36m(TaskRunner pid=1615033)[0m                      'ulysses_sequence_parallel_size': 1,
[36m(TaskRunner pid=1615033)[0m                      'use_orig_params': False,
[36m(TaskRunner pid=1615033)[0m                      'use_torch_compile': True,
[36m(TaskRunner pid=1615033)[0m                      'wrap_policy': {'min_num_params': 0}},
[36m(TaskRunner pid=1615033)[0m             'grad_clip': 1.0,
[36m(TaskRunner pid=1615033)[0m             'loss_agg_mode': 'token-mean',
[36m(TaskRunner pid=1615033)[0m             'loss_scale_factor': None,
[36m(TaskRunner pid=1615033)[0m             'model': {'_target_': 'verl.workers.config.HFModelConfig',
[36m(TaskRunner pid=1615033)[0m                       'custom_chat_template': None,
[36m(TaskRunner pid=1615033)[0m                       'enable_activation_offload': False,
[36m(TaskRunner pid=1615033)[0m                       'enable_gradient_checkpointing': True,
[36m(TaskRunner pid=1615033)[0m                       'exclude_modules': None,
[36m(TaskRunner pid=1615033)[0m                       'external_lib': None,
[36m(TaskRunner pid=1615033)[0m                       'fused_kernel_options': {'impl_backend': 'torch'},
[36m(TaskRunner pid=1615033)[0m                       'hf_config_path': None,
[36m(TaskRunner pid=1615033)[0m                       'lora': {'a2a_experimental': False,
[36m(TaskRunner pid=1615033)[0m                                'adapter_path': None,
[36m(TaskRunner pid=1615033)[0m                                'alpha': 32,
[36m(TaskRunner pid=1615033)[0m                                'dropout': 0.0,
[36m(TaskRunner pid=1615033)[0m                                'dropout_position': 'pre',
[36m(TaskRunner pid=1615033)[0m                                'dtype': None,
[36m(TaskRunner pid=1615033)[0m                                'exclude_modules': [],
[36m(TaskRunner pid=1615033)[0m                                'freeze_language_model': True,
[36m(TaskRunner pid=1615033)[0m                                'freeze_vision_model': True,
[36m(TaskRunner pid=1615033)[0m                                'freeze_vision_projection': True,
[36m(TaskRunner pid=1615033)[0m                                'lora_A_init_method': 'xavier',
[36m(TaskRunner pid=1615033)[0m                                'lora_B_init_method': 'zero',
[36m(TaskRunner pid=1615033)[0m                                'merge': False,
[36m(TaskRunner pid=1615033)[0m                                'rank': 0,
[36m(TaskRunner pid=1615033)[0m                                'target_modules': ['linear_qkv',
[36m(TaskRunner pid=1615033)[0m                                                   'linear_proj',
[36m(TaskRunner pid=1615033)[0m                                                   'linear_fc1',
[36m(TaskRunner pid=1615033)[0m                                                   'linear_fc2'],
[36m(TaskRunner pid=1615033)[0m                                'type': 'lora'},
[36m(TaskRunner pid=1615033)[0m                       'lora_adapter_path': None,
[36m(TaskRunner pid=1615033)[0m                       'lora_alpha': 16,
[36m(TaskRunner pid=1615033)[0m                       'lora_rank': 0,
[36m(TaskRunner pid=1615033)[0m                       'mtp': {'_target_': 'verl.workers.config.MtpConfig',
[36m(TaskRunner pid=1615033)[0m                               'detach_encoder': False,
[36m(TaskRunner pid=1615033)[0m                               'enable': False,
[36m(TaskRunner pid=1615033)[0m                               'enable_rollout': False,
[36m(TaskRunner pid=1615033)[0m                               'enable_train': False,
[36m(TaskRunner pid=1615033)[0m                               'method': 'mtp',
[36m(TaskRunner pid=1615033)[0m                               'mtp_loss_scaling_factor': 0.1,
[36m(TaskRunner pid=1615033)[0m                               'num_speculative_tokens': 1,
[36m(TaskRunner pid=1615033)[0m                               'speculative_algorithm': 'EAGLE',
[36m(TaskRunner pid=1615033)[0m                               'speculative_eagle_topk': 1,
[36m(TaskRunner pid=1615033)[0m                               'speculative_num_draft_tokens': 4,
[36m(TaskRunner pid=1615033)[0m                               'speculative_num_steps': 3},
[36m(TaskRunner pid=1615033)[0m                       'override_config': {},
[36m(TaskRunner pid=1615033)[0m                       'path': '~/models/deepseek-llm-7b-chat',
[36m(TaskRunner pid=1615033)[0m                       'target_modules': 'all-linear',
[36m(TaskRunner pid=1615033)[0m                       'tiled_mlp': {'enabled': False, 'num_shards': 4},
[36m(TaskRunner pid=1615033)[0m                       'tokenizer_path': None,
[36m(TaskRunner pid=1615033)[0m                       'trust_remote_code': False,
[36m(TaskRunner pid=1615033)[0m                       'use_fused_kernels': False,
[36m(TaskRunner pid=1615033)[0m                       'use_liger': False,
[36m(TaskRunner pid=1615033)[0m                       'use_remove_padding': True,
[36m(TaskRunner pid=1615033)[0m                       'use_shm': False},
[36m(TaskRunner pid=1615033)[0m             'optim': {'_target_': 'verl.workers.config.FSDPOptimizerConfig',
[36m(TaskRunner pid=1615033)[0m                       'betas': [0.9, 0.999],
[36m(TaskRunner pid=1615033)[0m                       'clip_grad': 1.0,
[36m(TaskRunner pid=1615033)[0m                       'lr': 1e-05,
[36m(TaskRunner pid=1615033)[0m                       'lr_scheduler_type': 'constant',
[36m(TaskRunner pid=1615033)[0m                       'lr_warmup_steps': -1,
[36m(TaskRunner pid=1615033)[0m                       'lr_warmup_steps_ratio': 0.0,
[36m(TaskRunner pid=1615033)[0m                       'min_lr_ratio': 0.0,
[36m(TaskRunner pid=1615033)[0m                       'num_cycles': 0.5,
[36m(TaskRunner pid=1615033)[0m                       'optimizer': 'AdamW',
[36m(TaskRunner pid=1615033)[0m                       'optimizer_impl': 'torch.optim',
[36m(TaskRunner pid=1615033)[0m                       'override_optimizer_config': None,
[36m(TaskRunner pid=1615033)[0m                       'total_training_steps': -1,
[36m(TaskRunner pid=1615033)[0m                       'warmup_style': None,
[36m(TaskRunner pid=1615033)[0m                       'weight_decay': 0.01,
[36m(TaskRunner pid=1615033)[0m                       'zero_indexed_step': True},
[36m(TaskRunner pid=1615033)[0m             'ppo_epochs': 1,
[36m(TaskRunner pid=1615033)[0m             'ppo_max_token_len_per_gpu': 32768,
[36m(TaskRunner pid=1615033)[0m             'ppo_micro_batch_size': None,
[36m(TaskRunner pid=1615033)[0m             'ppo_micro_batch_size_per_gpu': None,
[36m(TaskRunner pid=1615033)[0m             'ppo_mini_batch_size': 8,
[36m(TaskRunner pid=1615033)[0m             'profiler': {'_target_': 'verl.utils.profiler.ProfilerConfig',
[36m(TaskRunner pid=1615033)[0m                          'all_ranks': False,
[36m(TaskRunner pid=1615033)[0m                          'enable': False,
[36m(TaskRunner pid=1615033)[0m                          'ranks': [],
[36m(TaskRunner pid=1615033)[0m                          'save_path': 'outputs/profile',
[36m(TaskRunner pid=1615033)[0m                          'tool': None,
[36m(TaskRunner pid=1615033)[0m                          'tool_config': {'npu': {'_target_': 'verl.utils.profiler.config.NPUToolConfig',
[36m(TaskRunner pid=1615033)[0m                                                  'analysis': True,
[36m(TaskRunner pid=1615033)[0m                                                  'contents': [],
[36m(TaskRunner pid=1615033)[0m                                                  'discrete': False,
[36m(TaskRunner pid=1615033)[0m                                                  'level': 'level0'},
[36m(TaskRunner pid=1615033)[0m                                          'nsys': {'_target_': 'verl.utils.profiler.config.NsightToolConfig',
[36m(TaskRunner pid=1615033)[0m                                                   'discrete': False},
[36m(TaskRunner pid=1615033)[0m                                          'precision_debugger': {'_target_': 'verl.utils.profiler.config.PrecisionDebuggerToolConfig',
[36m(TaskRunner pid=1615033)[0m                                                                 'config_path': None,
[36m(TaskRunner pid=1615033)[0m                                                                 'stages': None,
[36m(TaskRunner pid=1615033)[0m                                                                 'steps': None,
[36m(TaskRunner pid=1615033)[0m                                                                 'strict': False},
[36m(TaskRunner pid=1615033)[0m                                          'torch': {'_target_': 'verl.utils.profiler.config.TorchProfilerToolConfig',
[36m(TaskRunner pid=1615033)[0m                                                    'contents': [],
[36m(TaskRunner pid=1615033)[0m                                                    'discrete': False,
[36m(TaskRunner pid=1615033)[0m                                                    'schedule': {'_target_': 'verl.utils.profiler.config.TorchProfilerScheduleConfig',
[36m(TaskRunner pid=1615033)[0m                                                                 'active': 0,
[36m(TaskRunner pid=1615033)[0m                                                                 'repeat': 0,
[36m(TaskRunner pid=1615033)[0m                                                                 'skip_first': 0,
[36m(TaskRunner pid=1615033)[0m                                                                 'wait': 0,
[36m(TaskRunner pid=1615033)[0m                                                                 'warmup': 0}},
[36m(TaskRunner pid=1615033)[0m                                          'torch_memory': {'_target_': 'verl.utils.profiler.config.TorchMemoryToolConfig',
[36m(TaskRunner pid=1615033)[0m                                                           'stack_depth': 32,
[36m(TaskRunner pid=1615033)[0m                                                           'trace_alloc_max_entries': 100000}}},
[36m(TaskRunner pid=1615033)[0m             'rollout_n': 4,
[36m(TaskRunner pid=1615033)[0m             'shuffle': False,
[36m(TaskRunner pid=1615033)[0m             'strategy': 'fsdp',
[36m(TaskRunner pid=1615033)[0m             'ulysses_sequence_parallel_size': 1,
[36m(TaskRunner pid=1615033)[0m             'use_dynamic_bsz': True},
[36m(TaskRunner pid=1615033)[0m  'custom_reward_function': {'name': None, 'path': None},
[36m(TaskRunner pid=1615033)[0m  'data': {'apply_chat_template_kwargs': {},
[36m(TaskRunner pid=1615033)[0m           'audio_key': 'audios',
[36m(TaskRunner pid=1615033)[0m           'continuous_token': {'enable': False, 'model_family': 'auto'},
[36m(TaskRunner pid=1615033)[0m           'custom_cls': {'name': None, 'path': None},
[36m(TaskRunner pid=1615033)[0m           'dataloader_num_workers': 8,
[36m(TaskRunner pid=1615033)[0m           'filter_overlong_prompts': False,
[36m(TaskRunner pid=1615033)[0m           'filter_overlong_prompts_workers': 1,
[36m(TaskRunner pid=1615033)[0m           'function_tool_path': None,
[36m(TaskRunner pid=1615033)[0m           'gen_batch_size': None,
[36m(TaskRunner pid=1615033)[0m           'image_key': 'images',
[36m(TaskRunner pid=1615033)[0m           'image_patch_size': 16,
[36m(TaskRunner pid=1615033)[0m           'max_prompt_length': 6144,
[36m(TaskRunner pid=1615033)[0m           'max_response_length': 8192,
[36m(TaskRunner pid=1615033)[0m           'mm_processor_kwargs': {},
[36m(TaskRunner pid=1615033)[0m           'prompt_key': 'prompt',
[36m(TaskRunner pid=1615033)[0m           'return_full_prompt': False,
[36m(TaskRunner pid=1615033)[0m           'return_multi_modal_inputs': True,
[36m(TaskRunner pid=1615033)[0m           'return_raw_chat': True,
[36m(TaskRunner pid=1615033)[0m           'return_raw_input_ids': False,
[36m(TaskRunner pid=1615033)[0m           'reward_fn_key': 'data_source',
[36m(TaskRunner pid=1615033)[0m           'seed': None,
[36m(TaskRunner pid=1615033)[0m           'shuffle': True,
[36m(TaskRunner pid=1615033)[0m           'tokenizer': None,
[36m(TaskRunner pid=1615033)[0m           'tool_config_path': '/home/yw4636/agentic-tvg/crop_video_tool.yaml',
[36m(TaskRunner pid=1615033)[0m           'train_batch_size': 8,
[36m(TaskRunner pid=1615033)[0m           'train_files': '/home/yw4636/agentic-tvg/data/processed/rl_train_f192.parquet',
[36m(TaskRunner pid=1615033)[0m           'train_max_samples': -1,
[36m(TaskRunner pid=1615033)[0m           'truncation': 'error',
[36m(TaskRunner pid=1615033)[0m           'trust_remote_code': False,
[36m(TaskRunner pid=1615033)[0m           'use_shm': False,
[36m(TaskRunner pid=1615033)[0m           'val_batch_size': None,
[36m(TaskRunner pid=1615033)[0m           'val_files': '/home/yw4636/agentic-tvg/data/processed/rl_val.parquet',
[36m(TaskRunner pid=1615033)[0m           'val_max_samples': -1,
[36m(TaskRunner pid=1615033)[0m           'validation_shuffle': False,
[36m(TaskRunner pid=1615033)[0m           'video_key': 'videos'},
[36m(TaskRunner pid=1615033)[0m  'distillation': {'_target_': 'verl.workers.config.DistillationConfig',
[36m(TaskRunner pid=1615033)[0m                   'distillation_loss': {'_target_': 'verl.workers.config.DistillationLossConfig',
[36m(TaskRunner pid=1615033)[0m                                         'clip_ratio': 0.2,
[36m(TaskRunner pid=1615033)[0m                                         'clip_ratio_high': 0.2,
[36m(TaskRunner pid=1615033)[0m                                         'clip_ratio_low': 0.2,
[36m(TaskRunner pid=1615033)[0m                                         'distillation_loss_coef': 1.0,
[36m(TaskRunner pid=1615033)[0m                                         'log_prob_min_clamp': None,
[36m(TaskRunner pid=1615033)[0m                                         'loss_max_clamp': None,
[36m(TaskRunner pid=1615033)[0m                                         'loss_mode': 'k3',
[36m(TaskRunner pid=1615033)[0m                                         'policy_loss_mode': 'vanilla',
[36m(TaskRunner pid=1615033)[0m                                         'topk': 32,
[36m(TaskRunner pid=1615033)[0m                                         'use_policy_gradient': False,
[36m(TaskRunner pid=1615033)[0m                                         'use_task_rewards': True},
[36m(TaskRunner pid=1615033)[0m                   'enabled': False,
[36m(TaskRunner pid=1615033)[0m                   'n_gpus_per_node': 8,
[36m(TaskRunner pid=1615033)[0m                   'nnodes': 0,
[36m(TaskRunner pid=1615033)[0m                   'teacher_key': 'data_source',
[36m(TaskRunner pid=1615033)[0m                   'teacher_models': {'teacher_model': {'_target_': 'verl.workers.config.DistillationTeacherModelConfig',
[36m(TaskRunner pid=1615033)[0m                                                        'inference': {'_target_': 'verl.workers.config.RolloutConfig',
[36m(TaskRunner pid=1615033)[0m                                                                      'cudagraph_capture_sizes': None,
[36m(TaskRunner pid=1615033)[0m                                                                      'data_parallel_size': 1,
[36m(TaskRunner pid=1615033)[0m                                                                      'disable_log_stats': True,
[36m(TaskRunner pid=1615033)[0m                                                                      'dtype': 'bfloat16',
[36m(TaskRunner pid=1615033)[0m                                                                      'enable_chunked_prefill': True,
[36m(TaskRunner pid=1615033)[0m                                                                      'enable_prefix_caching': True,
[36m(TaskRunner pid=1615033)[0m                                                                      'enforce_eager': True,
[36m(TaskRunner pid=1615033)[0m                                                                      'engine_kwargs': {},
[36m(TaskRunner pid=1615033)[0m                                                                      'expert_parallel_size': 1,
[36m(TaskRunner pid=1615033)[0m                                                                      'free_cache_engine': True,
[36m(TaskRunner pid=1615033)[0m                                                                      'gpu_memory_utilization': 0.5,
[36m(TaskRunner pid=1615033)[0m                                                                      'limit_images': None,
[36m(TaskRunner pid=1615033)[0m                                                                      'load_format': 'auto',
[36m(TaskRunner pid=1615033)[0m                                                                      'max_model_len': None,
[36m(TaskRunner pid=1615033)[0m                                                                      'max_num_batched_tokens': 8192,
[36m(TaskRunner pid=1615033)[0m                                                                      'max_num_seqs': 1024,
[36m(TaskRunner pid=1615033)[0m                                                                      'name': 'vllm',
[36m(TaskRunner pid=1615033)[0m                                                                      'prompt_length': 6144,
[36m(TaskRunner pid=1615033)[0m                                                                      'response_length': 8192,
[36m(TaskRunner pid=1615033)[0m                                                                      'skip_tokenizer_init': True,
[36m(TaskRunner pid=1615033)[0m                                                                      'temperature': 1.0,
[36m(TaskRunner pid=1615033)[0m                                                                      'tensor_model_parallel_size': 2},
[36m(TaskRunner pid=1615033)[0m                                                        'key': None,
[36m(TaskRunner pid=1615033)[0m                                                        'model_path': None,
[36m(TaskRunner pid=1615033)[0m                                                        'num_replicas': 0}}},
[36m(TaskRunner pid=1615033)[0m  'global_profiler': {'_target_': 'verl.utils.profiler.ProfilerConfig',
[36m(TaskRunner pid=1615033)[0m                      'global_tool_config': {'nsys': {'_target_': 'verl.utils.profiler.config.NsightToolConfig',
[36m(TaskRunner pid=1615033)[0m                                                      'controller_nsight_options': {'cuda-graph-trace': 'graph',
[36m(TaskRunner pid=1615033)[0m                                                                                    'cuda-memory-usage': 'true',
[36m(TaskRunner pid=1615033)[0m                                                                                    'trace': 'cuda,nvtx,cublas,ucx'},
[36m(TaskRunner pid=1615033)[0m                                                      'discrete': False,
[36m(TaskRunner pid=1615033)[0m                                                      'worker_nsight_options': {'capture-range': 'cudaProfilerApi',
[36m(TaskRunner pid=1615033)[0m                                                                                'capture-range-end': None,
[36m(TaskRunner pid=1615033)[0m                                                                                'cuda-graph-trace': 'graph',
[36m(TaskRunner pid=1615033)[0m                                                                                'cuda-memory-usage': 'true',
[36m(TaskRunner pid=1615033)[0m                                                                                'kill': 'none',
[36m(TaskRunner pid=1615033)[0m                                                                                'trace': 'cuda,nvtx,cublas,ucx'}},
[36m(TaskRunner pid=1615033)[0m                                             'precision_debugger': {'_target_': 'verl.utils.profiler.config.PrecisionDebuggerToolConfig',
[36m(TaskRunner pid=1615033)[0m                                                                    'config_path': None,
[36m(TaskRunner pid=1615033)[0m                                                                    'stages': None,
[36m(TaskRunner pid=1615033)[0m                                                                    'steps': None,
[36m(TaskRunner pid=1615033)[0m                                                                    'strict': False},
[36m(TaskRunner pid=1615033)[0m                                             'torch_memory': {'context': 'all',
[36m(TaskRunner pid=1615033)[0m                                                              'kw_args': {},
[36m(TaskRunner pid=1615033)[0m                                                              'stack_depth': 32,
[36m(TaskRunner pid=1615033)[0m                                                              'stacks': 'all',
[36m(TaskRunner pid=1615033)[0m                                                              'trace_alloc_max_entries': 100000}},
[36m(TaskRunner pid=1615033)[0m                      'profile_continuous_steps': False,
[36m(TaskRunner pid=1615033)[0m                      'save_path': 'outputs/profile',
[36m(TaskRunner pid=1615033)[0m                      'steps': None,
[36m(TaskRunner pid=1615033)[0m                      'tool': None},
[36m(TaskRunner pid=1615033)[0m  'model_engine': 'dp',
[36m(TaskRunner pid=1615033)[0m  'ray_kwargs': {'ray_init': {'num_cpus': None}, 'timeline_json_file': None},
[36m(TaskRunner pid=1615033)[0m  'reward': {'_target_': 'verl.workers.config.RewardConfig',
[36m(TaskRunner pid=1615033)[0m             'custom_reward_function': {'name': 'compute_score_qa',
[36m(TaskRunner pid=1615033)[0m                                        'path': '/home/yw4636/agentic-tvg/agentic_tvg/reward.py'},
[36m(TaskRunner pid=1615033)[0m             'num_workers': 8,
[36m(TaskRunner pid=1615033)[0m             'reward_manager': {'_target_': 'verl.workers.config.reward.RewardManagerConfig',
[36m(TaskRunner pid=1615033)[0m                                'module': {'_target_': 'verl.trainer.config.config.ModuleConfig',
[36m(TaskRunner pid=1615033)[0m                                           'name': 'custom_reward_manager',
[36m(TaskRunner pid=1615033)[0m                                           'path': None},
[36m(TaskRunner pid=1615033)[0m                                'name': 'naive',
[36m(TaskRunner pid=1615033)[0m                                'source': 'register'},
[36m(TaskRunner pid=1615033)[0m             'reward_model': {'_target_': 'verl.workers.config.RewardModelConfig',
[36m(TaskRunner pid=1615033)[0m                              'enable': False,
[36m(TaskRunner pid=1615033)[0m                              'enable_resource_pool': False,
[36m(TaskRunner pid=1615033)[0m                              'model_path': None,
[36m(TaskRunner pid=1615033)[0m                              'n_gpus_per_node': 8,
[36m(TaskRunner pid=1615033)[0m                              'nnodes': 0,
[36m(TaskRunner pid=1615033)[0m                              'rollout': {'_target_': 'verl.workers.config.RolloutConfig',
[36m(TaskRunner pid=1615033)[0m                                          'cudagraph_capture_sizes': None,
[36m(TaskRunner pid=1615033)[0m                                          'data_parallel_size': 1,
[36m(TaskRunner pid=1615033)[0m                                          'disable_log_stats': True,
[36m(TaskRunner pid=1615033)[0m                                          'disaggregation': {'bootstrap_port': None,
[36m(TaskRunner pid=1615033)[0m                                                             'decode_replicas': 1,
[36m(TaskRunner pid=1615033)[0m                                                             'decode_tensor_model_parallel_size': None,
[36m(TaskRunner pid=1615033)[0m                                                             'enabled': False,
[36m(TaskRunner pid=1615033)[0m                                                             'ib_device': None,
[36m(TaskRunner pid=1615033)[0m                                                             'prefill_replicas': 1,
[36m(TaskRunner pid=1615033)[0m                                                             'transfer_backend': 'nixl'},
[36m(TaskRunner pid=1615033)[0m                                          'do_sample': True,
[36m(TaskRunner pid=1615033)[0m                                          'dtype': 'bfloat16',
[36m(TaskRunner pid=1615033)[0m                                          'enable_chunked_prefill': True,
[36m(TaskRunner pid=1615033)[0m                                          'enable_prefix_caching': True,
[36m(TaskRunner pid=1615033)[0m                                          'enforce_eager': True,
[36m(TaskRunner pid=1615033)[0m                                          'engine_kwargs': {},
[36m(TaskRunner pid=1615033)[0m                                          'expert_parallel_size': 1,
[36m(TaskRunner pid=1615033)[0m                                          'free_cache_engine': True,
[36m(TaskRunner pid=1615033)[0m                                          'full_determinism': False,
[36m(TaskRunner pid=1615033)[0m                                          'gpu_memory_utilization': 0.5,
[36m(TaskRunner pid=1615033)[0m                                          'ignore_eos': False,
[36m(TaskRunner pid=1615033)[0m                                          'layered_summon': False,
[36m(TaskRunner pid=1615033)[0m                                          'limit_images': None,
[36m(TaskRunner pid=1615033)[0m                                          'load_format': 'auto',
[36m(TaskRunner pid=1615033)[0m                                          'max_model_len': None,
[36m(TaskRunner pid=1615033)[0m                                          'max_num_batched_tokens': 8192,
[36m(TaskRunner pid=1615033)[0m                                          'max_num_seqs': 1024,
[36m(TaskRunner pid=1615033)[0m                                          'mtp': None,
[36m(TaskRunner pid=1615033)[0m                                          'multi_stage_wake_up': False,
[36m(TaskRunner pid=1615033)[0m                                          'n': 1,
[36m(TaskRunner pid=1615033)[0m                                          'name': '???',
[36m(TaskRunner pid=1615033)[0m                                          'pipeline_model_parallel_size': 1,
[36m(TaskRunner pid=1615033)[0m                                          'prompt_length': 2048,
[36m(TaskRunner pid=1615033)[0m                                          'quantization': None,
[36m(TaskRunner pid=1615033)[0m                                          'quantization_config_file': None,
[36m(TaskRunner pid=1615033)[0m                                          'response_length': 2048,
[36m(TaskRunner pid=1615033)[0m                                          'scheduling_policy': 'fcfs',
[36m(TaskRunner pid=1615033)[0m                                          'seed': 42,
[36m(TaskRunner pid=1615033)[0m                                          'skip_tokenizer_init': False,
[36m(TaskRunner pid=1615033)[0m                                          'temperature': 1.0,
[36m(TaskRunner pid=1615033)[0m                                          'tensor_model_parallel_size': 2,
[36m(TaskRunner pid=1615033)[0m                                          'top_k': -1,
[36m(TaskRunner pid=1615033)[0m                                          'top_p': 1}},
[36m(TaskRunner pid=1615033)[0m             'sandbox_fusion': {'_target_': 'verl.workers.config.SandboxFusionConfig',
[36m(TaskRunner pid=1615033)[0m                                'max_concurrent': 64,
[36m(TaskRunner pid=1615033)[0m                                'memory_limit_mb': 1024,
[36m(TaskRunner pid=1615033)[0m                                'url': None}},
[36m(TaskRunner pid=1615033)[0m  'reward_model': {'enable': None,
[36m(TaskRunner pid=1615033)[0m                   'enable_resource_pool': None,
[36m(TaskRunner pid=1615033)[0m                   'model': {'external_lib': None,
[36m(TaskRunner pid=1615033)[0m                             'path': None,
[36m(TaskRunner pid=1615033)[0m                             'trust_remote_code': None},
[36m(TaskRunner pid=1615033)[0m                   'n_gpus_per_node': None,
[36m(TaskRunner pid=1615033)[0m                   'nnodes': None,
[36m(TaskRunner pid=1615033)[0m                   'num_workers': None,
[36m(TaskRunner pid=1615033)[0m                   'reward_loop_class_name': None,
[36m(TaskRunner pid=1615033)[0m                   'reward_loop_module_path': None,
[36m(TaskRunner pid=1615033)[0m                   'reward_loop_source': None,
[36m(TaskRunner pid=1615033)[0m                   'reward_manager': None,
[36m(TaskRunner pid=1615033)[0m                   'rollout': {'cudagraph_capture_sizes': None,
[36m(TaskRunner pid=1615033)[0m                               'data_parallel_size': None,
[36m(TaskRunner pid=1615033)[0m                               'disable_log_stats': None,
[36m(TaskRunner pid=1615033)[0m                               'dtype': None,
[36m(TaskRunner pid=1615033)[0m                               'enable_chunked_prefill': None,
[36m(TaskRunner pid=1615033)[0m                               'enable_prefix_caching': None,
[36m(TaskRunner pid=1615033)[0m                               'enforce_eager': None,
[36m(TaskRunner pid=1615033)[0m                               'engine_kwargs': None,
[36m(TaskRunner pid=1615033)[0m                               'expert_parallel_size': None,[36m(TaskRunner pid=1615033)[0m /home/yw4636/.conda/envs/verl/lib/python3.12/site-packages/verl/trainer/main_ppo_v0.py:182: UserWarning: Disabled critic as algorithm.adv_estimator != gae. If it is not intended, please set critic.enable=True
[36m(TaskRunner pid=1615033)[0m   use_critic=need_critic(config),

[36m(TaskRunner pid=1615033)[0m                               'free_cache_engine': None,
[36m(TaskRunner pid=1615033)[0m                               'gpu_memory_utilization': None,
[36m(TaskRunner pid=1615033)[0m                               'limit_images': None,
[36m(TaskRunner pid=1615033)[0m                               'load_format': None,
[36m(TaskRunner pid=1615033)[0m                               'max_model_len': None,
[36m(TaskRunner pid=1615033)[0m                               'max_num_batched_tokens': None,
[36m(TaskRunner pid=1615033)[0m                               'max_num_seqs': None,
[36m(TaskRunner pid=1615033)[0m                               'name': None,
[36m(TaskRunner pid=1615033)[0m                               'prompt_length': None,
[36m(TaskRunner pid=1615033)[0m                               'response_length': None,
[36m(TaskRunner pid=1615033)[0m                               'skip_tokenizer_init': None,
[36m(TaskRunner pid=1615033)[0m                               'tensor_model_parallel_size': None}},
[36m(TaskRunner pid=1615033)[0m  'sandbox_fusion': {'max_concurrent': None,
[36m(TaskRunner pid=1615033)[0m                     'memory_limit_mb': None,
[36m(TaskRunner pid=1615033)[0m                     'url': None},
[36m(TaskRunner pid=1615033)[0m  'skip': {'_target_': 'verl.utils.skip.SkipManagerConfig',
[36m(TaskRunner pid=1615033)[0m           'async_rollout': {'action': 'cache',
[36m(TaskRunner pid=1615033)[0m                             'dump_dir': '~/.verl/rollout_dump',
[36m(TaskRunner pid=1615033)[0m                             'enable': False,
[36m(TaskRunner pid=1615033)[0m                             'steps': []},
[36m(TaskRunner pid=1615033)[0m           'rollout': {'action': 'cache',
[36m(TaskRunner pid=1615033)[0m                       'dump_dir': '~/.verl/rollout_dump',
[36m(TaskRunner pid=1615033)[0m                       'enable': False,
[36m(TaskRunner pid=1615033)[0m                       'steps': []},
[36m(TaskRunner pid=1615033)[0m           'rollout_tq': {'action': 'cache',
[36m(TaskRunner pid=1615033)[0m                          'dump_dir': '~/.verl/rollout_dump',
[36m(TaskRunner pid=1615033)[0m                          'enable': False,
[36m(TaskRunner pid=1615033)[0m                          'steps': []}},
[36m(TaskRunner pid=1615033)[0m  'trainer': {'balance_batch': True,
[36m(TaskRunner pid=1615033)[0m              'critic_warmup': 0,
[36m(TaskRunner pid=1615033)[0m              'default_hdfs_dir': None,
[36m(TaskRunner pid=1615033)[0m              'default_local_dir': '/home/yw4636/agentic-tvg/ckpts/grpo_smoke_f192',
[36m(TaskRunner pid=1615033)[0m              'del_local_ckpt_after_load': False,
[36m(TaskRunner pid=1615033)[0m              'device': 'cuda',
[36m(TaskRunner pid=1615033)[0m              'esi_redundant_time': 0,
[36m(TaskRunner pid=1615033)[0m              'experiment_name': 'grpo_smoke_f192',
[36m(TaskRunner pid=1615033)[0m              'log_val_generations': 0,
[36m(TaskRunner pid=1615033)[0m              'logger': ['console', 'tensorboard'],
[36m(TaskRunner pid=1615033)[0m              'max_actor_ckpt_to_keep': None,
[36m(TaskRunner pid=1615033)[0m              'max_critic_ckpt_to_keep': None,
[36m(TaskRunner pid=1615033)[0m              'n_gpus_per_node': 1,
[36m(TaskRunner pid=1615033)[0m              'nnodes': 1,
[36m(TaskRunner pid=1615033)[0m              'project_name': 'agentic-tvg',
[36m(TaskRunner pid=1615033)[0m              'ray_wait_register_center_timeout': 300,
[36m(TaskRunner pid=1615033)[0m              'resume_from_path': None,
[36m(TaskRunner pid=1615033)[0m              'resume_mode': 'auto',
[36m(TaskRunner pid=1615033)[0m              'rollout_data_dir': None,
[36m(TaskRunner pid=1615033)[0m              'save_freq': -1,
[36m(TaskRunner pid=1615033)[0m              'test_freq': -1,
[36m(TaskRunner pid=1615033)[0m              'total_epochs': 100,
[36m(TaskRunner pid=1615033)[0m              'total_training_steps': 2,
[36m(TaskRunner pid=1615033)[0m              'use_v1': False,
[36m(TaskRunner pid=1615033)[0m              'v1': {'colocate_async': {'num_warmup_batches': 1},
[36m(TaskRunner pid=1615033)[0m                     'sampler': {'custom_sampler': {'name': None, 'path': None},
[36m(TaskRunner pid=1615033)[0m                                 'max_off_policy_strategy': 'drop',
[36m(TaskRunner pid=1615033)[0m                                 'max_off_policy_threshold': 8,
[36m(TaskRunner pid=1615033)[0m                                 'sampler_kwargs': {},
[36m(TaskRunner pid=1615033)[0m                                 'sync_refill_failed_groups': False},
[36m(TaskRunner pid=1615033)[0m                     'separate_async': {'num_warmup_batches': 1,
[36m(TaskRunner pid=1615033)[0m                                        'parameter_sync_step': 4},
[36m(TaskRunner pid=1615033)[0m                     'sync': {},
[36m(TaskRunner pid=1615033)[0m                     'trainer_mode': 'sync'},
[36m(TaskRunner pid=1615033)[0m              'val_before_train': False,
[36m(TaskRunner pid=1615033)[0m              'val_only': False,
[36m(TaskRunner pid=1615033)[0m              'validation_data_dir': None},
[36m(TaskRunner pid=1615033)[0m  'transfer_queue': {'backend': {'MooncakeStore': {'auto_init': False,
[36m(TaskRunner pid=1615033)[0m                                                   'device_name': '',
[36m(TaskRunner pid=1615033)[0m                                                   'global_segment_size': 4294967296,
[36m(TaskRunner pid=1615033)[0m                                                   'local_buffer_size': 1073741824,
[36m(TaskRunner pid=1615033)[0m                                                   'local_hostname': 'localhost',
[36m(TaskRunner pid=1615033)[0m                                                   'master_server_address': 'localhost:50124',
[36m(TaskRunner pid=1615033)[0m                                                   'metadata_server': 'localhost:50123',
[36m(TaskRunner pid=1615033)[0m                                                   'protocol': 'tcp'},
[36m(TaskRunner pid=1615033)[0m                                 'SimpleStorage': {'num_data_storage_units': 8,
[36m(TaskRunner pid=1615033)[0m                                                   'total_storage_size': 100000},
[36m(TaskRunner pid=1615033)[0m                                 'storage_backend': 'SimpleStorage'},
[36m(TaskRunner pid=1615033)[0m                     'enable': False,
[36m(TaskRunner pid=1615033)[0m                     'metrics': {'enabled': False, 'port': 0}}}
[36m(TaskRunner pid=1615033)[0m [validate_config] All configuration checks passed successfully!
[36m(TaskRunner pid=1615033)[0m Using dataset class: RLHFDataset
[36m(TaskRunner pid=1615033)[0m {
[36m(TaskRunner pid=1615033)[0m   "type": "function",
[36m(TaskRunner pid=1615033)[0m   "function": {
[36m(TaskRunner pid=1615033)[0m     "name": "crop_video",
[36m(TaskRunner pid=1615033)[0m     "description": "Inspect a time interval of the current video closely: returns 16 higher-resolution frames sampled evenly from [start_time, end_time], each labeled with its timestamp in seconds.",
[36m(TaskRunner pid=1615033)[0m     "parameters": {
[36m(TaskRunner pid=1615033)[0m       "type": "object",
[36m(TaskRunner pid=1615033)[0m       "properties": {
[36m(TaskRunner pid=1615033)[0m         "start_time": {
[36m(TaskRunner pid=1615033)[0m           "type": "number",
[36m(TaskRunner pid=1615033)[0m           "description": "Interval start in seconds, >= 0."
[36m(TaskRunner pid=1615033)[0m         },
[36m(TaskRunner pid=1615033)[0m         "end_time": {
[36m(TaskRunner pid=1615033)[0m           "type": "number",
[36m(TaskRunner pid=1615033)[0m           "description": "Interval end in seconds, > start_time, <= video duration."
[36m(TaskRunner pid=1615033)[0m         }
[36m(TaskRunner pid=1615033)[0m       },
[36m(TaskRunner pid=1615033)[0m       "required": [
[36m(TaskRunner pid=1615033)[0m         "start_time",
[36m(TaskRunner pid=1615033)[0m Generating train split: 0 examples [00:00, ? examples/s]Generating train split: 893 examples [00:00, 77357.87 examples/s]
[36m(TaskRunner pid=1615033)[0m /home/yw4636/.conda/envs/verl/lib/python3.12/site-packages/verl/trainer/main_ppo_v0.py:218: FutureWarning: Warning: Class 'verl.trainer.ppo.ray_trainer.RayPPOTrainer' is deprecated. Please use 'Legacy trainer is deprecated, and wil be removed in v0.9.0. Please use `trainer.use_v1=True` instead.' instead.
[36m(TaskRunner pid=1615033)[0m   trainer = RayPPOTrainer(
[36m(TaskRunner pid=1615033)[0m /home/yw4636/.conda/envs/verl/lib/python3.12/site-packages/verl/trainer/ppo/ray_trainer.py:348: UserWarning: Disabled critic as algorithm.adv_estimator != gae. If it is not intended, please set critic.enable=True
[36m(TaskRunner pid=1615033)[0m   self.use_critic = need_critic(self.config)
[36m(WorkerDict pid=1615345)[0m /home/yw4636/.conda/envs/verl/lib/python3.12/site-packages/verl/workers/engine/__init__.py:31: UserWarning: torchtitan engine is not available: ModuleNotFoundError("No module named 'torchtitan'")
[36m(WorkerDict pid=1615345)[0m   warnings.warn(f"torchtitan engine is not available: {e!r}", stacklevel=1)
[36m(WorkerDict pid=1615345)[0m /home/yw4636/.conda/envs/verl/lib/python3.12/site-packages/verl/workers/engine/__init__.py:40: UserWarning: veomni engine is not available: ModuleNotFoundError("No module named 'veomni'")
[36m(WorkerDict pid=1615345)[0m   warnings.warn(f"veomni engine is not available: {e!r}", stacklevel=1)
[36m(WorkerDict pid=1615345)[0m /home/yw4636/.conda/envs/verl/lib/python3.12/site-packages/verl/workers/engine/__init__.py:49: UserWarning: automodel engine is not available: ModuleNotFoundError("No module named 'nemo_automodel'")
[36m(WorkerDict pid=1615345)[0m   warnings.warn(f"automodel engine is not available: {e!r}", stacklevel=1)
[36m(WorkerDict pid=1615345)[0m /home/yw4636/.conda/envs/verl/lib/python3.12/site-packages/verl/workers/engine/mindspeed/transformer_impl.py:24: UserWarning: NPU not support router replay for now.
[36m(WorkerDict pid=1615345)[0m   from verl.utils.megatron.router_replay_patch import RouterReplay
[36m(WorkerDict pid=1615345)[0m /home/yw4636/.conda/envs/verl/lib/python3.12/site-packages/verl/workers/engine/__init__.py:59: UserWarning: mindspeed engine is not available: ModuleNotFoundError("No module named 'megatron'")
[36m(WorkerDict pid=1615345)[0m   warnings.warn(f"mindspeed engine is not available: {e!r}", stacklevel=1)
[36m(WorkerDict pid=1615345)[0m /home/yw4636/.conda/envs/verl/lib/python3.12/site-packages/verl/workers/engine/__init__.py:69: UserWarning: megatron engine is not available: ModuleNotFoundError("No module named 'megatron'")
[36m(WorkerDict pid=1615345)[0m   warnings.warn(f"megatron engine is not available: {e!r}", stacklevel=1)
[36m(WorkerDict pid=1615345)[0m [transformers] Flash Attention 2 only supports torch.float16 and torch.bfloat16 dtypes, but the current dype in Qwen3VLForConditionalGeneration is torch.float32. You should run training or inference using Automatic Mixed-Precision via the `with torch.autocast(device_type='torch_device'):` decorator, or load the model with the `dtype` argument. Example: `model = AutoModel.from_pretrained("meta-llama/Llama-3.2-1B", attn_implementation="flash_attention_2", dtype=torch.float16)`
[36m(WorkerDict pid=1615345)[0m [transformers] Flash Attention 2 only supports torch.float16 and torch.bfloat16 dtypes, but the current dype in Qwen3VLModel is torch.float32. You should run training or inference using Automatic Mixed-Precision via the `with torch.autocast(device_type='torch_device'):` decorator, or load the model with the `dtype` argument. Example: `model = AutoModel.from_pretrained("meta-llama/Llama-3.2-1B", attn_implementation="flash_attention_2", dtype=torch.float16)`
[36m(WorkerDict pid=1615345)[0m [transformers] Flash Attention 2 only supports torch.float16 and torch.bfloat16 dtypes, but the current dype in Qwen3VLVisionModel is torch.float32. You should run training or inference using Automatic Mixed-Precision via the `with torch.autocast(device_type='torch_device'):` decorator, or load the model with the `dtype` argument. Example: `model = AutoModel.from_pretrained("meta-llama/Llama-3.2-1B", attn_implementation="flash_attention_2", dtype=torch.float16)`
[36m(WorkerDict pid=1615345)[0m [transformers] Flash Attention 2 only supports torch.float16 and torch.bfloat16 dtypes, but the current dype in Qwen3VLTextModel is torch.float32. You should run training or inference using Automatic Mixed-Precision via the `with torch.autocast(device_type='torch_device'):` decorator, or load the model with the `dtype` argument. Example: `model = AutoModel.from_pretrained("meta-llama/Llama-3.2-1B", attn_implementation="flash_attention_2", dtype=torch.float16)`
[36m(WorkerDict pid=1615345)[0m Loading weights:   0%|          | 0/713 [00:00<?, ?it/s]
[36m(WorkerDict pid=1615345)[0m Loading weights:   0%|          | 1/713 [00:00<06:25,  1.85it/s]
[36m(WorkerDict pid=1615345)[0m Loading weights:  20%|██        | 146/713 [00:00<00:02, 283.38it/s]
[36m(WorkerDict pid=1615345)[0m Loading weights:  29%|██▉       | 210/713 [00:00<00:01, 291.92it/s]
[36m(WorkerDict pid=1615345)[0m Loading weights:  36%|███▋      | 259/713 [00:01<00:01, 277.70it/s]
[36m(WorkerDict pid=1615345)[0m Loading weights:  42%|████▏     | 299/713 [00:01<00:01, 288.95it/s]
[36m(WorkerDict pid=1615345)[0m Loading weights:  47%|████▋     | 336/713 [00:01<00:01, 273.40it/s]
[36m(WorkerDict pid=1615345)[0m Loading weights:  52%|█████▏    | 369/713 [00:01<00:01, 273.96it/s]
[36m(WorkerDict pid=1615345)[0m Loading weights:  61%|██████▏   | 438/713 [00:01<00:00, 366.33it/s]
[36m(WorkerDict pid=1615345)[0m Loading weights:  92%|█████████▏| 655/713 [00:01<00:00, 803.22it/s]
[36m(WorkerDict pid=1615345)[0m Loading weights: 100%|██████████| 713/713 [00:01<00:00, 408.41it/s]
[36m(WorkerDict pid=1615345)[0m WARNING:2026-08-26 06:18:09,490:Setting the sleep level to 1 may cause a memory overflow.
[36m(vLLMHttpServer pid=1615827)[0m [transformers] The `use_fast` parameter is deprecated and will be removed in a future version. Use `backend="torchvision"` instead of `use_fast=True`, or `backend="pil"` instead of `use_fast=False`.
[36m(vLLMHttpServer pid=1615827)[0m (Worker pid=1616610) [transformers] The `use_fast` parameter is deprecated and will be removed in a future version. Use `backend="torchvision"` instead of `use_fast=True`, or `backend="pil"` instead of `use_fast=False`.
[36m(vLLMHttpServer pid=1615827)[0m (Worker pid=1616610) Loading safetensors checkpoint shards:   0% Completed | 0/2 [00:00<?, ?it/s]
[36m(vLLMHttpServer pid=1615827)[0m (Worker pid=1616610) Loading safetensors checkpoint shards:  50% Completed | 1/2 [00:00<00:00,  1.43it/s]
[36m(vLLMHttpServer pid=1615827)[0m (Worker pid=1616610) Loading safetensors checkpoint shards: 100% Completed | 2/2 [00:01<00:00,  1.55it/s]
[36m(vLLMHttpServer pid=1615827)[0m (Worker pid=1616610) Loading safetensors checkpoint shards: 100% Completed | 2/2 [00:01<00:00,  1.53it/s]
[36m(vLLMHttpServer pid=1615827)[0m (Worker pid=1616610) 
[36m(TaskRunner pid=1615033)[0m         "end_time"
[36m(TaskRunner pid=1615033)[0m       ]
[36m(TaskRunner pid=1615033)[0m     }
[36m(TaskRunner pid=1615033)[0m   }
[36m(TaskRunner pid=1615033)[0m }
[36m(TaskRunner pid=1615033)[0m dataset len: 893
[36m(TaskRunner pid=1615033)[0m Using dataset class: RLHFDataset
[36m(TaskRunner pid=1615033)[0m {
[36m(TaskRunner pid=1615033)[0m   "type": "function",
[36m(TaskRunner pid=1615033)[0m   "function": {
[36m(TaskRunner pid=1615033)[0m     "name": "crop_video",
[36m(TaskRunner pid=1615033)[0m     "description": "Inspect a time interval of the current video closely: returns 16 higher-resolution frames sampled evenly from [start_time, end_time], each labeled with its timestamp in seconds.",
[36m(TaskRunner pid=1615033)[0m     "parameters": {
[36m(TaskRunner pid=1615033)[0m       "type": "object",
[36m(TaskRunner pid=1615033)[0m       "properties": {
[36m(TaskRunner pid=1615033)[0m         "start_time": {
[36m(TaskRunner pid=1615033)[0m           "type": "number",
[36m(TaskRunner pid=1615033)[0m           "description": "Interval start in seconds, >= 0."
[36m(TaskRunner pid=1615033)[0m         },
[36m(TaskRunner pid=1615033)[0m         "end_time": {
[36m(TaskRunner pid=1615033)[0m           "type": "number",
[36m(TaskRunner pid=1615033)[0m           "description": "Interval end in seconds, > start_time, <= video duration."
[36m(TaskRunner pid=1615033)[0m         }
[36m(TaskRunner pid=1615033)[0m       },
[36m(TaskRunner pid=1615033)[0m       "required": [
[36m(TaskRunner pid=1615033)[0m         "start_time",
[36m(TaskRunner pid=1615033)[0m         "end_time"
[36m(TaskRunner pid=1615033)[0m       ]
[36m(TaskRunner pid=1615033)[0m     }
[36m(TaskRunner pid=1615033)[0m   }
[36m(TaskRunner pid=1615033)[0m }
[36m(TaskRunner pid=1615033)[0m dataset len: 114
[36m(TaskRunner pid=1615033)[0m Size of train dataloader: 111, Size of val dataloader: 1
[36m(TaskRunner pid=1615033)[0m Total training steps: 2
[36m(TaskRunner pid=1615033)[0m colocated worker base class <class 'verl.single_controller.base.worker.Worker'>
[36m(WorkerDict pid=1615345)[0m Warning: Failed to set NUMA affinity: libnuma.so: cannot open shared object file: No such file or directory
[36m(WorkerDict pid=1615345)[0m Monkey patch Qwen3VLForConditionalGeneration model forward
[36m(WorkerDict pid=1615345)[0m Monkey patch _flash_attention_forward in transformers.integrations.flash_attention
[36m(WorkerDict pid=1615345)[0m Skipping monkey patch for Qwen3VLForConditionalGeneration as use_fused_kernels is False or fused_kernels_backend is torch
[36m(WorkerDict pid=1615345)[0m PeftModelForCausalLM contains 4.47B parameters
[36m(WorkerDict pid=1615345)[0m Before FSDP, memory allocated (GB): 0.00, memory reserved (GB): 0.00, device memory used/total (GB): 0.41/79.27
[36m(WorkerDict pid=1615345)[0m After FSDP, memory allocated (GB): 16.76, memory reserved (GB): 18.74, device memory used/total (GB): 19.67/79.27
[36m(WorkerDict pid=1615345)[0m Total steps: 2, num_warmup_steps: 0
[36m(vLLMHttpServer pid=1615827)[0m ['serve',
[36m(vLLMHttpServer pid=1615827)[0m  '/home/yw4636/agentic-tvg/models/Qwen3-VL-4B-Instruct',
[36m(vLLMHttpServer pid=1615827)[0m  '--dtype',
[36m(vLLMHttpServer pid=1615827)[0m  'bfloat16',
[36m(vLLMHttpServer pid=1615827)[0m  '--load_format',
[36m(vLLMHttpServer pid=1615827)[0m  'safetensors',
[36m(vLLMHttpServer pid=1615827)[0m  '--distributed_executor_backend',
[36m(vLLMHttpServer pid=1615827)[0m  'mp',
[36m(vLLMHttpServer pid=1615827)[0m  '--worker_extension_cls',
[36m(vLLMHttpServer pid=1615827)[0m  'verl.workers.rollout.vllm_rollout.utils.vLLMColocateWorkerExtension',
[36m(vLLMHttpServer pid=1615827)[0m  '--max_model_len',
[36m(vLLMHttpServer pid=1615827)[0m  '14336',
[36m(vLLMHttpServer pid=1615827)[0m  '--max_num_seqs',
[36m(vLLMHttpServer pid=1615827)[0m  '256',
[36m(vLLMHttpServer pid=1615827)[0m  '--enable_chunked_prefill',
[36m(vLLMHttpServer pid=1615827)[0m  '--max_num_batched_tokens',
[36m(vLLMHttpServer pid=1615827)[0m  '16384',
[36m(vLLMHttpServer pid=1615827)[0m  '--enable_prefix_caching',
[36m(vLLMHttpServer pid=1615827)[0m  '--enable_sleep_mode',
[36m(vLLMHttpServer pid=1615827)[0m  '--logprobs_mode',
[36m(vLLMHttpServer pid=1615827)[0m  'processed_logprobs',
[36m(vLLMHttpServer pid=1615827)[0m  '--gpu_memory_utilization',
[36m(vLLMHttpServer pid=1615827)[0m  '0.45',
[36m(vLLMHttpServer pid=1615827)[0m  '--disable_log_stats',
[36m(vLLMHttpServer pid=1615827)[0m  '--tensor_parallel_size',
[36m(vLLMHttpServer pid=1615827)[0m  '1',
[36m(vLLMHttpServer pid=1615827)[0m  '--seed',
[36m(vLLMHttpServer pid=1615827)[0m  '42',
[36m(vLLMHttpServer pid=1615827)[0m  '--override_generation_config',
[36m(vLLMHttpServer pid=1615827)[0m  '{"temperature": 1.0, "top_k": -1, "top_p": 1, "repetition_penalty": 1.0, '
[36m(vLLMHttpServer pid=1615827)[0m  '"max_new_tokens": 8192}',
[36m(vLLMHttpServer pid=1615827)[0m  '--hf_overrides',
[36m(vLLMHttpServer pid=1615827)[0m  '{}',
[36m(vLLMHttpServer pid=1615827)[0m  '--scheduling_policy',
[36m(vLLMHttpServer pid=1615827)[0m  'fcfs',
[36m(vLLMHttpServer pid=1615827)[0m  '--compilation_config',
[36m(vLLMHttpServer pid=1615827)[0m  '{"cudagraph_mode": "FULL_AND_PIECEWISE"}',
[36m(vLLMHttpServer pid=1615827)[0m  '--limit_mm_per_prompt',
[36m(vLLMHttpServer pid=1615827)[0m  '{"image": 64}',
[36m(vLLMHttpServer pid=1615827)[0m  '--enable_lora',
[36m(vLLMHttpServer pid=1615827)[0m  '--max_loras',
[36m(vLLMHttpServer pid=1615827)[0m  '1',
[36m(vLLMHttpServer pid=1615827)[0m  '--max_lora_rank',
[36m(vLLMHttpServer pid=1615827)[0m  '16']
[36m(vLLMHttpServer pid=1615827)[0m WARNING 08-26 06:18:25 [system_utils.py:157] We must use the `spawn` multiprocessing start method. Overriding VLLM_WORKER_MULTIPROC_METHOD to 'spawn'. See https://docs.vllm.ai/en/latest/usage/troubleshooting.html#python-multiprocessing for more information. Reasons: In a Ray actor and can only be spawned; CUDA is initialized
[36m(vLLMHttpServer pid=1615827)[0m (Worker pid=1616610) WARNING 08-26 06:18:46 [model_manager.py:401] Regarding Qwen3VLForConditionalGeneration, no matching PunicaWrapper is found; visual.patch_embed.proj will be ignored.
[36m(vLLMHttpServer pid=1615827)[0m (Worker pid=1616610) WARNING 08-26 06:18:46 [model_manager.py:401] Regarding Qwen3VLForConditionalGeneration, no matching PunicaWrapper is found; visual.merger.linear_fc1 will be ignored.
[36m(vLLMHttpServer pid=1615827)[0m (Worker pid=1616610) WARNING 08-26 06:18:46 [model_manager.py:401] Regarding Qwen3VLForConditionalGeneration, no matching PunicaWrapper is found; visual.merger.linear_fc2 will be ignored.
[36m(vLLMHttpServer pid=1615827)[0m (Worker pid=1616610) WARNING 08-26 06:18:46 [model_manager.py:401] Regarding Qwen3VLForConditionalGeneration, no matching PunicaWrapper is found; visual.deepstack_merger_list.0.linear_fc1 will be ignored.
[36m(vLLMHttpServer pid=1615827)[0m (Worker pid=1616610) WARNING 08-26 06:18:46 [model_manager.py:401] Regarding Qwen3VLForConditionalGeneration, no matching PunicaWrapper is found; visual.deepstack_merger_list.0.linear_fc2 will be ignored.
[36m(vLLMHttpServer pid=1615827)[0m (Worker pid=1616610) WARNING 08-26 06:18:46 [model_manager.py:401] Regarding Qwen3VLForConditionalGeneration, no matching PunicaWrapper is found; visual.deepstack_merger_list.1.linear_fc1 will be ignored.
[36m(vLLMHttpServer pid=1615827)[0m (Worker pid=1616610) WARNING 08-26 06:18:46 [model_manager.py:401] Regarding Qwen3VLForConditionalGeneration, no matching PunicaWrapper is found; visual.deepstack_merger_list.1.linear_fc2 will be ignored.
[36m(vLLMHttpServer pid=1615827)[0m (Worker pid=1616610) WARNING 08-26 06:18:46 [model_manager.py:401] Regarding Qwen3VLForConditionalGeneration, no matching PunicaWrapper is found; visual.deepstack_merger_list.2.linear_fc1 will be ignored.
[36m(vLLMHttpServer pid=1615827)[0m (Worker pid=1616610) WARNING 08-26 06:18:46 [model_manager.py:401] Regarding Qwen3VLForConditionalGeneration, no matching PunicaWrapper is found; visual.deepstack_merger_list.2.linear_fc2 will be ignored.
[36m(vLLMHttpServer pid=1615827)[0m (Worker pid=1616610) WARNING 08-26 06:18:46 [model_manager.py:401] Regarding Qwen3VLForConditionalGeneration, no matching PunicaWrapper is found; visual.blocks.0.attn.qkv will be ignored.
[36m(vLLMHttpServer pid=1615827)[0m (Worker pid=1616610) WARNING 08-26 06:18:46 [model_manager.py:401] Regarding Qwen3VLForConditionalGeneration, no matching PunicaWrapper is found; visual.blocks.0.attn.proj will be ignored.
[36m(vLLMHttpServer pid=1615827)[0m (Worker pid=1616610) WARNING 08-26 06:18:46 [model_manager.py:401] Regarding Qwen3VLForConditionalGeneration, no matching PunicaWrapper is found; visual.blocks.0.mlp.linear_fc1 will be ignored.
[36m(vLLMHttpServer pid=1615827)[0m (Worker pid=1616610) WARNING 08-26 06:18:46 [model_manager.py:401] Regarding Qwen3VLForConditionalGeneration, no matching PunicaWrapper is found; visual.blocks.0.mlp.linear_fc2 will be ignored.
[36m(vLLMHttpServer pid=1615827)[0m (Worker pid=1616610) WARNING 08-26 06:18:46 [model_manager.py:401] Regarding Qwen3VLForConditionalGeneration, no matching PunicaWrapper is found; visual.blocks.1.attn.qkv will be ignored.
[36m(vLLMHttpServer pid=1615827)[0m (Worker pid=1616610) WARNING 08-26 06:18:46 [model_manager.py:401] Regarding Qwen3VLForConditionalGeneration, no matching PunicaWrapper is found; visual.blocks.1.attn.proj will be ignored.
[36m(vLLMHttpServer pid=1615827)[0m (Worker pid=1616610) WARNING 08-26 06:18:46 [model_manager.py:401] Regarding Qwen3VLForConditionalGeneration, no matching PunicaWrapper is found; visual.blocks.1.mlp.linear_fc1 will be ignored.
[36m(vLLMHttpServer pid=1615827)[0m (Worker pid=1616610) WARNING 08-26 06:18:46 [model_manager.py:401] Regarding Qwen3VLForConditionalGeneration, no matching PunicaWrapper is found; visual.blocks.1.mlp.linear_fc2 will be ignored.
[36m(vLLMHttpServer pid=1615827)[0m (Worker pid=1616610) WARNING 08-26 06:18:46 [model_manager.py:401] Regarding Qwen3VLForConditionalGeneration, no matching PunicaWrapper is found; visual.blocks.2.attn.qkv will be ignored.
[36m(vLLMHttpServer pid=1615827)[0m (Worker pid=1616610) WARNING 08-26 06:18:46 [model_manager.py:401] Regarding Qwen3VLForConditionalGeneration, no matching PunicaWrapper is found; visual.blocks.2.attn.proj will be ignored.
[36m(vLLMHttpServer pid=1615827)[0m (Worker pid=1616610) WARNING 08-26 06:18:46 [model_manager.py:401] Regarding Qwen3VLForConditionalGeneration, no matching PunicaWrapper is found; visual.blocks.2.mlp.linear_fc1 will be ignored.
[36m(vLLMHttpServer pid=1615827)[0m (Worker pid=1616610) WARNING 08-26 06:18:46 [model_manager.py:401] Regarding Qwen3VLForConditionalGeneration, no matching PunicaWrapper is found; visual.blocks.2.mlp.linear_fc2 will be ignored.
[36m(vLLMHttpServer pid=1615827)[0m (Worker pid=1616610) WARNING 08-26 06:18:46 [model_manager.py:401] Regarding Qwen3VLForConditionalGeneration, no matching PunicaWrapper is found; visual.blocks.3.attn.qkv will be ignored.
[36m(vLLMHttpServer pid=1615827)[0m (Worker pid=1616610) WARNING 08-26 06:18:46 [model_manager.py:401] Regarding Qwen3VLForConditionalGeneration, no matching PunicaWrapper is found; visual.blocks.3.attn.proj will be ignored.
[36m(vLLMHttpServer pid=1615827)[0m (Worker pid=1616610) WARNING 08-26 06:18:46 [model_manager.py:401] Regarding Qwen3VLForConditionalGeneration, no matching PunicaWrapper is found; visual.blocks.3.mlp.linear_fc1 will be ignored.
[36m(vLLMHttpServer pid=1615827)[0m (Worker pid=1616610) WARNING 08-26 06:18:46 [model_manager.py:401] Regarding Qwen3VLForConditionalGeneration, no matching PunicaWrapper is found; visual.blocks.3.mlp.linear_fc2 will be ignored.
[36m(vLLMHttpServer pid=1615827)[0m (Worker pid=1616610) WARNING 08-26 06:18:46 [model_manager.py:401] Regarding Qwen3VLForConditionalGeneration, no matching PunicaWrapper is found; visual.blocks.4.attn.qkv will be ignored.
[36m(vLLMHttpServer pid=1615827)[0m (Worker pid=1616610) WARNING 08-26 06:18:46 [model_manager.py:401] Regarding Qwen3VLForConditionalGeneration, no matching PunicaWrapper is found; visual.blocks.4.attn.proj will be ignored.
[36m(vLLMHttpServer pid=1615827)[0m (Worker pid=1616610) WARNING 08-26 06:18:46 [model_manager.py:401] Regarding Qwen3VLForConditionalGeneration, no matching PunicaWrapper is found; visual.blocks.4.mlp.linear_fc1 will be ignored.
[36m(vLLMHttpServer pid=1615827)[0m (Worker pid=1616610) WARNING 08-26 06:18:46 [model_manager.py:401] Regarding Qwen3VLForConditionalGeneration, no matching PunicaWrapper is found; visual.blocks.4.mlp.linear_fc2 will be ignored.
[36m(vLLMHttpServer pid=1615827)[0m (Worker pid=1616610) WARNING 08-26 06:18:46 [model_manager.py:401] Regarding Qwen3VLForConditionalGeneration, no matching PunicaWrapper is found; visual.blocks.5.attn.qkv will be ignored.
[36m(vLLMHttpServer pid=1615827)[0m (Worker pid=1616610) WARNING 08-26 06:18:46 [model_manager.py:401] Regarding Qwen3VLForConditionalGeneration, no matching PunicaWrapper is found; visual.blocks.5.attn.proj will be ignored.
[36m(vLLMHttpServer pid=1615827)[0m (Worker pid=1616610) WARNING 08-26 06:18:46 [model_manager.py:401] Regarding Qwen3VLForConditionalGeneration, no matching PunicaWrapper is found; visual.blocks.5.mlp.linear_fc1 will be ignored.
[36m(vLLMHttpServer pid=1615827)[0m (Worker pid=1616610) WARNING 08-26 06:18:46 [model_manager.py:401] Regarding Qwen3VLForConditionalGeneration, no matching PunicaWrapper is found; visual.blocks.5.mlp.linear_fc2 will be ignored.
[36m(vLLMHttpServer pid=1615827)[0m (Worker pid=1616610) WARNING 08-26 06:18:46 [model_manager.py:401] Regarding Qwen3VLForConditionalGeneration, no matching PunicaWrapper is found; visual.blocks.6.attn.qkv will be ignored.
[36m(vLLMHttpServer pid=1615827)[0m (Worker pid=1616610) WARNING 08-26 06:18:46 [model_manager.py:401] Regarding Qwen3VLForConditionalGeneration, no matching PunicaWrapper is found; visual.blocks.6.attn.proj will be ignored.
[36m(vLLMHttpServer pid=1615827)[0m (Worker pid=1616610) WARNING 08-26 06:18:46 [model_manager.py:401] Regarding Qwen3VLForConditionalGeneration, no matching PunicaWrapper is found; visual.blocks.6.mlp.linear_fc1 will be ignored.
[36m(vLLMHttpServer pid=1615827)[0m (Worker pid=1616610) WARNING 08-26 06:18:46 [model_manager.py:401] Regarding Qwen3VLForConditionalGeneration, no matching PunicaWrapper is found; visual.blocks.6.mlp.linear_fc2 will be ignored.
[36m(vLLMHttpServer pid=1615827)[0m (Worker pid=1616610) WARNING 08-26 06:18:46 [model_manager.py:401] Regarding Qwen3VLForConditionalGeneration, no matching PunicaWrapper is found; visual.blocks.7.attn.qkv will be ignored.
[36m(vLLMHttpServer pid=1615827)[0m (Worker pid=1616610) WARNING 08-26 06:18:46 [model_manager.py:401] Regarding Qwen3VLForConditionalGeneration, no matching PunicaWrapper is found; visual.blocks.7.attn.proj will be ignored.
[36m(vLLMHttpServer pid=1615827)[0m (Worker pid=1616610) WARNING 08-26 06:18:46 [model_manager.py:401] Regarding Qwen3VLForConditionalGeneration, no matching PunicaWrapper is found; visual.blocks.7.mlp.linear_fc1 will be ignored.
[36m(vLLMHttpServer pid=1615827)[0m (Worker pid=1616610) WARNING 08-26 06:18:46 [model_manager.py:401] Regarding Qwen3VLForConditionalGeneration, no matching PunicaWrapper is found; visual.blocks.7.mlp.linear_fc2 will be ignored.
[36m(vLLMHttpServer pid=1615827)[0m (Worker pid=1616610) WARNING 08-26 06:18:46 [model_manager.py:401] Regarding Qwen3VLForConditionalGeneration, no matching PunicaWrapper is found; visual.blocks.8.attn.qkv will be ignored.
[36m(vLLMHttpServer pid=1615827)[0m (Worker pid=1616610) WARNING 08-26 06:18:46 [model_manager.py:401] Regarding Qwen3VLForConditionalGeneration, no matching PunicaWrapper is found; visual.blocks.8.attn.proj will be ignored.
[36m(vLLMHttpServer pid=1615827)[0m (Worker pid=1616610) WARNING 08-26 06:18:46 [model_manager.py:401] Regarding Qwen3VLForConditionalGeneration, no matching PunicaWrapper is found; visual.blocks.8.mlp.linear_fc1 will be ignored.
[36m(vLLMHttpServer pid=1615827)[0m (Worker pid=1616610) WARNING 08-26 06:18:46 [model_manager.py:401] Regarding Qwen3VLForConditionalGeneration, no matching PunicaWrapper is found; visual.blocks.8.mlp.linear_fc2 will be ignored.
[36m(vLLMHttpServer pid=1615827)[0m (Worker pid=1616610) WARNING 08-26 06:18:46 [model_manager.py:401] Regarding Qwen3VLForConditionalGeneration, no matching PunicaWrapper is found; visual.blocks.9.attn.qkv will be ignored.
[36m(vLLMHttpServer pid=1615827)[0m (Worker pid=1616610) WARNING 08-26 06:18:46 [model_manager.py:401] Regarding Qwen3VLForConditionalGeneration, no matching PunicaWrapper is found; visual.blocks.9.attn.proj will be ignored.
[36m(vLLMHttpServer pid=1615827)[0m (Worker pid=1616610) WARNING 08-26 06:18:46 [model_manager.py:401] Regarding Qwen3VLForConditionalGeneration, no matching PunicaWrapper is found; visual.blocks.9.mlp.linear_fc1 will be ignored.
[36m(vLLMHttpServer pid=1615827)[0m (Worker pid=1616610) WARNING 08-26 06:18:46 [model_manager.py:401] Regarding Qwen3VLForConditionalGeneration, no matching PunicaWrapper is found; visual.blocks.9.mlp.linear_fc2 will be ignored.
[36m(vLLMHttpServer pid=1615827)[0m (Worker pid=1616610) WARNING 08-26 06:18:46 [model_manager.py:401] Regarding Qwen3VLForConditionalGeneration, no matching PunicaWrapper is found; visual.blocks.10.attn.qkv will be ignored.
[36m(vLLMHttpServer pid=1615827)[0m (Worker pid=1616610) WARNING 08-26 06:18:46 [model_manager.py:401] Regarding Qwen3VLForConditionalGeneration, no matching PunicaWrapper is found; visual.blocks.10.attn.proj will be ignored.
[36m(vLLMHttpServer pid=1615827)[0m (Worker pid=1616610) WARNING 08-26 06:18:46 [model_manager.py:401] Regarding Qwen3VLForConditionalGeneration, no matching PunicaWrapper is found; visual.blocks.10.mlp.linear_fc1 will be ignored.
[36m(vLLMHttpServer pid=1615827)[0m (Worker pid=1616610) WARNING 08-26 06:18:46 [model_manager.py:401] Regarding Qwen3VLForConditionalGeneration, no matching PunicaWrapper is found; visual.blocks.10.mlp.linear_fc2 will be ignored.
[36m(vLLMHttpServer pid=1615827)[0m (Worker pid=1616610) WARNING 08-26 06:18:46 [model_manager.py:401] Regarding Qwen3VLForConditionalGeneration, no matching PunicaWrapper is found; visual.blocks.11.attn.qkv will be ignored.
[36m(vLLMHttpServer pid=1615827)[0m (Worker pid=1616610) WARNING 08-26 06:18:46 [model_manager.py:401] Regarding Qwen3VLForConditionalGeneration, no matching PunicaWrapper is found; visual.blocks.11.attn.proj will be ignored.
[36m(vLLMHttpServer pid=1615827)[0m (Worker pid=1616610) WARNING 08-26 06:18:46 [model_manager.py:401] Regarding Qwen3VLForConditionalGeneration, no matching PunicaWrapper is found; visual.blocks.11.mlp.linear_fc1 will be ignored.
[36m(vLLMHttpServer pid=1615827)[0m (Worker pid=1616610) WARNING 08-26 06:18:46 [model_manager.py:401] Regarding Qwen3VLForConditionalGeneration, no matching PunicaWrapper is found; visual.blocks.11.mlp.linear_fc2 will be ignored.
[36m(vLLMHttpServer pid=1615827)[0m (Worker pid=1616610) WARNING 08-26 06:18:46 [model_manager.py:401] Regarding Qwen3VLForConditionalGeneration, no matching PunicaWrapper is found; visual.blocks.12.attn.qkv will be ignored.
[36m(vLLMHttpServer pid=1615827)[0m (Worker pid=1616610) WARNING 08-26 06:18:46 [model_manager.py:401] Regarding Qwen3VLForConditionalGeneration, no matching PunicaWrapper is found; visual.blocks.12.attn.proj will be ignored.
[36m(vLLMHttpServer pid=1615827)[0m (Worker pid=1616610) WARNING 08-26 06:18:46 [model_manager.py:401] Regarding Qwen3VLForConditionalGeneration, no matching PunicaWrapper is found; visual.blocks.12.mlp.linear_fc1 will be ignored.
[36m(vLLMHttpServer pid=1615827)[0m (Worker pid=1616610) WARNING 08-26 06:18:46 [model_manager.py:401] Regarding Qwen3VLForConditionalGeneration, no matching PunicaWrapper is found; visual.blocks.12.mlp.linear_fc2 will be ignored.
[36m(vLLMHttpServer pid=1615827)[0m (Worker pid=1616610) WARNING 08-26 06:18:46 [model_manager.py:401] Regarding Qwen3VLForConditionalGeneration, no matching PunicaWrapper is found; visual.blocks.13.attn.qkv will be ignored.
[36m(vLLMHttpServer pid=1615827)[0m (Worker pid=1616610) WARNING 08-26 06:18:46 [model_manager.py:401] Regarding Qwen3VLForConditionalGeneration, no matching PunicaWrapper is found; visual.blocks.13.attn.proj will be ignored.
[36m(vLLMHttpServer pid=1615827)[0m (Worker pid=1616610) WARNING 08-26 06:18:46 [model_manager.py:401] Regarding Qwen3VLForConditionalGeneration, no matching PunicaWrapper is found; visual.blocks.13.mlp.linear_fc1 will be ignored.
[36m(vLLMHttpServer pid=1615827)[0m (Worker pid=1616610) WARNING 08-26 06:18:46 [model_manager.py:401] Regarding Qwen3VLForConditionalGeneration, no matching PunicaWrapper is found; visual.blocks.13.mlp.linear_fc2 will be ignored.
[36m(vLLMHttpServer pid=1615827)[0m (Worker pid=1616610) WARNING 08-26 06:18:46 [model_manager.py:401] Regarding Qwen3VLForConditionalGeneration, no matching PunicaWrapper is found; visual.blocks.14.attn.qkv will be ignored.
[36m(vLLMHttpServer pid=1615827)[0m (Worker pid=1616610) WARNING 08-26 06:18:46 [model_manager.py:401] Regarding Qwen3VLForConditionalGeneration, no matching PunicaWrapper is found; visual.blocks.14.attn.proj will be ignored.
[36m(vLLMHttpServer pid=1615827)[0m (Worker pid=1616610) WARNING 08-26 06:18:46 [model_manager.py:401] Regarding Qwen3VLForConditionalGeneration, no matching PunicaWrapper is found; visual.blocks.14.mlp.linear_fc1 will be ignored.
[36m(vLLMHttpServer pid=1615827)[0m (Worker pid=1616610) WARNING 08-26 06:18:46 [model_manager.py:401] Regarding Qwen3VLForConditionalGeneration, no matching PunicaWrapper is found; visual.blocks.14.mlp.linear_fc2 will be ignored.
[36m(vLLMHttpServer pid=1615827)[0m (Worker pid=1616610) WARNING 08-26 06:18:46 [model_manager.py:401] Regarding Qwen3VLForConditionalGeneration, no matching PunicaWrapper is found; visual.blocks.15.attn.qkv will be ignored.
[36m(vLLMHttpServer pid=1615827)[0m (Worker pid=1616610) WARNING 08-26 06:18:46 [model_manager.py:401] Regarding Qwen3VLForConditionalGeneration, no matching PunicaWrapper is found; visual.blocks.15.attn.proj will be ignored.
[36m(vLLMHttpServer pid=1615827)[0m (Worker pid=1616610) WARNING 08-26 06:18:46 [model_manager.py:401] Regarding Qwen3VLForConditionalGeneration, no matching PunicaWrapper is found; visual.blocks.15.mlp.linear_fc1 will be ignored.
[36m(vLLMHttpServer pid=1615827)[0m (Worker pid=1616610) WARNING 08-26 06:18:46 [model_manager.py:401] Regarding Qwen3VLForConditionalGeneration, no matching PunicaWrapper is found; visual.blocks.15.mlp.linear_fc2 will be ignored.
[36m(vLLMHttpServer pid=1615827)[0m (Worker pid=1616610) WARNING 08-26 06:18:46 [model_manager.py:401] Regarding Qwen3VLForConditionalGeneration, no matching PunicaWrapper is found; visual.blocks.16.attn.qkv will be ignored.
[36m(vLLMHttpServer pid=1615827)[0m (Worker pid=1616610) WARNING 08-26 06:18:46 [model_manager.py:401] Regarding Qwen3VLForConditionalGeneration, no matching PunicaWrapper is found; visual.blocks.16.attn.proj will be ignored.
[36m(vLLMHttpServer pid=1615827)[0m (Worker pid=1616610) WARNING 08-26 06:18:46 [model_manager.py:401] Regarding Qwen3VLForConditionalGeneration, no matching PunicaWrapper is found; visual.blocks.16.mlp.linear_fc1 will be ignored.
[36m(vLLMHttpServer pid=1615827)[0m (Worker pid=1616610) WARNING 08-26 06:18:46 [model_manager.py:401] Regarding Qwen3VLForConditionalGeneration, no matching PunicaWrapper is found; visual.blocks.16.mlp.linear_fc2 will be ignored.
[36m(vLLMHttpServer pid=1615827)[0m (Worker pid=1616610) WARNING 08-26 06:18:46 [model_manager.py:401] Regarding Qwen3VLForConditionalGeneration, no matching PunicaWrapper is found; visual.blocks.17.attn.qkv will be ignored.
[36m(vLLMHttpServer pid=1615827)[0m (Worker pid=1616610) WARNING 08-26 06:18:46 [model_manager.py:401] Regarding Qwen3VLForConditionalGeneration, no matching PunicaWrapper is found; visual.blocks.17.attn.proj will be ignored.
[36m(vLLMHttpServer pid=1615827)[0m (Worker pid=1616610) WARNING 08-26 06:18:46 [model_manager.py:401] Regarding Qwen3VLForConditionalGeneration, no matching PunicaWrapper is found; visual.blocks.17.mlp.linear_fc1 will be ignored.
[36m(vLLMHttpServer pid=1615827)[0m (Worker pid=1616610) WARNING 08-26 06:18:46 [model_manager.py:401] Regarding Qwen3VLForConditionalGeneration, no matching PunicaWrapper is found; visual.blocks.17.mlp.linear_fc2 will be ignored.[36m(vLLMHttpServer pid=1615827)[0m (Worker pid=1616610) Capturing CUDA graphs (mixed prefill-decode, PIECEWISE):   0%|          | 0/102 [00:00<?, ?it/s]
[36m(vLLMHttpServer pid=1615827)[0m Capturing CUDA graphs (mixed prefill-decode, PIECEWISE):   1%|          | 1/102 [00:00<00:31,  3.18it/s]
[36m(vLLMHttpServer pid=1615827)[0m Capturing CUDA graphs (mixed prefill-decode, PIECEWISE):   3%|▎         | 3/102 [00:00<00:12,  7.71it/s]
[36m(vLLMHttpServer pid=1615827)[0m Capturing CUDA graphs (mixed prefill-decode, PIECEWISE):   5%|▍         | 5/102 [00:00<00:09, 10.30it/s]
[36m(vLLMHttpServer pid=1615827)[0m Capturing CUDA graphs (mixed prefill-decode, PIECEWISE):   7%|▋         | 7/102 [00:00<00:08, 11.81it/s]
[36m(vLLMHttpServer pid=1615827)[0m Capturing CUDA graphs (mixed prefill-decode, PIECEWISE):   9%|▉         | 9/102 [00:00<00:07, 12.84it/s]
[36m(vLLMHttpServer pid=1615827)[0m Capturing CUDA graphs (mixed prefill-decode, PIECEWISE):  11%|█         | 11/102 [00:00<00:06, 13.45it/s]
[36m(vLLMHttpServer pid=1615827)[0m Capturing CUDA graphs (mixed prefill-decode, PIECEWISE):  13%|█▎        | 13/102 [00:01<00:06, 13.84it/s]
[36m(vLLMHttpServer pid=1615827)[0m Capturing CUDA graphs (mixed prefill-decode, PIECEWISE):  15%|█▍        | 15/102 [00:01<00:06, 14.13it/s]
[36m(vLLMHttpServer pid=1615827)[0m Capturing CUDA graphs (mixed prefill-decode, PIECEWISE):  17%|█▋        | 17/102 [00:01<00:05, 14.31it/s]
[36m(vLLMHttpServer pid=1615827)[0m Capturing CUDA graphs (mixed prefill-decode, PIECEWISE):  19%|█▊        | 19/102 [00:01<00:05, 14.48it/s]
[36m(vLLMHttpServer pid=1615827)[0m Capturing CUDA graphs (mixed prefill-decode, PIECEWISE):  21%|██        | 21/102 [00:01<00:05, 14.53it/s]
[36m(vLLMHttpServer pid=1615827)[0m Capturing CUDA graphs (mixed prefill-decode, PIECEWISE):  23%|██▎       | 23/102 [00:01<00:05, 14.65it/s]
[36m(vLLMHttpServer pid=1615827)[0m Capturing CUDA graphs (mixed prefill-decode, PIECEWISE):  25%|██▍       | 25/102 [00:01<00:05, 14.67it/s]
[36m(vLLMHttpServer pid=1615827)[0m Capturing CUDA graphs (mixed prefill-decode, PIECEWISE):  26%|██▋       | 27/102 [00:02<00:05, 14.72it/s]
[36m(vLLMHttpServer pid=1615827)[0m Capturing CUDA graphs (mixed prefill-decode, PIECEWISE):  28%|██▊       | 29/102 [00:02<00:05, 14.41it/s]
[36m(vLLMHttpServer pid=1615827)[0m Capturing CUDA graphs (mixed prefill-decode, PIECEWISE):  30%|███       | 31/102 [00:02<00:04, 14.52it/s]
[36m(vLLMHttpServer pid=1615827)[0m Capturing CUDA graphs (mixed prefill-decode, PIECEWISE):  32%|███▏      | 33/102 [00:02<00:04, 14.65it/s]
[36m(vLLMHttpServer pid=1615827)[0m Capturing CUDA graphs (mixed prefill-decode, PIECEWISE):  34%|███▍      | 35/102 [00:02<00:04, 14.42it/s]
[36m(vLLMHttpServer pid=1615827)[0m Capturing CUDA graphs (mixed prefill-decode, PIECEWISE):  36%|███▋      | 37/102 [00:02<00:04, 14.54it/s]
[36m(vLLMHttpServer pid=1615827)[0m Capturing CUDA graphs (mixed prefill-decode, PIECEWISE):  38%|███▊      | 39/102 [00:02<00:04, 14.59it/s]
[36m(vLLMHttpServer pid=1615827)[0m Capturing CUDA graphs (mixed prefill-decode, PIECEWISE):  40%|████      | 41/102 [00:03<00:04, 14.65it/s]
[36m(vLLMHttpServer pid=1615827)[0m Capturing CUDA graphs (mixed prefill-decode, PIECEWISE):  42%|████▏     | 43/102 [00:03<00:04, 14.62it/s]
[36m(vLLMHttpServer pid=1615827)[0m Capturing CUDA graphs (mixed prefill-decode, PIECEWISE):  44%|████▍     | 45/102 [00:03<00:03, 14.57it/s]
[36m(vLLMHttpServer pid=1615827)[0m Capturing CUDA graphs (mixed prefill-decode, PIECEWISE):  46%|████▌     | 47/102 [00:03<00:03, 14.58it/s]
[36m(vLLMHttpServer pid=1615827)[0m Capturing CUDA graphs (mixed prefill-decode, PIECEWISE):  48%|████▊     | 49/102 [00:03<00:03, 14.56it/s]
[36m(vLLMHttpServer pid=1615827)[0m Capturing CUDA graphs (mixed prefill-decode, PIECEWISE):  50%|█████     | 51/102 [00:03<00:03, 14.52it/s]
[36m(vLLMHttpServer pid=1615827)[0m Capturing CUDA graphs (mixed prefill-decode, PIECEWISE):  52%|█████▏    | 53/102 [00:03<00:03, 14.51it/s]
[36m(vLLMHttpServer pid=1615827)[0m Capturing CUDA graphs (mixed prefill-decode, PIECEWISE):  54%|█████▍    | 55/102 [00:03<00:03, 14.51it/s]
[36m(vLLMHttpServer pid=1615827)[0m Capturing CUDA graphs (mixed prefill-decode, PIECEWISE):  56%|█████▌    | 57/102 [00:04<00:03, 14.47it/s]
[36m(vLLMHttpServer pid=1615827)[0m Capturing CUDA graphs (mixed prefill-decode, PIECEWISE):  58%|█████▊    | 59/102 [00:04<00:02, 14.42it/s]
[36m(vLLMHttpServer pid=1615827)[0m Capturing CUDA graphs (mixed prefill-decode, PIECEWISE):  60%|█████▉    | 61/102 [00:04<00:02, 14.43it/s]
[36m(vLLMHttpServer pid=1615827)[0m Capturing CUDA graphs (mixed prefill-decode, PIECEWISE):  62%|██████▏   | 63/102 [00:04<00:02, 14.39it/s]
[36m(vLLMHttpServer pid=1615827)[0m Capturing CUDA graphs (mixed prefill-decode, PIECEWISE):  64%|██████▎   | 65/102 [00:04<00:02, 14.36it/s]
[36m(vLLMHttpServer pid=1615827)[0m Capturing CUDA graphs (mixed prefill-decode, PIECEWISE):  66%|██████▌   | 67/102 [00:04<00:02, 14.16it/s]
[36m(vLLMHttpServer pid=1615827)[0m Capturing CUDA graphs (mixed prefill-decode, PIECEWISE):  68%|██████▊   | 69/102 [00:04<00:02, 14.06it/s]
[36m(vLLMHttpServer pid=1615827)[0m Capturing CUDA graphs (mixed prefill-decode, PIECEWISE):  70%|██████▉   | 71/102 [00:05<00:02, 14.12it/s]
[36m(vLLMHttpServer pid=1615827)[0m Capturing CUDA graphs (mixed prefill-decode, PIECEWISE):  72%|███████▏  | 73/102 [00:05<00:02, 14.14it/s]
[36m(vLLMHttpServer pid=1615827)[0m Capturing CUDA graphs (mixed prefill-decode, PIECEWISE):  74%|███████▎  | 75/102 [00:05<00:01, 14.13it/s]
[36m(vLLMHttpServer pid=1615827)[0m Capturing CUDA graphs (mixed prefill-decode, PIECEWISE):  75%|███████▌  | 77/102 [00:05<00:01, 14.15it/s]
[36m(vLLMHttpServer pid=1615827)[0m Capturing CUDA graphs (mixed prefill-decode, PIECEWISE):  77%|███████▋  | 79/102 [00:05<00:01, 14.19it/s]
[36m(vLLMHttpServer pid=1615827)[0m Capturing CUDA graphs (mixed prefill-decode, PIECEWISE):  79%|███████▉  | 81/102 [00:05<00:01, 14.22it/s]
[36m(vLLMHttpServer pid=1615827)[0m Capturing CUDA graphs (mixed prefill-decode, PIECEWISE):  81%|████████▏ | 83/102 [00:05<00:01, 14.23it/s]
[36m(vLLMHttpServer pid=1615827)[0m Capturing CUDA graphs (mixed prefill-decode, PIECEWISE):  83%|████████▎ | 85/102 [00:06<00:01, 14.26it/s]
[36m(vLLMHttpServer pid=1615827)[0m Capturing CUDA graphs (mixed prefill-decode, PIECEWISE):  85%|████████▌ | 87/102 [00:06<00:01, 14.20it/s]
[36m(vLLMHttpServer pid=1615827)[0m Capturing CUDA graphs (mixed prefill-decode, PIECEWISE):  87%|████████▋ | 89/102 [00:06<00:00, 14.17it/s]
[36m(vLLMHttpServer pid=1615827)[0m Capturing CUDA graphs (mixed prefill-decode, PIECEWISE):  89%|████████▉ | 91/102 [00:06<00:00, 14.22it/s]
[36m(vLLMHttpServer pid=1615827)[0m Capturing CUDA graphs (mixed prefill-decode, PIECEWISE):  91%|█████████ | 93/102 [00:06<00:00, 14.23it/s]
[36m(vLLMHttpServer pid=1615827)[0m Capturing CUDA graphs (mixed prefill-decode, PIECEWISE):  93%|█████████▎| 95/102 [00:06<00:00, 14.23it/s]
[36m(vLLMHttpServer pid=1615827)[0m Capturing CUDA graphs (mixed prefill-decode, PIECEWISE):  95%|█████████▌| 97/102 [00:06<00:00, 14.20it/s]
[36m(vLLMHttpServer pid=1615827)[0m Capturing CUDA graphs (mixed prefill-decode, PIECEWISE):  97%|█████████▋| 99/102 [00:07<00:00, 13.62it/s]
[36m(vLLMHttpServer pid=1615827)[0m Capturing CUDA graphs (mixed prefill-decode, PIECEWISE):  99%|█████████▉| 101/102 [00:07<00:00, 13.00it/s]
[36m(vLLMHttpServer pid=1615827)[0m Capturing CUDA graphs (mixed prefill-decode, PIECEWISE): 100%|██████████| 102/102 [00:07<00:00, 13.91it/s]
[36m(vLLMHttpServer pid=1615827)[0m (Worker pid=1616610) Capturing CUDA graphs (decode, FULL):   0%|          | 0/70 [00:00<?, ?it/s]
[36m(vLLMHttpServer pid=1615827)[0m Capturing CUDA graphs (decode, FULL):   1%|▏         | 1/70 [00:00<00:10,  6.55it/s]
[36m(vLLMHttpServer pid=1615827)[0m Capturing CUDA graphs (decode, FULL):   4%|▍         | 3/70 [00:00<00:05, 11.39it/s]
[36m(vLLMHttpServer pid=1615827)[0m Capturing CUDA graphs (decode, FULL):   7%|▋         | 5/70 [00:00<00:04, 13.18it/s]
[36m(vLLMHttpServer pid=1615827)[0m Capturing CUDA graphs (decode, FULL):  10%|█         | 7/70 [00:00<00:04, 14.07it/s]
[36m(vLLMHttpServer pid=1615827)[0m Capturing CUDA graphs (decode, FULL):  13%|█▎        | 9/70 [00:00<00:04, 14.50it/s]
[36m(vLLMHttpServer pid=1615827)[0m Capturing CUDA graphs (decode, FULL):  16%|█▌        | 11/70 [00:00<00:03, 14.85it/s]
[36m(vLLMHttpServer pid=1615827)[0m Capturing CUDA graphs (decode, FULL):  19%|█▊        | 13/70 [00:00<00:03, 15.04it/s]
[36m(vLLMHttpServer pid=1615827)[0m Capturing CUDA graphs (decode, FULL):  21%|██▏       | 15/70 [00:01<00:03, 15.19it/s]
[36m(vLLMHttpServer pid=1615827)[0m Capturing CUDA graphs (decode, FULL):  24%|██▍       | 17/70 [00:01<00:03, 15.13it/s]
[36m(vLLMHttpServer pid=1615827)[0m Capturing CUDA graphs (decode, FULL):  27%|██▋       | 19/70 [00:01<00:03, 15.08it/s]
[36m(vLLMHttpServer pid=1615827)[0m Capturing CUDA graphs (decode, FULL):  30%|███       | 21/70 [00:01<00:03, 15.18it/s]
[36m(vLLMHttpServer pid=1615827)[0m Capturing CUDA graphs (decode, FULL):  33%|███▎      | 23/70 [00:01<00:03, 15.26it/s]
[36m(vLLMHttpServer pid=1615827)[0m Capturing CUDA graphs (decode, FULL):  36%|███▌      | 25/70 [00:01<00:02, 15.28it/s]
[36m(vLLMHttpServer pid=1615827)[0m Capturing CUDA graphs (decode, FULL):  39%|███▊      | 27/70 [00:01<00:02, 15.30it/s]
[36m(vLLMHttpServer pid=1615827)[0m Capturing CUDA graphs (decode, FULL):  41%|████▏     | 29/70 [00:01<00:02, 15.23it/s]
[36m(vLLMHttpServer pid=1615827)[0m Capturing CUDA graphs (decode, FULL):  44%|████▍     | 31/70 [00:02<00:02, 15.25it/s]
[36m(vLLMHttpServer pid=1615827)[0m Capturing CUDA graphs (decode, FULL):  47%|████▋     | 33/70 [00:02<00:02, 15.16it/s]
[36m(vLLMHttpServer pid=1615827)[0m Capturing CUDA graphs (decode, FULL):  50%|█████     | 35/70 [00:02<00:02, 15.18it/s]
[36m(vLLMHttpServer pid=1615827)[0m Capturing CUDA graphs (decode, FULL):  53%|█████▎    | 37/70 [00:02<00:02, 15.23it/s]
[36m(vLLMHttpServer pid=1615827)[0m Capturing CUDA graphs (decode, FULL):  56%|█████▌    | 39/70 [00:02<00:02, 15.16it/s]
[36m(vLLMHttpServer pid=1615827)[0m Capturing CUDA graphs (decode, FULL):  59%|█████▊    | 41/70 [00:02<00:01, 15.19it/s]
[36m(vLLMHttpServer pid=1615827)[0m Capturing CUDA graphs (decode, FULL):  61%|██████▏   | 43/70 [00:02<00:01, 15.23it/s]
[36m(vLLMHttpServer pid=1615827)[0m Capturing CUDA graphs (decode, FULL):  64%|██████▍   | 45/70 [00:03<00:01, 15.29it/s]
[36m(vLLMHttpServer pid=1615827)[0m Capturing CUDA graphs (decode, FULL):  67%|██████▋   | 47/70 [00:03<00:01, 15.33it/s]
[36m(vLLMHttpServer pid=1615827)[0m Capturing CUDA graphs (decode, FULL):  70%|███████   | 49/70 [00:03<00:01, 15.25it/s]
[36m(vLLMHttpServer pid=1615827)[0m Capturing CUDA graphs (decode, FULL):  73%|███████▎  | 51/70 [00:03<00:01, 15.15it/s]
[36m(vLLMHttpServer pid=1615827)[0m Capturing CUDA graphs (decode, FULL):  76%|███████▌  | 53/70 [00:03<00:01, 15.24it/s]
[36m(vLLMHttpServer pid=1615827)[0m Capturing CUDA graphs (decode, FULL):  79%|███████▊  | 55/70 [00:03<00:00, 15.33it/s]
[36m(vLLMHttpServer pid=1615827)[0m Capturing CUDA graphs (decode, FULL):  81%|████████▏ | 57/70 [00:03<00:00, 15.40it/s]
[36m(vLLMHttpServer pid=1615827)[0m Capturing CUDA graphs (decode, FULL):  84%|████████▍ | 59/70 [00:03<00:00, 15.34it/s]
[36m(vLLMHttpServer pid=1615827)[0m Capturing CUDA graphs (decode, FULL):  87%|████████▋ | 61/70 [00:04<00:00, 15.27it/s]
[36m(vLLMHttpServer pid=1615827)[0m Capturing CUDA graphs (decode, FULL):  90%|█████████ | 63/70 [00:04<00:00, 15.34it/s]
[36m(vLLMHttpServer pid=1615827)[0m Capturing CUDA graphs (decode, FULL):  93%|█████████▎| 65/70 [00:04<00:00, 15.37it/s]
[36m(vLLMHttpServer pid=1615827)[0m Capturing CUDA graphs (decode, FULL):  96%|█████████▌| 67/70 [00:04<00:00, 15.27it/s]
[36m(vLLMHttpServer pid=1615827)[0m Capturing CUDA graphs (decode, FULL):  99%|█████████▊| 69/70 [00:04<00:00, 15.25it/s]
[36m(vLLMHttpServer pid=1615827)[0m Capturing CUDA graphs (decode, FULL): 100%|██████████| 70/70 [00:04<00:00, 15.07it/s]
[36m(vLLMHttpServer pid=1615827)[0m (EngineCore pid=1616519) [transformers] The `use_fast` parameter is deprecated and will be removed in a future version. Use `backend="torchvision"` instead of `use_fast=True`, or `backend="pil"` instead of `use_fast=False`.
[36m(WorkerDict pid=1615345)[0m /home/yw4636/.conda/envs/verl/lib/python3.12/site-packages/verl/plugin/platform/platform_cuda.py:99: FutureWarning: torch.cuda._set_allocator_settings is deprecated. Use torch._C._accelerator_setAllocatorSettings instead.
[36m(WorkerDict pid=1615345)[0m   torch.cuda.memory._set_allocator_settings(settings)

[36m(vLLMHttpServer pid=1615827)[0m (Worker pid=1616610) WARNING 08-26 06:18:46 [model_manager.py:401] Regarding Qwen3VLForConditionalGeneration, no matching PunicaWrapper is found; visual.blocks.18.attn.qkv will be ignored.
[36m(vLLMHttpServer pid=1615827)[0m (Worker pid=1616610) WARNING 08-26 06:18:46 [model_manager.py:401] Regarding Qwen3VLForConditionalGeneration, no matching PunicaWrapper is found; visual.blocks.18.attn.proj will be ignored.
[36m(vLLMHttpServer pid=1615827)[0m (Worker pid=1616610) WARNING 08-26 06:18:46 [model_manager.py:401] Regarding Qwen3VLForConditionalGeneration, no matching PunicaWrapper is found; visual.blocks.18.mlp.linear_fc1 will be ignored.
[36m(vLLMHttpServer pid=1615827)[0m (Worker pid=1616610) WARNING 08-26 06:18:46 [model_manager.py:401] Regarding Qwen3VLForConditionalGeneration, no matching PunicaWrapper is found; visual.blocks.18.mlp.linear_fc2 will be ignored.
[36m(vLLMHttpServer pid=1615827)[0m (Worker pid=1616610) WARNING 08-26 06:18:46 [model_manager.py:401] Regarding Qwen3VLForConditionalGeneration, no matching PunicaWrapper is found; visual.blocks.19.attn.qkv will be ignored.
[36m(vLLMHttpServer pid=1615827)[0m (Worker pid=1616610) WARNING 08-26 06:18:46 [model_manager.py:401] Regarding Qwen3VLForConditionalGeneration, no matching PunicaWrapper is found; visual.blocks.19.attn.proj will be ignored.
[36m(vLLMHttpServer pid=1615827)[0m (Worker pid=1616610) WARNING 08-26 06:18:46 [model_manager.py:401] Regarding Qwen3VLForConditionalGeneration, no matching PunicaWrapper is found; visual.blocks.19.mlp.linear_fc1 will be ignored.
[36m(vLLMHttpServer pid=1615827)[0m (Worker pid=1616610) WARNING 08-26 06:18:46 [model_manager.py:401] Regarding Qwen3VLForConditionalGeneration, no matching PunicaWrapper is found; visual.blocks.19.mlp.linear_fc2 will be ignored.
[36m(vLLMHttpServer pid=1615827)[0m (Worker pid=1616610) WARNING 08-26 06:18:46 [model_manager.py:401] Regarding Qwen3VLForConditionalGeneration, no matching PunicaWrapper is found; visual.blocks.20.attn.qkv will be ignored.
[36m(vLLMHttpServer pid=1615827)[0m (Worker pid=1616610) WARNING 08-26 06:18:46 [model_manager.py:401] Regarding Qwen3VLForConditionalGeneration, no matching PunicaWrapper is found; visual.blocks.20.attn.proj will be ignored.
[36m(vLLMHttpServer pid=1615827)[0m (Worker pid=1616610) WARNING 08-26 06:18:46 [model_manager.py:401] Regarding Qwen3VLForConditionalGeneration, no matching PunicaWrapper is found; visual.blocks.20.mlp.linear_fc1 will be ignored.
[36m(vLLMHttpServer pid=1615827)[0m (Worker pid=1616610) WARNING 08-26 06:18:46 [model_manager.py:401] Regarding Qwen3VLForConditionalGeneration, no matching PunicaWrapper is found; visual.blocks.20.mlp.linear_fc2 will be ignored.
[36m(vLLMHttpServer pid=1615827)[0m (Worker pid=1616610) WARNING 08-26 06:18:46 [model_manager.py:401] Regarding Qwen3VLForConditionalGeneration, no matching PunicaWrapper is found; visual.blocks.21.attn.qkv will be ignored.
[36m(vLLMHttpServer pid=1615827)[0m (Worker pid=1616610) WARNING 08-26 06:18:46 [model_manager.py:401] Regarding Qwen3VLForConditionalGeneration, no matching PunicaWrapper is found; visual.blocks.21.attn.proj will be ignored.
[36m(vLLMHttpServer pid=1615827)[0m (Worker pid=1616610) WARNING 08-26 06:18:46 [model_manager.py:401] Regarding Qwen3VLForConditionalGeneration, no matching PunicaWrapper is found; visual.blocks.21.mlp.linear_fc1 will be ignored.
[36m(vLLMHttpServer pid=1615827)[0m (Worker pid=1616610) WARNING 08-26 06:18:46 [model_manager.py:401] Regarding Qwen3VLForConditionalGeneration, no matching PunicaWrapper is found; visual.blocks.21.mlp.linear_fc2 will be ignored.
[36m(vLLMHttpServer pid=1615827)[0m (Worker pid=1616610) WARNING 08-26 06:18:46 [model_manager.py:401] Regarding Qwen3VLForConditionalGeneration, no matching PunicaWrapper is found; visual.blocks.22.attn.qkv will be ignored.
[36m(vLLMHttpServer pid=1615827)[0m (Worker pid=1616610) WARNING 08-26 06:18:46 [model_manager.py:401] Regarding Qwen3VLForConditionalGeneration, no matching PunicaWrapper is found; visual.blocks.22.attn.proj will be ignored.
[36m(vLLMHttpServer pid=1615827)[0m (Worker pid=1616610) WARNING 08-26 06:18:46 [model_manager.py:401] Regarding Qwen3VLForConditionalGeneration, no matching PunicaWrapper is found; visual.blocks.22.mlp.linear_fc1 will be ignored.
[36m(vLLMHttpServer pid=1615827)[0m (Worker pid=1616610) WARNING 08-26 06:18:46 [model_manager.py:401] Regarding Qwen3VLForConditionalGeneration, no matching PunicaWrapper is found; visual.blocks.22.mlp.linear_fc2 will be ignored.
[36m(vLLMHttpServer pid=1615827)[0m (Worker pid=1616610) WARNING 08-26 06:18:46 [model_manager.py:401] Regarding Qwen3VLForConditionalGeneration, no matching PunicaWrapper is found; visual.blocks.23.attn.qkv will be ignored.
[36m(vLLMHttpServer pid=1615827)[0m (Worker pid=1616610) WARNING 08-26 06:18:46 [model_manager.py:401] Regarding Qwen3VLForConditionalGeneration, no matching PunicaWrapper is found; visual.blocks.23.attn.proj will be ignored.
[36m(vLLMHttpServer pid=1615827)[0m (Worker pid=1616610) WARNING 08-26 06:18:46 [model_manager.py:401] Regarding Qwen3VLForConditionalGeneration, no matching PunicaWrapper is found; visual.blocks.23.mlp.linear_fc1 will be ignored.
[36m(vLLMHttpServer pid=1615827)[0m (Worker pid=1616610) WARNING 08-26 06:18:46 [model_manager.py:401] Regarding Qwen3VLForConditionalGeneration, no matching PunicaWrapper is found; visual.blocks.23.mlp.linear_fc2 will be ignored.
[36m(vLLMHttpServer pid=1615827)[0m (Worker pid=1616610) WARNING 08-26 06:19:09 [utils.py:279] Using default LoRA kernel configs
[36m(vLLMHttpServer pid=1615827)[0m WARNING 08-26 06:19:29 [api_router.py:30] LoRA dynamic loading & unloading is enabled in the API server. This should ONLY be used for local development!
[36m(vLLMHttpServer pid=1615827)[0m WARNING 08-26 06:19:29 [model.py:1477] Default vLLM sampling parameters have been overridden by the model's `generation_config.json`: `{'repetition_penalty': 1.0, 'temperature': 1.0, 'top_k': -1, 'top_p': 1, 'max_tokens': 8192}`. If this is not intended, please relaunch vLLM instance with `--generation-config vllm`.
[36m(TaskRunner pid=1615033)[0m LLMServerManager: ['10.110.2.5:38073']
[36m(TaskRunner pid=1615033)[0m Saving tensorboard log to /home/yw4636/agentic-tvg/logs/tb/grpo_smoke_f192.
[36m(TaskRunner pid=1615033)[0m Checkpoint tracker file does not exist: /home/yw4636/agentic-tvg/ckpts/grpo_smoke_f192/latest_checkpointed_iteration.txt
[36m(TaskRunner pid=1615033)[0m Training from scratch
[36m(AgentLoopWorker pid=1617513)[0m Using dataset class: RLHFDataset
[36m(AgentLoopWorker pid=1617513)[0m {
[36m(AgentLoopWorker pid=1617513)[0m   "type": "function",
[36m(AgentLoopWorker pid=1617513)[0m   "function": {
[36m(AgentLoopWorker pid=1617513)[0m     "name": "crop_video",
[36m(AgentLoopWorker pid=1617513)[0m     "description": "Inspect a time interval of the current video closely: returns 16 higher-resolution frames sampled evenly from [start_time, end_time], each labeled with its timestamp in seconds.",
[36m(AgentLoopWorker pid=1617513)[0m     "parameters": {
[36m(AgentLoopWorker pid=1617513)[0m       "type": "object",
[36m(AgentLoopWorker pid=1617513)[0m       "properties": {
[36m(AgentLoopWorker pid=1617513)[0m         "start_time": {
[36m(AgentLoopWorker pid=1617513)[0m           "type": "number",
[36m(AgentLoopWorker pid=1617513)[0m           "description": "Interval start in seconds, >= 0."
[36m(AgentLoopWorker pid=1617513)[0m         },
[36m(AgentLoopWorker pid=1617513)[0m         "end_time": {
[36m(AgentLoopWorker pid=1617513)[0m           "type": "number",
[36m(AgentLoopWorker pid=1617513)[0m           "description": "Interval end in seconds, > start_time, <= video duration."
[36m(AgentLoopWorker pid=1617513)[0m         }
[36m(AgentLoopWorker pid=1617513)[0m       },
[36m(AgentLoopWorker pid=1617513)[0m       "required": [
[36m(AgentLoopWorker pid=1617513)[0m         "start_time",
[36m(AgentLoopWorker pid=1617513)[0m         "end_time"
[36m(AgentLoopWorker pid=1617513)[0m       ]
[36m(AgentLoopWorker pid=1617513)[0m     }[36m(TaskRunner pid=1615033)[0m Training Progress:   0%|          | 0/2 [00:00<?, ?it/s]
[36m(WorkerDict pid=1615345)[0m /home/yw4636/.conda/envs/verl/lib/python3.12/site-packages/verl/plugin/platform/platform_cuda.py:99: FutureWarning: torch.cuda._set_allocator_settings is deprecated. Use torch._C._accelerator_setAllocatorSettings instead.
[36m(WorkerDict pid=1615345)[0m   torch.cuda.memory._set_allocator_settings(settings)
[36m(AgentLoopWorker pid=1617514)[0m qwen-vl-utils using torchcodec to read video.
[36m(TaskRunner pid=1615033)[0m W0826 06:22:21.695000 1615033 site-packages/torch/fx/_symbolic_trace.py:53] is_fx_tracing will return true for both fx.symbolic_trace and torch.export. Please use is_fx_tracing_symbolic_tracing() for specifically fx.symbolic_trace or torch.compiler.is_compiling() for specifically torch.export/compile.
[36m(AgentLoopWorker pid=1617508)[0m qwen-vl-utils using torchcodec to read video.[32m [repeated 7x across cluster][0m
[36m(WorkerDict pid=1615345)[0m [rank0]:W0826 06:22:36.932000 1615345 site-packages/torch/fx/_symbolic_trace.py:53] is_fx_tracing will return true for both fx.symbolic_trace and torch.export. Please use is_fx_tracing_symbolic_tracing() for specifically fx.symbolic_trace or torch.compiler.is_compiling() for specifically torch.export/compile.
[36m(WorkerDict pid=1615345)[0m /home/yw4636/.conda/envs/verl/lib/python3.12/site-packages/verl/plugin/platform/platform_cuda.py:99: FutureWarning: torch.cuda._set_allocator_settings is deprecated. Use torch._C._accelerator_setAllocatorSettings instead.
[36m(WorkerDict pid=1615345)[0m   torch.cuda.memory._set_allocator_settings(settings)
[36m(TaskRunner pid=1615033)[0m Training Progress:  50%|█████     | 1/2 [04:59<04:59, 299.61s/it]

[36m(AgentLoopWorker pid=1617513)[0m   }
[36m(AgentLoopWorker pid=1617513)[0m }
[36m(vLLMHttpServer pid=1615827)[0m WARNING 08-26 06:20:14 [input_processor.py:157] vLLM has deprecated support for supporting different tokenizers for different LoRAs. By default, vLLM uses base model's tokenizer. If you are using a LoRA with its own tokenizer, consider specifying `--tokenizer [lora_path]` to use the LoRA tokenizer.
[36m(vLLMHttpServer pid=1615827)[0m WARNING 08-26 06:20:14 [input_processor.py:282] Passing raw prompts to InputProcessor is deprecated and will be removed in v0.18. You should instead pass the outputs of Renderer.render_cmpl() or Renderer.render_chat().
[36m(AgentLoopWorker pid=1617514)[0m Using dataset class: RLHFDataset[32m [repeated 7x across cluster] (Ray deduplicates logs by default. Set RAY_DEDUP_LOGS=0 to disable log deduplication, or see https://docs.ray.io/en/master/ray-observability/user-guides/configure-logging.html#log-deduplication for more options.)[0m
[36m(AgentLoopWorker pid=1617514)[0m {[32m [repeated 7x across cluster][0m
[36m(AgentLoopWorker pid=1617514)[0m   "type": "function",[32m [repeated 7x across cluster][0m
[36m(AgentLoopWorker pid=1617514)[0m   "function": {[32m [repeated 7x across cluster][0m
[36m(AgentLoopWorker pid=1617514)[0m     "name": "crop_video",[32m [repeated 7x across cluster][0m
[36m(AgentLoopWorker pid=1617514)[0m     "description": "Inspect a time interval of the current video closely: returns 16 higher-resolution frames sampled evenly from [start_time, end_time], each labeled with its timestamp in seconds.",[32m [repeated 7x across cluster][0m
[36m(AgentLoopWorker pid=1617514)[0m     "parameters": {[32m [repeated 7x across cluster][0m
[36m(AgentLoopWorker pid=1617514)[0m       "type": "object",[32m [repeated 7x across cluster][0m
[36m(AgentLoopWorker pid=1617514)[0m       "properties": {[32m [repeated 7x across cluster][0m
[36m(AgentLoopWorker pid=1617514)[0m         "start_time": {[32m [repeated 7x across cluster][0m
[36m(AgentLoopWorker pid=1617514)[0m           "type": "number",[32m [repeated 14x across cluster][0m
[36m(AgentLoopWorker pid=1617514)[0m           "description": "Interval start in seconds, >= 0."[32m [repeated 7x across cluster][0m
[36m(AgentLoopWorker pid=1617514)[0m       },[32m [repeated 14x across cluster][0m
[36m(AgentLoopWorker pid=1617514)[0m         "end_time": {[32m [repeated 7x across cluster][0m
[36m(AgentLoopWorker pid=1617514)[0m           "description": "Interval end in seconds, > start_time, <= video duration."[32m [repeated 7x across cluster][0m
[36m(AgentLoopWorker pid=1617514)[0m }[32m [repeated 28x across cluster][0m
[36m(AgentLoopWorker pid=1617514)[0m       "required": [[32m [repeated 7x across cluster][0m
[36m(AgentLoopWorker pid=1617514)[0m         "start_time",[32m [repeated 7x across cluster][0m
[36m(AgentLoopWorker pid=1617514)[0m         "end_time"[32m [repeated 7x across cluster][0m
[36m(AgentLoopWorker pid=1617514)[0m       ][32m [repeated 7x across cluster][0m
[36m(vLLMHttpServer pid=1615827)[0m (Worker pid=1616610) WARNING 08-26 06:20:15 [jit_monitor.py:106] Triton kernel JIT compilation during inference: _compute_slot_mapping_kernel. This causes a latency spike; consider extending warmup to cover this shape/config.
[36m(vLLMHttpServer pid=1615827)[0m (Worker pid=1616610) WARNING 08-26 06:20:15 [jit_monitor.py:106] Triton kernel JIT compilation during inference: _bilinear_pos_embed_kernel. This causes a latency spike; consider extending warmup to cover this shape/config.
[36m(vLLMHttpServer pid=1615827)[0m (Worker pid=1616610) WARNING 08-26 06:20:15 [jit_monitor.py:106] Triton kernel JIT compilation during inference: _lora_expand_kernel. This causes a latency spike; consider extending warmup to cover this shape/config.
[36m(TaskRunner pid=1615033)[0m step:1 - global_seqlen/min:240874 - global_seqlen/max:240874 - global_seqlen/minmax_diff:0 - global_seqlen/balanced_min:240874 - global_seqlen/balanced_max:240874 - global_seqlen/mean:240874.0 - actor/entropy:0.1963646560907364 - perf/mfu/actor_infer:0.2724342023002196 - training/rollout_probs_diff_valid:1 - training/rollout_probs_diff_max:0.7172072529792786 - training/rollout_probs_diff_mean:0.009154041297733784 - training/rollout_probs_diff_std:0.029885053634643555 - training/rollout_actor_probs_pearson_corr:0.9906624555587769 - rollout_corr/training_ppl:1.5266634225845337 - rollout_corr/training_log_ppl:0.4113004207611084 - rollout_corr/kl:0.004455555696040392 - rollout_corr/k3_kl:0.004397920798510313 - rollout_corr/rollout_ppl:1.5041313171386719 - rollout_corr/rollout_log_ppl:0.3965078890323639 - rollout_corr/log_ppl_diff:0.01479255873709917 - rollout_corr/log_ppl_abs_diff:0.01745503768324852 - rollout_corr/log_ppl_diff_max:0.12935495376586914 - rollout_corr/log_ppl_diff_min:-0.015813827514648438 - rollout_corr/ppl_ratio:1.0152578353881836 - rollout_corr/chi2_token:0.00837695598602295 - rollout_corr/chi2_seq:-0.15072506666183472 - actor/pg_clipfrac:np.float64(0.0) - actor/ppo_kl:np.float64(0.0) - actor/pg_clipfrac_lower:np.float64(0.0) - actor/pg_loss:np.float64(0.18226210470311344) - actor/loss:np.float64(0.182262122631073) - actor/grad_norm:np.float64(0.11341974139213562) - actor/lr:np.float64(1e-05) - actor/perf/max_memory_allocated_gb:np.float64(31.55995225906372) - actor/perf/max_memory_reserved_gb:np.float64(33.9140625) - actor/perf/cpu_memory_used_gb:np.float64(64.77367401123047) - perf/mfu/actor:np.float64(0.3145658059804915) - training/global_step:1 - training/epoch:0 - critic/score/mean:0.555488646030426 - critic/score/max:1.25 - critic/score/min:0.0 - critic/rewards/mean:0.555488646030426 - critic/rewards/max:1.25 - critic/rewards/min:0.0 - critic/advantages/mean:-0.18226204812526703 - critic/advantages/max:1.499988079071045 - critic/advantages/min:-1.3664096593856812 - critic/returns/mean:-0.18226204812526703 - critic/returns/max:1.499988079071045 - critic/returns/min:-1.3664096593856812 - response_length/mean:1773.5625 - response_length/max:7693.0 - response_length/min:22.0 - response_length/clip_ratio:0.0 - response_length_non_aborted/mean:1773.5625 - response_length_non_aborted/max:7693.0 - response_length_non_aborted/min:22.0 - response_length_non_aborted/clip_ratio:0.0 - response/aborted_ratio:0.0 - prompt_length/mean:5753.75 - prompt_length/max:5978.0 - prompt_length/min:5661.0 - prompt_length/clip_ratio:0.0 - num_turns/min:np.int32(2) - num_turns/max:np.int32(8) - num_turns/mean:np.float64(3.75) - timing_s/start_profile:0.00022376500419341028 - timing_s/agent_loop/num_preempted/min:np.int64(-1) - timing_s/agent_loop/num_preempted/max:np.int64(-1) - timing_s/agent_loop/num_preempted/mean:np.float64(-1.0) - timing_s/agent_loop/generate_sequences/min:np.float64(11.83001493899792) - timing_s/agent_loop/generate_sequences/max:np.float64(125.91912235599739) - timing_s/agent_loop/generate_sequences/mean:np.float64(27.39613123631125) - timing_s/agent_loop/tool_calls/min:np.float64(0.0) - timing_s/agent_loop/tool_calls/max:np.float64(0.838052888000675) - timing_s/agent_loop/tool_calls/mean:np.float64(0.08403770390714271) - timing_s/agent_loop/compute_score/min:np.float64(0.30524325300211785) - timing_s/agent_loop/compute_score/max:np.float64(1.1177050529950066) - timing_s/agent_loop/compute_score/mean:np.float64(0.4617908489992715) - timing_s/agent_loop/slowest/generate_sequences:np.float64(125.91912235599739) - timing_s/agent_loop/slowest/tool_calls:np.float64(0.0) - timing_s/agent_loop/slowest/compute_score:np.float64(0.3853658139996696) - timing_s/agent_loop/slowest/num_preempted:np.int64(-1) - timing_s/agent_loop/slowest/prompt_length:5661 - timing_s/agent_loop/slowest/response_length:7693 - timing_s/gen:136.82313651599543 - timing_s/reward:3.758200182346627e-05 - timing_s/old_log_prob:52.25543044299411 - timing_s/adv:0.019255439001426566 - timing_s/update_actor:97.74429344199598 - timing_s/update_weights:12.518221607999294 - timing_s/step:299.4293794710029 - timing_s/stop_profile:0.00016664800205035135 - timing_per_token_ms/adv:7.993988143770837e-05 - timing_per_token_ms/gen:2.4108104541705506 - timing_per_token_ms/update_actor:0.40579013692634314 - perf/total_num_tokens:240874 - perf/time_per_step:299.4293794710029 - perf/throughput:804.4434398038971
[36m(TaskRunner pid=1615033)[0m Training Progress: 100%|██████████| 2/2 [08:29<00:00, 246.86s/it]Training Progress: 100%|██████████| 2/2 [08:29<00:00, 254.77s/it]
[36m(TaskRunner pid=1615033)[0m Traceback (most recent call last):
[36m(TaskRunner pid=1615033)[0m   File "/home/yw4636/.conda/envs/verl/lib/python3.12/site-packages/ray/_private/workers/default_worker.py", line 323, in <module>
[36m(TaskRunner pid=1615033)[0m     worker.main_loop()
[36m(TaskRunner pid=1615033)[0m   File "/home/yw4636/.conda/envs/verl/lib/python3.12/site-packages/ray/_private/worker.py", line 1066, in main_loop
[36m(TaskRunner pid=1615033)[0m     self.core_worker.run_task_loop()
[36m(TaskRunner pid=1615033)[0m   File "/home/yw4636/.conda/envs/verl/lib/python3.12/site-packages/torch/utils/data/_utils/signal_handling.py", line 73, in handler
[36m(TaskRunner pid=1615033)[0m     _error_if_any_worker_fails()
[36m(TaskRunner pid=1615033)[0m RuntimeError: DataLoader worker (pid 1618291) is killed by signal: Killed. 
[36m(TaskRunner pid=1615033)[0m step:2 - global_seqlen/min:246908 - global_seqlen/max:246908 - global_seqlen/minmax_diff:0 - global_seqlen/balanced_min:246908 - global_seqlen/balanced_max:246908 - global_seqlen/mean:246908.0 - actor/entropy:0.3907128572463989 - perf/mfu/actor_infer:0.2832370578664915 - training/rollout_probs_diff_valid:1 - training/rollout_probs_diff_max:0.8822755217552185 - training/rollout_probs_diff_mean:0.01807532273232937 - training/rollout_probs_diff_std:0.04203486442565918 - training/rollout_actor_probs_pearson_corr:0.987776517868042 - rollout_corr/training_ppl:1.5167226791381836 - rollout_corr/training_log_ppl:0.39744317531585693 - rollout_corr/kl:0.012332906015217304 - rollout_corr/k3_kl:0.011077731847763062 - rollout_corr/rollout_ppl:1.4954787492752075 - rollout_corr/rollout_log_ppl:0.3846292495727539 - rollout_corr/log_ppl_diff:0.01281396672129631 - rollout_corr/log_ppl_abs_diff:0.017539896070957184 - rollout_corr/log_ppl_diff_max:0.05732646584510803 - rollout_corr/log_ppl_diff_min:-0.055970609188079834 - rollout_corr/ppl_ratio:1.0130724906921387 - rollout_corr/chi2_token:0.023759126663208008 - rollout_corr/chi2_seq:1.5268115997314453 - actor/pg_clipfrac:np.float64(0.0) - actor/ppo_kl:np.float64(0.0) - actor/pg_clipfrac_lower:np.float64(0.0) - actor/pg_loss:np.float64(-0.012051371857523918) - actor/loss:np.float64(-0.012051373720169067) - actor/grad_norm:np.float64(0.18842332065105438) - actor/lr:np.float64(1e-05) - actor/perf/max_memory_allocated_gb:np.float64(31.55995225906372) - actor/perf/max_memory_reserved_gb:np.float64(33.9140625) - actor/perf/cpu_memory_used_gb:np.float64(67.7147445678711) - perf/mfu/actor:np.float64(0.32268958538577946) - training/global_step:2 - training/epoch:0 - critic/score/mean:0.32892045378685 - critic/score/max:1.2272727489471436 - critic/score/min:0.0 - critic/rewards/mean:0.32892045378685 - critic/rewards/max:1.2272727489471436 - critic/rewards/min:0.0 - critic/advantages/mean:0.012051365338265896 - critic/advantages/max:1.4999972581863403 - critic/advantages/min:-1.4999964237213135 - critic/returns/mean:0.012051365338265896 - critic/returns/max:1.4999972581863403 - critic/returns/min:-1.4999964237213135 - response_length/mean:2024.75 - response_length/max:5316.0 - response_length/min:30.0 - response_length/clip_ratio:0.0 - response_length_non_aborted/mean:2024.75 - response_length_non_aborted/max:5316.0 - response_length_non_aborted/min:30.0 - response_length_non_aborted/clip_ratio:0.0 - response/aborted_ratio:0.0 - prompt_length/mean:5691.125 - prompt_length/max:5705.0 - prompt_length/min:5683.0 - prompt_length/clip_ratio:0.0 - num_turns/min:np.int32(2) - num_turns/max:np.int32(8) - num_turns/mean:np.float64(4.3125) - timing_s/start_profile:0.000146004997077398 - timing_s/agent_loop/num_preempted/min:np.int64(-1) - timing_s/agent_loop/num_preempted/max:np.int64(-1) - timing_s/agent_loop/num_preempted/mean:np.float64(-1.0) - timing_s/agent_loop/generate_sequences/min:np.float64(12.243938177001837) - timing_s/agent_loop/generate_sequences/max:np.float64(41.860989585002244) - timing_s/agent_loop/generate_sequences/mean:np.float64(25.74460116246837) - timing_s/agent_loop/tool_calls/min:np.float64(0.0) - timing_s/agent_loop/tool_calls/max:np.float64(0.7910003069991944) - timing_s/agent_loop/tool_calls/mean:np.float64(0.09647798224955295) - timing_s/agent_loop/compute_score/min:np.float64(0.30825192499469267) - timing_s/agent_loop/compute_score/max:np.float64(1.5385174189941608) - timing_s/agent_loop/compute_score/mean:np.float64(0.46148857387538555) - timing_s/agent_loop/slowest/generate_sequences:np.float64(41.860989585002244) - timing_s/agent_loop/slowest/tool_calls:np.float64(0.2482435679921764) - timing_s/agent_loop/slowest/compute_score:np.float64(0.5043045409984188) - timing_s/agent_loop/slowest/num_preempted:np.int64(-1) - timing_s/agent_loop/slowest/prompt_length:5705 - timing_s/agent_loop/slowest/response_length:5316 - timing_s/gen:50.200080018003064 - timing_s/reward:4.7551002353429794e-05 - timing_s/old_log_prob:50.07699564299401 - timing_s/adv:0.021041271997091826 - timing_s/update_actor:96.85971686700213 - timing_s/update_weights:12.67254466599843 - timing_s/step:209.89986853799928 - timing_s/stop_profile:0.0001583519988344051 - timing_per_token_ms/adv:8.521907753937428e-05 - timing_per_token_ms/gen:0.7747882457402622 - timing_per_token_ms/update_actor:0.3922907190816099 - perf/total_num_tokens:246908 - perf/time_per_step:209.89986853799928 - perf/throughput:1176.3132665102214
[36m(TaskRunner pid=1615033)[0m 'Final validation metrics: None'
