/home/yw4636/.conda/envs/verl/lib/python3.12/site-packages/verl/trainer/main_ppo.py:181: UserWarning: Disabled critic as algorithm.adv_estimator != gae. If it is not intended, please set critic.enable=True
  use_critic=need_critic(config),
WARNING: val_batch_size is deprecated. Validation datasets are sent to inference engines as a whole batch, which will schedule the memory themselves.
/home/yw4636/.conda/envs/verl/lib/python3.12/site-packages/verl/workers/engine/__init__.py:31: UserWarning: torchtitan engine is not available: ModuleNotFoundError("No module named 'torchtitan'")
  warnings.warn(f"torchtitan engine is not available: {e!r}", stacklevel=1)
/home/yw4636/.conda/envs/verl/lib/python3.12/site-packages/verl/workers/engine/__init__.py:40: UserWarning: veomni engine is not available: ModuleNotFoundError("No module named 'veomni'")
  warnings.warn(f"veomni engine is not available: {e!r}", stacklevel=1)
/home/yw4636/.conda/envs/verl/lib/python3.12/site-packages/verl/workers/engine/__init__.py:49: UserWarning: automodel engine is not available: ModuleNotFoundError("No module named 'nemo_automodel'")
  warnings.warn(f"automodel engine is not available: {e!r}", stacklevel=1)
/home/yw4636/.conda/envs/verl/lib/python3.12/site-packages/verl/workers/engine/mindspeed/transformer_impl.py:24: UserWarning: NPU not support router replay for now.
  from verl.utils.megatron.router_replay_patch import RouterReplay
/home/yw4636/.conda/envs/verl/lib/python3.12/site-packages/verl/workers/engine/__init__.py:59: UserWarning: mindspeed engine is not available: ModuleNotFoundError("No module named 'megatron'")
  warnings.warn(f"mindspeed engine is not available: {e!r}", stacklevel=1)
/home/yw4636/.conda/envs/verl/lib/python3.12/site-packages/verl/workers/engine/__init__.py:69: UserWarning: megatron engine is not available: ModuleNotFoundError("No module named 'megatron'")
  warnings.warn(f"megatron engine is not available: {e!r}", stacklevel=1)
[validate_config] All configuration checks passed successfully!
[2026-09-01 22:37:38,015][__main__][WARNING] - Legacy trainer `main_ppo_v0.py` is deprecated, and wil be removed in v0.9.0.Please set `trainer.use_v1=True` in config to use V1 trainer.
2026-09-01 22:37:40,954	INFO worker.py:2015 -- Started a local Ray instance. View the dashboard at [1m[32mhttp://127.0.0.1:8265 [39m[22m
[36m(pid=3515518)[0m /home/yw4636/.conda/envs/verl/lib/python3.12/site-packages/verl/workers/engine/__init__.py:31: UserWarning: torchtitan engine is not available: ModuleNotFoundError("No module named 'torchtitan'")
[36m(pid=3515518)[0m   warnings.warn(f"torchtitan engine is not available: {e!r}", stacklevel=1)
[36m(pid=3515518)[0m /home/yw4636/.conda/envs/verl/lib/python3.12/site-packages/verl/workers/engine/__init__.py:40: UserWarning: veomni engine is not available: ModuleNotFoundError("No module named 'veomni'")
[36m(pid=3515518)[0m   warnings.warn(f"veomni engine is not available: {e!r}", stacklevel=1)
[36m(pid=3515518)[0m /home/yw4636/.conda/envs/verl/lib/python3.12/site-packages/verl/workers/engine/__init__.py:49: UserWarning: automodel engine is not available: ModuleNotFoundError("No module named 'nemo_automodel'")
[36m(pid=3515518)[0m   warnings.warn(f"automodel engine is not available: {e!r}", stacklevel=1)
[36m(pid=3515518)[0m /home/yw4636/.conda/envs/verl/lib/python3.12/site-packages/verl/workers/engine/mindspeed/transformer_impl.py:24: UserWarning: NPU not support router replay for now.
[36m(pid=3515518)[0m   from verl.utils.megatron.router_replay_patch import RouterReplay
[36m(pid=3515518)[0m /home/yw4636/.conda/envs/verl/lib/python3.12/site-packages/verl/workers/engine/__init__.py:59: UserWarning: mindspeed engine is not available: ModuleNotFoundError("No module named 'megatron'")
[36m(pid=3515518)[0m   warnings.warn(f"mindspeed engine is not available: {e!r}", stacklevel=1)
[36m(pid=3515518)[0m /home/yw4636/.conda/envs/verl/lib/python3.12/site-packages/verl/workers/engine/__init__.py:69: UserWarning: megatron engine is not available: ModuleNotFoundError("No module named 'megatron'")
[36m(pid=3515518)[0m   warnings.warn(f"megatron engine is not available: {e!r}", stacklevel=1)
ray init kwargs: {'num_cpus': None, 'object_store_memory': 25769803776, 'runtime_env': {'env_vars': {'TOKENIZERS_PARALLELISM': 'true', 'NCCL_DEBUG': 'WARN', 'VLLM_LOGGING_LEVEL': 'WARN', 'VLLM_ALLOW_RUNTIME_LORA_UPDATING': 'true', 'VLLM_DISABLE_COMPILE_CACHE': '1', 'HCCL_HOST_SOCKET_PORT_RANGE': 'auto', 'HCCL_NPU_SOCKET_PORT_RANGE': 'auto', 'HSA_NO_SCRATCH_RECLAIM': '1', 'VERL_FULL_DETERMINISM': '0', 'VLLM_BATCH_INVARIANT': '0', 'VERL_RL_INSIGHT_ENABLE': '0'}, 'working_dir': None}}
[36m(TaskRunner pid=3515518)[0m TaskRunner hostname: srv1-lg2.bed.cosmos-lab.org, PID: 3515518
[36m(TaskRunner pid=3515518)[0m {'actor_rollout_ref': {'actor': {'_target_': 'verl.workers.config.FSDPActorConfig',
[36m(TaskRunner pid=3515518)[0m                                  'calculate_entropy': False,
[36m(TaskRunner pid=3515518)[0m                                  'calculate_sum_pi_squared': False,
[36m(TaskRunner pid=3515518)[0m                                  'checkpoint': {'_target_': 'verl.trainer.config.CheckpointConfig',
[36m(TaskRunner pid=3515518)[0m                                                 'async_save': False,
[36m(TaskRunner pid=3515518)[0m                                                 'load_contents': ['model',
[36m(TaskRunner pid=3515518)[0m                                                                   'optimizer',
[36m(TaskRunner pid=3515518)[0m                                                                   'extra'],
[36m(TaskRunner pid=3515518)[0m                                                 'save_contents': ['model',
[36m(TaskRunner pid=3515518)[0m                                                                   'optimizer',
[36m(TaskRunner pid=3515518)[0m                                                                   'extra'],
[36m(TaskRunner pid=3515518)[0m                                                 'strict': True},
[36m(TaskRunner pid=3515518)[0m                                  'clip_ratio': 0.2,
[36m(TaskRunner pid=3515518)[0m                                  'clip_ratio_c': 3.0,
[36m(TaskRunner pid=3515518)[0m                                  'clip_ratio_high': 0.2,
[36m(TaskRunner pid=3515518)[0m                                  'clip_ratio_low': 0.2,
[36m(TaskRunner pid=3515518)[0m                                  'data_loader_seed': 42,
[36m(TaskRunner pid=3515518)[0m                                  'entropy_checkpointing': False,
[36m(TaskRunner pid=3515518)[0m                                  'entropy_coeff': 0,
[36m(TaskRunner pid=3515518)[0m                                  'entropy_from_logits_chunk_size': 2048,
[36m(TaskRunner pid=3515518)[0m                                  'entropy_from_logits_with_chunking': False,
[36m(TaskRunner pid=3515518)[0m                                  'freeze_vision_tower': False,
[36m(TaskRunner pid=3515518)[0m                                  'fsdp_config': {'_target_': 'verl.workers.config.FSDPEngineConfig',
[36m(TaskRunner pid=3515518)[0m                                                  'dtype': 'bfloat16',
[36m(TaskRunner pid=3515518)[0m                                                  'entropy_checkpointing': False,
[36m(TaskRunner pid=3515518)[0m                                                  'entropy_from_logits_chunk_size': 2048,
[36m(TaskRunner pid=3515518)[0m                                                  'entropy_from_logits_with_chunking': False,
[36m(TaskRunner pid=3515518)[0m                                                  'forward_only': False,
[36m(TaskRunner pid=3515518)[0m                                                  'forward_prefetch': False,
[36m(TaskRunner pid=3515518)[0m                                                  'fsdp_size': -1,
[36m(TaskRunner pid=3515518)[0m                                                  'full_determinism': False,
[36m(TaskRunner pid=3515518)[0m                                                  'model_dtype': 'fp32',
[36m(TaskRunner pid=3515518)[0m                                                  'offload_policy': False,
[36m(TaskRunner pid=3515518)[0m                                                  'optimizer_offload': False,
[36m(TaskRunner pid=3515518)[0m                                                  'pad_to_length': False,
[36m(TaskRunner pid=3515518)[0m                                                  'pad_to_length_bucket': 1024,
[36m(TaskRunner pid=3515518)[0m                                                  'param_offload': False,
[36m(TaskRunner pid=3515518)[0m                                                  'qat': {'_target_': 'verl.workers.config.QATEngineConfig',
[36m(TaskRunner pid=3515518)[0m                                                          'activation_observer': 'static_minmax',
[36m(TaskRunner pid=3515518)[0m                                                          'enable': False,
[36m(TaskRunner pid=3515518)[0m                                                          'group_size': 16,
[36m(TaskRunner pid=3515518)[0m                                                          'ignore_patterns': ['lm_head',
[36m(TaskRunner pid=3515518)[0m                                                                              'embed_tokens',
[36m(TaskRunner pid=3515518)[0m                                                                              're:.*mlp.gate$'],
[36m(TaskRunner pid=3515518)[0m                                                          'mode': 'w4a16',
[36m(TaskRunner pid=3515518)[0m                                                          'quantization_config_path': None},
[36m(TaskRunner pid=3515518)[0m                                                  'reshard_after_forward': True,
[36m(TaskRunner pid=3515518)[0m                                                  'seed': 42,
[36m(TaskRunner pid=3515518)[0m                                                  'strategy': 'fsdp',
[36m(TaskRunner pid=3515518)[0m                                                  'ulysses_sequence_parallel_size': 1,
[36m(TaskRunner pid=3515518)[0m                                                  'use_orig_params': False,
[36m(TaskRunner pid=3515518)[0m                                                  'use_torch_compile': True,
[36m(TaskRunner pid=3515518)[0m                                                  'wrap_policy': {'min_num_params': 0}},
[36m(TaskRunner pid=3515518)[0m                                  'grad_clip': 1.0,
[36m(TaskRunner pid=3515518)[0m                                  'kl_loss_coef': 0.001,
[36m(TaskRunner pid=3515518)[0m                                  'kl_loss_type': 'low_var_kl',
[36m(TaskRunner pid=3515518)[0m                                  'loss_agg_mode': 'token-mean',
[36m(TaskRunner pid=3515518)[0m                                  'loss_scale_factor': None,
[36m(TaskRunner pid=3515518)[0m                                  'optim': {'_target_': 'verl.workers.config.FSDPOptimizerConfig',
[36m(TaskRunner pid=3515518)[0m                                            'betas': [0.9, 0.999],
[36m(TaskRunner pid=3515518)[0m                                            'clip_grad': 1.0,
[36m(TaskRunner pid=3515518)[0m                                            'lr': 1e-05,
[36m(TaskRunner pid=3515518)[0m                                            'lr_scheduler_type': 'constant',
[36m(TaskRunner pid=3515518)[0m                                            'lr_warmup_steps': -1,
[36m(TaskRunner pid=3515518)[0m                                            'lr_warmup_steps_ratio': 0.0,
[36m(TaskRunner pid=3515518)[0m                                            'min_lr_ratio': 0.1,
[36m(TaskRunner pid=3515518)[0m                                            'num_cycles': 0.5,
[36m(TaskRunner pid=3515518)[0m                                            'optimizer': 'AdamW',
[36m(TaskRunner pid=3515518)[0m                                            'optimizer_impl': 'torch.optim',
[36m(TaskRunner pid=3515518)[0m                                            'override_optimizer_config': None,
[36m(TaskRunner pid=3515518)[0m                                            'total_training_steps': -1,
[36m(TaskRunner pid=3515518)[0m                                            'warmup_style': None,
[36m(TaskRunner pid=3515518)[0m                                            'weight_decay': 0.01,
[36m(TaskRunner pid=3515518)[0m                                            'zero_indexed_step': True},
[36m(TaskRunner pid=3515518)[0m                                  'pad_to_length': False,
[36m(TaskRunner pid=3515518)[0m                                  'policy_loss': {'_target_': 'verl.workers.config.PolicyLossConfig',
[36m(TaskRunner pid=3515518)[0m                                                  'clip_cov_lb': 1.0,
[36m(TaskRunner pid=3515518)[0m                                                  'clip_cov_ratio': 0.0002,
[36m(TaskRunner pid=3515518)[0m                                                  'clip_cov_ub': 5.0,
[36m(TaskRunner pid=3515518)[0m                                                  'dro_beta': None,
[36m(TaskRunner pid=3515518)[0m                                                  'kl_cov_ratio': 0.0002,
[36m(TaskRunner pid=3515518)[0m                                                  'loss_mode': 'vanilla',
[36m(TaskRunner pid=3515518)[0m                                                  'ppo_kl_coef': 0.1},
[36m(TaskRunner pid=3515518)[0m                                  'ppo_epochs': 1,
[36m(TaskRunner pid=3515518)[0m                                  'ppo_max_token_len_per_gpu': 24576,
[36m(TaskRunner pid=3515518)[0m                                  'ppo_micro_batch_size': None,
[36m(TaskRunner pid=3515518)[0m                                  'ppo_micro_batch_size_per_gpu': None,
[36m(TaskRunner pid=3515518)[0m                                  'ppo_mini_batch_size': 8,
[36m(TaskRunner pid=3515518)[0m                                  'profiler': {'_target_': 'verl.utils.profiler.ProfilerConfig',
[36m(TaskRunner pid=3515518)[0m                                               'all_ranks': False,
[36m(TaskRunner pid=3515518)[0m                                               'enable': False,
[36m(TaskRunner pid=3515518)[0m                                               'ranks': [],
[36m(TaskRunner pid=3515518)[0m                                               'save_path': 'outputs/profile',
[36m(TaskRunner pid=3515518)[0m                                               'tool': None,
[36m(TaskRunner pid=3515518)[0m                                               'tool_config': {'npu': {'_target_': 'verl.utils.profiler.config.NPUToolConfig',
[36m(TaskRunner pid=3515518)[0m                                                                       'analysis': True,
[36m(TaskRunner pid=3515518)[0m                                                                       'contents': [],
[36m(TaskRunner pid=3515518)[0m                                                                       'discrete': False,
[36m(TaskRunner pid=3515518)[0m                                                                       'level': 'level0'},
[36m(TaskRunner pid=3515518)[0m                                                               'nsys': {'_target_': 'verl.utils.profiler.config.NsightToolConfig',
[36m(TaskRunner pid=3515518)[0m                                                                        'discrete': False},
[36m(TaskRunner pid=3515518)[0m                                                               'precision_debugger': {'_target_': 'verl.utils.profiler.config.PrecisionDebuggerToolConfig',
[36m(TaskRunner pid=3515518)[0m                                                                                      'config_path': None,
[36m(TaskRunner pid=3515518)[0m                                                                                      'stages': None,
[36m(TaskRunner pid=3515518)[0m                                                                                      'steps': None,
[36m(TaskRunner pid=3515518)[0m                                                                                      'strict': False},
[36m(TaskRunner pid=3515518)[0m                                                               'torch': {'_target_': 'verl.utils.profiler.config.TorchProfilerToolConfig',
[36m(TaskRunner pid=3515518)[0m                                                                         'contents': [],
[36m(TaskRunner pid=3515518)[0m                                                                         'discrete': False,
[36m(TaskRunner pid=3515518)[0m                                                                         'schedule': {'_target_': 'verl.utils.profiler.config.TorchProfilerScheduleConfig',
[36m(TaskRunner pid=3515518)[0m                                                                                      'active': 0,
[36m(TaskRunner pid=3515518)[0m                                                                                      'repeat': 0,
[36m(TaskRunner pid=3515518)[0m                                                                                      'skip_first': 0,
[36m(TaskRunner pid=3515518)[0m                                                                                      'wait': 0,
[36m(TaskRunner pid=3515518)[0m                                                                                      'warmup': 0}},
[36m(TaskRunner pid=3515518)[0m                                                               'torch_memory': {'_target_': 'verl.utils.profiler.config.TorchMemoryToolConfig',
[36m(TaskRunner pid=3515518)[0m                                                                                'stack_depth': 32,
[36m(TaskRunner pid=3515518)[0m                                                                                'trace_alloc_max_entries': 100000}}},
[36m(TaskRunner pid=3515518)[0m                                  'qat': {'activation_observer': 'static_minmax',
[36m(TaskRunner pid=3515518)[0m                                          'enable': False,
[36m(TaskRunner pid=3515518)[0m                                          'group_size': 16,
[36m(TaskRunner pid=3515518)[0m                                          'ignore_patterns': ['lm_head',
[36m(TaskRunner pid=3515518)[0m                                                              'embed_tokens',
[36m(TaskRunner pid=3515518)[0m                                                              're:.*mlp.gate$'],
[36m(TaskRunner pid=3515518)[0m                                          'mode': 'w4a16',
[36m(TaskRunner pid=3515518)[0m                                          'quantization_config_path': None},
[36m(TaskRunner pid=3515518)[0m                                  'rollout_n': 16,
[36m(TaskRunner pid=3515518)[0m                                  'router_replay': {'_target_': 'verl.workers.config.RouterReplayConfig',
[36m(TaskRunner pid=3515518)[0m                                                    'mode': 'disabled',
[36m(TaskRunner pid=3515518)[0m                                                    'record_file': None,
[36m(TaskRunner pid=3515518)[0m                                                    'replay_file': None},
[36m(TaskRunner pid=3515518)[0m                                  'shuffle': False,
[36m(TaskRunner pid=3515518)[0m                                  'strategy': 'fsdp2',
[36m(TaskRunner pid=3515518)[0m                                  'tau_neg': 1.05,
[36m(TaskRunner pid=3515518)[0m                                  'tau_pos': 1.0,
[36m(TaskRunner pid=3515518)[0m                                  'ulysses_sequence_parallel_size': 1,
[36m(TaskRunner pid=3515518)[0m                                  'use_dynamic_bsz': True,
[36m(TaskRunner pid=3515518)[0m                                  'use_fused_kernels': False,
[36m(TaskRunner pid=3515518)[0m                                  'use_kl_loss': True,
[36m(TaskRunner pid=3515518)[0m                                  'use_prefix_grouper': False,
[36m(TaskRunner pid=3515518)[0m                                  'use_remove_padding': True,
[36m(TaskRunner pid=3515518)[0m                                  'use_torch_compile': True},
[36m(TaskRunner pid=3515518)[0m                        'hybrid_engine': True,
[36m(TaskRunner pid=3515518)[0m                        'model': {'_target_': 'verl.workers.config.HFModelConfig',
[36m(TaskRunner pid=3515518)[0m                                  'custom_chat_template': None,
[36m(TaskRunner pid=3515518)[0m                                  'enable_activation_offload': False,
[36m(TaskRunner pid=3515518)[0m                                  'enable_gradient_checkpointing': True,
[36m(TaskRunner pid=3515518)[0m                                  'exclude_modules': '.*visual.*',
[36m(TaskRunner pid=3515518)[0m                                  'external_lib': None,
[36m(TaskRunner pid=3515518)[0m                                  'fused_kernel_options': {'impl_backend': 'torch'},
[36m(TaskRunner pid=3515518)[0m                                  'hf_config_path': None,
[36m(TaskRunner pid=3515518)[0m                                  'lora': {'a2a_experimental': False,
[36m(TaskRunner pid=3515518)[0m                                           'adapter_path': None,
[36m(TaskRunner pid=3515518)[0m                                           'alpha': 32,
[36m(TaskRunner pid=3515518)[0m                                           'dropout': 0.0,
[36m(TaskRunner pid=3515518)[0m                                           'dropout_position': 'pre',
[36m(TaskRunner pid=3515518)[0m                                           'dtype': None,
[36m(TaskRunner pid=3515518)[0m                                           'exclude_modules': [],
[36m(TaskRunner pid=3515518)[0m                                           'freeze_language_model': True,
[36m(TaskRunner pid=3515518)[0m                                           'freeze_vision_model': True,
[36m(TaskRunner pid=3515518)[0m                                           'freeze_vision_projection': True,
[36m(TaskRunner pid=3515518)[0m                                           'lora_A_init_method': 'xavier',
[36m(TaskRunner pid=3515518)[0m                                           'lora_B_init_method': 'zero',
[36m(TaskRunner pid=3515518)[0m                                           'merge': False,
[36m(TaskRunner pid=3515518)[0m                                           'rank': 0,
[36m(TaskRunner pid=3515518)[0m                                           'target_modules': ['linear_qkv',
[36m(TaskRunner pid=3515518)[0m                                                              'linear_proj',
[36m(TaskRunner pid=3515518)[0m                                                              'linear_fc1',
[36m(TaskRunner pid=3515518)[0m                                                              'linear_fc2'],
[36m(TaskRunner pid=3515518)[0m                                           'type': 'lora'},
[36m(TaskRunner pid=3515518)[0m                                  'lora_adapter_path': None,
[36m(TaskRunner pid=3515518)[0m                                  'lora_alpha': 32,
[36m(TaskRunner pid=3515518)[0m                                  'lora_rank': 16,
[36m(TaskRunner pid=3515518)[0m                                  'mtp': {'_target_': 'verl.workers.config.MtpConfig',
[36m(TaskRunner pid=3515518)[0m                                          'detach_encoder': False,
[36m(TaskRunner pid=3515518)[0m                                          'enable': False,
[36m(TaskRunner pid=3515518)[0m                                          'enable_rollout': False,
[36m(TaskRunner pid=3515518)[0m                                          'enable_train': False,
[36m(TaskRunner pid=3515518)[0m                                          'method': 'mtp',
[36m(TaskRunner pid=3515518)[0m                                          'mtp_loss_scaling_factor': 0.1,
[36m(TaskRunner pid=3515518)[0m                                          'num_speculative_tokens': 1,
[36m(TaskRunner pid=3515518)[0m                                          'speculative_algorithm': 'EAGLE',
[36m(TaskRunner pid=3515518)[0m                                          'speculative_eagle_topk': 1,
[36m(TaskRunner pid=3515518)[0m                                          'speculative_num_draft_tokens': 4,
[36m(TaskRunner pid=3515518)[0m                                          'speculative_num_steps': 3},
[36m(TaskRunner pid=3515518)[0m                                  'override_config': {},
[36m(TaskRunner pid=3515518)[0m                                  'path': '/home/yw4636/agentic-tvg/results/sft-mix/merged',
[36m(TaskRunner pid=3515518)[0m                                  'target_modules': 'all-linear',
[36m(TaskRunner pid=3515518)[0m                                  'tiled_mlp': {'enabled': False,
[36m(TaskRunner pid=3515518)[0m                                                'num_shards': 4},
[36m(TaskRunner pid=3515518)[0m                                  'tokenizer_path': None,
[36m(TaskRunner pid=3515518)[0m                                  'trust_remote_code': False,
[36m(TaskRunner pid=3515518)[0m                                  'use_fused_kernels': False,
[36m(TaskRunner pid=3515518)[0m                                  'use_liger': False,
[36m(TaskRunner pid=3515518)[0m                                  'use_remove_padding': True,
[36m(TaskRunner pid=3515518)[0m                                  'use_shm': False},
[36m(TaskRunner pid=3515518)[0m                        'nccl_timeout': 600,
[36m(TaskRunner pid=3515518)[0m                        'ref': {'_target_': 'verl.workers.config.FSDPActorConfig',
[36m(TaskRunner pid=3515518)[0m                                'entropy_checkpointing': False,
[36m(TaskRunner pid=3515518)[0m                                'entropy_from_logits_chunk_size': 2048,
[36m(TaskRunner pid=3515518)[0m                                'entropy_from_logits_with_chunking': False,
[36m(TaskRunner pid=3515518)[0m                                'fsdp_config': {'_target_': 'verl.workers.config.FSDPEngineConfig',
[36m(TaskRunner pid=3515518)[0m                                                'dtype': 'bfloat16',
[36m(TaskRunner pid=3515518)[0m                                                'entropy_checkpointing': False,
[36m(TaskRunner pid=3515518)[0m                                                'entropy_from_logits_chunk_size': 2048,
[36m(TaskRunner pid=3515518)[0m                                                'entropy_from_logits_with_chunking': False,
[36m(TaskRunner pid=3515518)[0m                                                'forward_only': True,
[36m(TaskRunner pid=3515518)[0m                                                'forward_prefetch': False,
[36m(TaskRunner pid=3515518)[0m                                                'fsdp_size': -1,
[36m(TaskRunner pid=3515518)[0m                                                'full_determinism': False,
[36m(TaskRunner pid=3515518)[0m                                                'model_dtype': 'fp32',
[36m(TaskRunner pid=3515518)[0m                                                'offload_policy': False,
[36m(TaskRunner pid=3515518)[0m                                                'optimizer_offload': False,
[36m(TaskRunner pid=3515518)[0m                                                'pad_to_length': False,
[36m(TaskRunner pid=3515518)[0m                                                'pad_to_length_bucket': 1024,
[36m(TaskRunner pid=3515518)[0m                                                'param_offload': False,
[36m(TaskRunner pid=3515518)[0m                                                'qat': {'_target_': 'verl.workers.config.QATEngineConfig',
[36m(TaskRunner pid=3515518)[0m                                                        'activation_observer': 'static_minmax',
[36m(TaskRunner pid=3515518)[0m                                                        'enable': False,
[36m(TaskRunner pid=3515518)[0m                                                        'group_size': 16,
[36m(TaskRunner pid=3515518)[0m                                                        'ignore_patterns': ['lm_head',
[36m(TaskRunner pid=3515518)[0m                                                                            'embed_tokens',
[36m(TaskRunner pid=3515518)[0m                                                                            're:.*mlp.gate$'],
[36m(TaskRunner pid=3515518)[0m                                                        'mode': 'w4a16',
[36m(TaskRunner pid=3515518)[0m                                                        'quantization_config_path': None},
[36m(TaskRunner pid=3515518)[0m                                                'reshard_after_forward': True,
[36m(TaskRunner pid=3515518)[0m                                                'seed': 42,
[36m(TaskRunner pid=3515518)[0m                                                'strategy': 'fsdp',
[36m(TaskRunner pid=3515518)[0m                                                'ulysses_sequence_parallel_size': 1,
[36m(TaskRunner pid=3515518)[0m                                                'use_orig_params': False,
[36m(TaskRunner pid=3515518)[0m                                                'use_torch_compile': True,
[36m(TaskRunner pid=3515518)[0m                                                'wrap_policy': {'min_num_params': 0}},
[36m(TaskRunner pid=3515518)[0m                                'log_prob_max_token_len_per_gpu': 24576,
[36m(TaskRunner pid=3515518)[0m                                'log_prob_micro_batch_size': None,
[36m(TaskRunner pid=3515518)[0m                                'log_prob_micro_batch_size_per_gpu': None,
[36m(TaskRunner pid=3515518)[0m                                'log_prob_use_dynamic_bsz': True,
[36m(TaskRunner pid=3515518)[0m                                'pad_to_length': False,
[36m(TaskRunner pid=3515518)[0m                                'profiler': {'_target_': 'verl.utils.profiler.ProfilerConfig',
[36m(TaskRunner pid=3515518)[0m                                             'all_ranks': False,
[36m(TaskRunner pid=3515518)[0m                                             'enable': False,
[36m(TaskRunner pid=3515518)[0m                                             'ranks': [],
[36m(TaskRunner pid=3515518)[0m                                             'save_path': 'outputs/profile',
[36m(TaskRunner pid=3515518)[0m                                             'tool': None,
[36m(TaskRunner pid=3515518)[0m                                             'tool_config': {'npu': {'_target_': 'verl.utils.profiler.config.NPUToolConfig',
[36m(TaskRunner pid=3515518)[0m                                                                     'analysis': True,
[36m(TaskRunner pid=3515518)[0m                                                                     'contents': [],
[36m(TaskRunner pid=3515518)[0m                                                                     'discrete': False,
[36m(TaskRunner pid=3515518)[0m                                                                     'level': 'level0'},
[36m(TaskRunner pid=3515518)[0m                                                             'nsys': {'_target_': 'verl.utils.profiler.config.NsightToolConfig',
[36m(TaskRunner pid=3515518)[0m                                                                      'discrete': False},
[36m(TaskRunner pid=3515518)[0m                                                             'precision_debugger': {'_target_': 'verl.utils.profiler.config.PrecisionDebuggerToolConfig',
[36m(TaskRunner pid=3515518)[0m                                                                                    'config_path': None,
[36m(TaskRunner pid=3515518)[0m                                                                                    'stages': None,
[36m(TaskRunner pid=3515518)[0m                                                                                    'steps': None,
[36m(TaskRunner pid=3515518)[0m                                                                                    'strict': False},
[36m(TaskRunner pid=3515518)[0m                                                             'torch': {'_target_': 'verl.utils.profiler.config.TorchProfilerToolConfig',
[36m(TaskRunner pid=3515518)[0m                                                                       'contents': [],
[36m(TaskRunner pid=3515518)[0m                                                                       'discrete': False,
[36m(TaskRunner pid=3515518)[0m                                                                       'schedule': {'_target_': 'verl.utils.profiler.config.TorchProfilerScheduleConfig',
[36m(TaskRunner pid=3515518)[0m                                                                                    'active': 0,
[36m(TaskRunner pid=3515518)[0m                                                                                    'repeat': 0,
[36m(TaskRunner pid=3515518)[0m                                                                                    'skip_first': 0,
[36m(TaskRunner pid=3515518)[0m                                                                                    'wait': 0,
[36m(TaskRunner pid=3515518)[0m                                                                                    'warmup': 0}},
[36m(TaskRunner pid=3515518)[0m                                                             'torch_memory': {'_target_': 'verl.utils.profiler.config.TorchMemoryToolConfig',
[36m(TaskRunner pid=3515518)[0m                                                                              'stack_depth': 32,
[36m(TaskRunner pid=3515518)[0m                                                                              'trace_alloc_max_entries': 100000}}},
[36m(TaskRunner pid=3515518)[0m                                'rollout_n': 16,
[36m(TaskRunner pid=3515518)[0m                                'router_replay': {'_target_': 'verl.workers.config.RouterReplayConfig',
[36m(TaskRunner pid=3515518)[0m                                                  'mode': 'disabled',
[36m(TaskRunner pid=3515518)[0m                                                  'record_file': None,
[36m(TaskRunner pid=3515518)[0m                                                  'replay_file': None},
[36m(TaskRunner pid=3515518)[0m                                'strategy': 'fsdp2',
[36m(TaskRunner pid=3515518)[0m                                'ulysses_sequence_parallel_size': 1,
[36m(TaskRunner pid=3515518)[0m                                'use_torch_compile': True},
[36m(TaskRunner pid=3515518)[0m                        'rollout': {'_target_': 'verl.workers.config.RolloutConfig',
[36m(TaskRunner pid=3515518)[0m                                    'agent': {'_target_': 'verl.workers.config.AgentLoopConfig',
[36m(TaskRunner pid=3515518)[0m                                              'agent_loop_config_path': None,
[36m(TaskRunner pid=3515518)[0m                                              'custom_async_server': {'_target_': 'verl.workers.config.CustomAsyncServerConfig',
[36m(TaskRunner pid=3515518)[0m                                                                      'name': None,
[36m(TaskRunner pid=3515518)[0m                                                                      'path': None},
[36m(TaskRunner pid=3515518)[0m                                              'default_agent_loop': 'tool_agent',
[36m(TaskRunner pid=3515518)[0m                                              'num_workers': 8},
[36m(TaskRunner pid=3515518)[0m                                    'calculate_log_probs': True,
[36m(TaskRunner pid=3515518)[0m                                    'checkpoint_engine': {'_target_': 'verl.workers.config.CheckpointEngineConfig',
[36m(TaskRunner pid=3515518)[0m                                                          'backend': 'naive',
[36m(TaskRunner pid=3515518)[0m                                                          'custom_backend_module': None,
[36m(TaskRunner pid=3515518)[0m                                                          'engine_kwargs': {},
[36m(TaskRunner pid=3515518)[0m                                                          'update_weights_bucket_megabytes': 2048},
[36m(TaskRunner pid=3515518)[0m                                    'cudagraph_capture_sizes': None,
[36m(TaskRunner pid=3515518)[0m                                    'data_parallel_size': 1,
[36m(TaskRunner pid=3515518)[0m                                    'disable_log_stats': True,
[36m(TaskRunner pid=3515518)[0m                                    'disaggregation': {'bootstrap_port': None,
[36m(TaskRunner pid=3515518)[0m                                                       'decode_replicas': 1,
[36m(TaskRunner pid=3515518)[0m                                                       'decode_tensor_model_parallel_size': None,
[36m(TaskRunner pid=3515518)[0m                                                       'enabled': False,
[36m(TaskRunner pid=3515518)[0m                                                       'ib_device': None,
[36m(TaskRunner pid=3515518)[0m                                                       'prefill_replicas': 1,
[36m(TaskRunner pid=3515518)[0m                                                       'transfer_backend': 'nixl'},
[36m(TaskRunner pid=3515518)[0m                                    'do_sample': True,
[36m(TaskRunner pid=3515518)[0m                                    'dtype': 'bfloat16',
[36m(TaskRunner pid=3515518)[0m                                    'enable_chunked_prefill': True,
[36m(TaskRunner pid=3515518)[0m                                    'enable_prefix_caching': True,
[36m(TaskRunner pid=3515518)[0m                                    'enable_rollout_routing_replay': False,
[36m(TaskRunner pid=3515518)[0m                                    'enforce_eager': False,
[36m(TaskRunner pid=3515518)[0m                                    'engine_kwargs': {'sglang': {},
[36m(TaskRunner pid=3515518)[0m                                                      'trtllm': {},
[36m(TaskRunner pid=3515518)[0m                                                      'vllm': {'mm_processor_kwargs': {'max_pixels': 150528}}},
[36m(TaskRunner pid=3515518)[0m                                    'expert_parallel_size': 1,
[36m(TaskRunner pid=3515518)[0m                                    'free_cache_engine': True,
[36m(TaskRunner pid=3515518)[0m                                    'full_determinism': False,
[36m(TaskRunner pid=3515518)[0m                                    'gpu_memory_utilization': 0.65,
[36m(TaskRunner pid=3515518)[0m                                    'ignore_eos': False,
[36m(TaskRunner pid=3515518)[0m                                    'layered_summon': True,
[36m(TaskRunner pid=3515518)[0m                                    'limit_images': 112,
[36m(TaskRunner pid=3515518)[0m                                    'load_format': 'safetensors',
[36m(TaskRunner pid=3515518)[0m                                    'log_prob_max_token_len_per_gpu': 24576,
[36m(TaskRunner pid=3515518)[0m                                    'log_prob_micro_batch_size': None,
[36m(TaskRunner pid=3515518)[0m                                    'log_prob_micro_batch_size_per_gpu': None,
[36m(TaskRunner pid=3515518)[0m                                    'log_prob_use_dynamic_bsz': True,
[36m(TaskRunner pid=3515518)[0m                                    'logprobs_mode': 'processed_logprobs',
[36m(TaskRunner pid=3515518)[0m                                    'max_model_len': 20992,
[36m(TaskRunner pid=3515518)[0m                                    'max_num_batched_tokens': 24576,
[36m(TaskRunner pid=3515518)[0m                                    'max_num_seqs': 256,
[36m(TaskRunner pid=3515518)[0m                                    'mode': 'async',
[36m(TaskRunner pid=3515518)[0m                                    'moe_load_balance_metrics_interval': 0,
[36m(TaskRunner pid=3515518)[0m                                    'mtp': {'_target_': 'verl.workers.config.MtpConfig',
[36m(TaskRunner pid=3515518)[0m                                            'detach_encoder': False,
[36m(TaskRunner pid=3515518)[0m                                            'enable': False,
[36m(TaskRunner pid=3515518)[0m                                            'enable_rollout': False,
[36m(TaskRunner pid=3515518)[0m                                            'enable_train': False,
[36m(TaskRunner pid=3515518)[0m                                            'method': 'mtp',
[36m(TaskRunner pid=3515518)[0m                                            'mtp_loss_scaling_factor': 0.1,
[36m(TaskRunner pid=3515518)[0m                                            'num_speculative_tokens': 1,
[36m(TaskRunner pid=3515518)[0m                                            'speculative_algorithm': 'EAGLE',
[36m(TaskRunner pid=3515518)[0m                                            'speculative_eagle_topk': 1,
[36m(TaskRunner pid=3515518)[0m                                            'speculative_num_draft_tokens': 4,
[36m(TaskRunner pid=3515518)[0m                                            'speculative_num_steps': 3},
[36m(TaskRunner pid=3515518)[0m                                    'multi_stage_wake_up': False,
[36m(TaskRunner pid=3515518)[0m                                    'multi_turn': {'_target_': 'verl.workers.config.MultiTurnConfig',
[36m(TaskRunner pid=3515518)[0m                                                   'enable': True,
[36m(TaskRunner pid=3515518)[0m                                                   'format': 'hermes',
[36m(TaskRunner pid=3515518)[0m                                                   'function_tool_path': None,
[36m(TaskRunner pid=3515518)[0m                                                   'max_assistant_turns': 4,
[36m(TaskRunner pid=3515518)[0m                                                   'max_parallel_calls': 1,
[36m(TaskRunner pid=3515518)[0m                                                   'max_tool_response_length': 2048,
[36m(TaskRunner pid=3515518)[0m                                                   'max_user_turns': 3,
[36m(TaskRunner pid=3515518)[0m                                                   'num_repeat_rollouts': None,
[36m(TaskRunner pid=3515518)[0m                                                   'tokenization_sanity_check_mode': 'strict',
[36m(TaskRunner pid=3515518)[0m                                                   'tool_config_path': '/home/yw4636/agentic-tvg/crop_video_tool.yaml',
[36m(TaskRunner pid=3515518)[0m                                                   'tool_response_truncate_side': 'middle',
[36m(TaskRunner pid=3515518)[0m                                                   'use_inference_chat_template': False},
[36m(TaskRunner pid=3515518)[0m                                    'n': 16,
[36m(TaskRunner pid=3515518)[0m                                    'n_gpus_per_node': 1,
[36m(TaskRunner pid=3515518)[0m                                    'name': 'vllm',
[36m(TaskRunner pid=3515518)[0m                                    'nnodes': 0,
[36m(TaskRunner pid=3515518)[0m                                    'over_sample_rate': 0,
[36m(TaskRunner pid=3515518)[0m                                    'pipeline_model_parallel_size': 1,
[36m(TaskRunner pid=3515518)[0m                                    'profiler': {'_target_': 'verl.utils.profiler.ProfilerConfig',
[36m(TaskRunner pid=3515518)[0m                                                 'all_ranks': False,
[36m(TaskRunner pid=3515518)[0m                                                 'enable': False,
[36m(TaskRunner pid=3515518)[0m                                                 'ranks': [],
[36m(TaskRunner pid=3515518)[0m                                                 'save_path': 'outputs/profile',
[36m(TaskRunner pid=3515518)[0m                                                 'tool': None,
[36m(TaskRunner pid=3515518)[0m                                                 'tool_config': {'npu': {'_target_': 'verl.utils.profiler.config.NPUToolConfig',
[36m(TaskRunner pid=3515518)[0m                                                                         'analysis': True,
[36m(TaskRunner pid=3515518)[0m                                                                         'contents': [],
[36m(TaskRunner pid=3515518)[0m                                                                         'discrete': False,
[36m(TaskRunner pid=3515518)[0m                                                                         'level': 'level0',
[36m(TaskRunner pid=3515518)[0m                                                                         'profile_token_end': None,
[36m(TaskRunner pid=3515518)[0m                                                                         'profile_token_start': None},
[36m(TaskRunner pid=3515518)[0m                                                                 'precision_debugger': {'_target_': 'verl.utils.profiler.config.PrecisionDebuggerToolConfig',
[36m(TaskRunner pid=3515518)[0m                                                                                        'config_path': None,
[36m(TaskRunner pid=3515518)[0m                                                                                        'stages': None,
[36m(TaskRunner pid=3515518)[0m                                                                                        'steps': None,
[36m(TaskRunner pid=3515518)[0m                                                                                        'strict': False},
[36m(TaskRunner pid=3515518)[0m                                                                 'torch': {'_target_': 'verl.utils.profiler.config.TorchProfilerToolConfig',
[36m(TaskRunner pid=3515518)[0m                                                                           'contents': [],
[36m(TaskRunner pid=3515518)[0m                                                                           'discrete': False,
[36m(TaskRunner pid=3515518)[0m                                                                           'profile_token_end': None,
[36m(TaskRunner pid=3515518)[0m                                                                           'profile_token_start': None}}},
[36m(TaskRunner pid=3515518)[0m                                    'prometheus': {'_target_': 'verl.workers.config.PrometheusConfig',
[36m(TaskRunner pid=3515518)[0m                                                   'enable': False,
[36m(TaskRunner pid=3515518)[0m                                                   'file': '/tmp/ray/session_latest/metrics/prometheus/prometheus.yml',
[36m(TaskRunner pid=3515518)[0m                                                   'port': 9090,
[36m(TaskRunner pid=3515518)[0m                                                   'served_model_name': '/home/yw4636/agentic-tvg/results/sft-mix/merged'},
[36m(TaskRunner pid=3515518)[0m                                    'prompt_length': 4608,
[36m(TaskRunner pid=3515518)[0m                                    'qat': {'_target_': 'verl.workers.config.QATEngineConfig',
[36m(TaskRunner pid=3515518)[0m                                            'activation_observer': 'static_minmax',
[36m(TaskRunner pid=3515518)[0m                                            'enable': False,
[36m(TaskRunner pid=3515518)[0m                                            'group_size': 16,
[36m(TaskRunner pid=3515518)[0m                                            'ignore_patterns': ['lm_head',
[36m(TaskRunner pid=3515518)[0m                                                                'embed_tokens',
[36m(TaskRunner pid=3515518)[0m                                                                're:.*mlp.gate$'],
[36m(TaskRunner pid=3515518)[0m                                            'mode': 'w4a16',
[36m(TaskRunner pid=3515518)[0m                                            'quantization_config_path': None},
[36m(TaskRunner pid=3515518)[0m                                    'quantization': None,
[36m(TaskRunner pid=3515518)[0m                                    'quantization_config_file': None,
[36m(TaskRunner pid=3515518)[0m                                    'response_length': 16384,
[36m(TaskRunner pid=3515518)[0m                                    'scheduling_policy': 'fcfs',
[36m(TaskRunner pid=3515518)[0m                                    'seed': 42,
[36m(TaskRunner pid=3515518)[0m                                    'skip_tokenizer_init': True,
[36m(TaskRunner pid=3515518)[0m                                    'temperature': 1.0,
[36m(TaskRunner pid=3515518)[0m                                    'tensor_model_parallel_size': 1,
[36m(TaskRunner pid=3515518)[0m                                    'top_k': -1,
[36m(TaskRunner pid=3515518)[0m                                    'top_p': 1,
[36m(TaskRunner pid=3515518)[0m                                    'trace': {'_target_': 'verl.workers.config.TraceConfig',
[36m(TaskRunner pid=3515518)[0m                                              'backend': None,
[36m(TaskRunner pid=3515518)[0m                                              'experiment_name': 'grpo_v2',
[36m(TaskRunner pid=3515518)[0m                                              'max_samples_per_step_per_worker': None,
[36m(TaskRunner pid=3515518)[0m                                              'project_name': 'agentic-tvg',
[36m(TaskRunner pid=3515518)[0m                                              'token2text': False},
[36m(TaskRunner pid=3515518)[0m                                    'val_kwargs': {'_target_': 'verl.workers.config.SamplingConfig',
[36m(TaskRunner pid=3515518)[0m                                                   'do_sample': False,
[36m(TaskRunner pid=3515518)[0m                                                   'n': 1,
[36m(TaskRunner pid=3515518)[0m                                                   'temperature': 0,
[36m(TaskRunner pid=3515518)[0m                                                   'top_k': -1,
[36m(TaskRunner pid=3515518)[0m                                                   'top_p': 1.0}}},
[36m(TaskRunner pid=3515518)[0m  'algorithm': {'_target_': 'verl.trainer.config.AlgoConfig',
[36m(TaskRunner pid=3515518)[0m                'adv_estimator': 'grpo',
[36m(TaskRunner pid=3515518)[0m                'filter_groups': {'_target_': 'verl.trainer.config.FilterGroupsConfig',
[36m(TaskRunner pid=3515518)[0m                                  'enable': False,
[36m(TaskRunner pid=3515518)[0m                                  'max_inflight_gen_batches': 1,
[36m(TaskRunner pid=3515518)[0m                                  'max_num_gen_batches': 0,
[36m(TaskRunner pid=3515518)[0m                                  'metric': None},
[36m(TaskRunner pid=3515518)[0m                'gamma': 1.0,
[36m(TaskRunner pid=3515518)[0m                'kl_ctrl': {'_target_': 'verl.trainer.config.KLControlConfig',
[36m(TaskRunner pid=3515518)[0m                            'horizon': 10000,
[36m(TaskRunner pid=3515518)[0m                            'kl_coef': 0.001,
[36m(TaskRunner pid=3515518)[0m                            'target_kl': 0.1,
[36m(TaskRunner pid=3515518)[0m                            'type': 'fixed'},
[36m(TaskRunner pid=3515518)[0m                'kl_penalty': 'kl',
[36m(TaskRunner pid=3515518)[0m                'lam': 1.0,
[36m(TaskRunner pid=3515518)[0m                'norm_adv_by_std_in_grpo': True,
[36m(TaskRunner pid=3515518)[0m                'pf_ppo': {'reweight_method': 'pow', 'weight_pow': 2.0},
[36m(TaskRunner pid=3515518)[0m                'rollout_correction': {'bypass_mode': False,
[36m(TaskRunner pid=3515518)[0m                                       'loss_type': 'ppo_clip',
[36m(TaskRunner pid=3515518)[0m                                       'rollout_is': None,
[36m(TaskRunner pid=3515518)[0m                                       'rollout_is_batch_normalize': False,
[36m(TaskRunner pid=3515518)[0m                                       'rollout_is_threshold': 2.0,
[36m(TaskRunner pid=3515518)[0m                                       'rollout_rs': None,
[36m(TaskRunner pid=3515518)[0m                                       'rollout_rs_threshold': None},
[36m(TaskRunner pid=3515518)[0m                'use_kl_in_reward': False,
[36m(TaskRunner pid=3515518)[0m                'use_pf_ppo': False},
[36m(TaskRunner pid=3515518)[0m  'critic': {'_target_': 'verl.workers.config.FSDPCriticConfig',
[36m(TaskRunner pid=3515518)[0m             'checkpoint': {'_target_': 'verl.trainer.config.CheckpointConfig',
[36m(TaskRunner pid=3515518)[0m                            'async_save': False,
[36m(TaskRunner pid=3515518)[0m                            'load_contents': ['model', 'optimizer', 'extra'],
[36m(TaskRunner pid=3515518)[0m                            'save_contents': ['model', 'optimizer', 'extra']},
[36m(TaskRunner pid=3515518)[0m             'cliprange_value': 0.5,
[36m(TaskRunner pid=3515518)[0m             'data_loader_seed': 42,
[36m(TaskRunner pid=3515518)[0m             'enable': None,
[36m(TaskRunner pid=3515518)[0m             'forward_max_token_len_per_gpu': 32768,
[36m(TaskRunner pid=3515518)[0m             'forward_micro_batch_size': None,
[36m(TaskRunner pid=3515518)[0m             'forward_micro_batch_size_per_gpu': None,
[36m(TaskRunner pid=3515518)[0m             'fsdp': {'_target_': 'verl.workers.config.FSDPEngineConfig',
[36m(TaskRunner pid=3515518)[0m                      'dtype': 'bfloat16',
[36m(TaskRunner pid=3515518)[0m                      'entropy_checkpointing': False,
[36m(TaskRunner pid=3515518)[0m                      'entropy_from_logits_chunk_size': 2048,
[36m(TaskRunner pid=3515518)[0m                      'entropy_from_logits_with_chunking': False,
[36m(TaskRunner pid=3515518)[0m                      'forward_only': False,
[36m(TaskRunner pid=3515518)[0m                      'forward_prefetch': False,
[36m(TaskRunner pid=3515518)[0m                      'fsdp_size': -1,
[36m(TaskRunner pid=3515518)[0m                      'full_determinism': False,
[36m(TaskRunner pid=3515518)[0m                      'model_dtype': 'fp32',
[36m(TaskRunner pid=3515518)[0m                      'offload_policy': False,
[36m(TaskRunner pid=3515518)[0m                      'optimizer_offload': False,
[36m(TaskRunner pid=3515518)[0m                      'pad_to_length': False,
[36m(TaskRunner pid=3515518)[0m                      'pad_to_length_bucket': 1024,
[36m(TaskRunner pid=3515518)[0m                      'param_offload': False,
[36m(TaskRunner pid=3515518)[0m                      'qat': {'_target_': 'verl.workers.config.QATEngineConfig',
[36m(TaskRunner pid=3515518)[0m                              'activation_observer': 'static_minmax',
[36m(TaskRunner pid=3515518)[0m                              'enable': False,
[36m(TaskRunner pid=3515518)[0m                              'group_size': 16,
[36m(TaskRunner pid=3515518)[0m                              'ignore_patterns': ['lm_head',
[36m(TaskRunner pid=3515518)[0m                                                  'embed_tokens',
[36m(TaskRunner pid=3515518)[0m                                                  're:.*mlp.gate$'],
[36m(TaskRunner pid=3515518)[0m                              'mode': 'w4a16',
[36m(TaskRunner pid=3515518)[0m                              'quantization_config_path': None},
[36m(TaskRunner pid=3515518)[0m                      'reshard_after_forward': True,
[36m(TaskRunner pid=3515518)[0m                      'seed': 42,
[36m(TaskRunner pid=3515518)[0m                      'strategy': 'fsdp',
[36m(TaskRunner pid=3515518)[0m                      'ulysses_sequence_parallel_size': 1,
[36m(TaskRunner pid=3515518)[0m                      'use_orig_params': False,
[36m(TaskRunner pid=3515518)[0m                      'use_torch_compile': True,
[36m(TaskRunner pid=3515518)[0m                      'wrap_policy': {'min_num_params': 0}},
[36m(TaskRunner pid=3515518)[0m             'grad_clip': 1.0,
[36m(TaskRunner pid=3515518)[0m             'loss_agg_mode': 'token-mean',
[36m(TaskRunner pid=3515518)[0m             'loss_scale_factor': None,
[36m(TaskRunner pid=3515518)[0m             'model': {'_target_': 'verl.workers.config.HFModelConfig',
[36m(TaskRunner pid=3515518)[0m                       'custom_chat_template': None,
[36m(TaskRunner pid=3515518)[0m                       'enable_activation_offload': False,
[36m(TaskRunner pid=3515518)[0m                       'enable_gradient_checkpointing': True,
[36m(TaskRunner pid=3515518)[0m                       'exclude_modules': None,
[36m(TaskRunner pid=3515518)[0m                       'external_lib': None,
[36m(TaskRunner pid=3515518)[0m                       'fused_kernel_options': {'impl_backend': 'torch'},
[36m(TaskRunner pid=3515518)[0m                       'hf_config_path': None,
[36m(TaskRunner pid=3515518)[0m                       'lora': {'a2a_experimental': False,
[36m(TaskRunner pid=3515518)[0m                                'adapter_path': None,
[36m(TaskRunner pid=3515518)[0m                                'alpha': 32,
[36m(TaskRunner pid=3515518)[0m                                'dropout': 0.0,
[36m(TaskRunner pid=3515518)[0m                                'dropout_position': 'pre',
[36m(TaskRunner pid=3515518)[0m                                'dtype': None,
[36m(TaskRunner pid=3515518)[0m                                'exclude_modules': [],
[36m(TaskRunner pid=3515518)[0m                                'freeze_language_model': True,
[36m(TaskRunner pid=3515518)[0m                                'freeze_vision_model': True,
[36m(TaskRunner pid=3515518)[0m                                'freeze_vision_projection': True,
[36m(TaskRunner pid=3515518)[0m                                'lora_A_init_method': 'xavier',
[36m(TaskRunner pid=3515518)[0m                                'lora_B_init_method': 'zero',
[36m(TaskRunner pid=3515518)[0m                                'merge': False,
[36m(TaskRunner pid=3515518)[0m                                'rank': 0,
[36m(TaskRunner pid=3515518)[0m                                'target_modules': ['linear_qkv',
[36m(TaskRunner pid=3515518)[0m                                                   'linear_proj',
[36m(TaskRunner pid=3515518)[0m                                                   'linear_fc1',
[36m(TaskRunner pid=3515518)[0m                                                   'linear_fc2'],
[36m(TaskRunner pid=3515518)[0m                                'type': 'lora'},
[36m(TaskRunner pid=3515518)[0m                       'lora_adapter_path': None,
[36m(TaskRunner pid=3515518)[0m                       'lora_alpha': 16,
[36m(TaskRunner pid=3515518)[0m                       'lora_rank': 0,
[36m(TaskRunner pid=3515518)[0m                       'mtp': {'_target_': 'verl.workers.config.MtpConfig',
[36m(TaskRunner pid=3515518)[0m                               'detach_encoder': False,
[36m(TaskRunner pid=3515518)[0m                               'enable': False,
[36m(TaskRunner pid=3515518)[0m                               'enable_rollout': False,
[36m(TaskRunner pid=3515518)[0m                               'enable_train': False,
[36m(TaskRunner pid=3515518)[0m                               'method': 'mtp',
[36m(TaskRunner pid=3515518)[0m                               'mtp_loss_scaling_factor': 0.1,
[36m(TaskRunner pid=3515518)[0m                               'num_speculative_tokens': 1,
[36m(TaskRunner pid=3515518)[0m                               'speculative_algorithm': 'EAGLE',
[36m(TaskRunner pid=3515518)[0m                               'speculative_eagle_topk': 1,
[36m(TaskRunner pid=3515518)[0m                               'speculative_num_draft_tokens': 4,
[36m(TaskRunner pid=3515518)[0m                               'speculative_num_steps': 3},
[36m(TaskRunner pid=3515518)[0m                       'override_config': {},
[36m(TaskRunner pid=3515518)[0m                       'path': '~/models/deepseek-llm-7b-chat',
[36m(TaskRunner pid=3515518)[0m                       'target_modules': 'all-linear',
[36m(TaskRunner pid=3515518)[0m                       'tiled_mlp': {'enabled': False, 'num_shards': 4},
[36m(TaskRunner pid=3515518)[0m                       'tokenizer_path': None,
[36m(TaskRunner pid=3515518)[0m                       'trust_remote_code': False,
[36m(TaskRunner pid=3515518)[0m                       'use_fused_kernels': False,
[36m(TaskRunner pid=3515518)[0m                       'use_liger': False,
[36m(TaskRunner pid=3515518)[0m                       'use_remove_padding': True,
[36m(TaskRunner pid=3515518)[0m                       'use_shm': False},
[36m(TaskRunner pid=3515518)[0m             'optim': {'_target_': 'verl.workers.config.FSDPOptimizerConfig',
[36m(TaskRunner pid=3515518)[0m                       'betas': [0.9, 0.999],
[36m(TaskRunner pid=3515518)[0m                       'clip_grad': 1.0,
[36m(TaskRunner pid=3515518)[0m                       'lr': 1e-05,
[36m(TaskRunner pid=3515518)[0m                       'lr_scheduler_type': 'constant',
[36m(TaskRunner pid=3515518)[0m                       'lr_warmup_steps': -1,
[36m(TaskRunner pid=3515518)[0m                       'lr_warmup_steps_ratio': 0.0,
[36m(TaskRunner pid=3515518)[0m                       'min_lr_ratio': 0.0,
[36m(TaskRunner pid=3515518)[0m                       'num_cycles': 0.5,
[36m(TaskRunner pid=3515518)[0m                       'optimizer': 'AdamW',
[36m(TaskRunner pid=3515518)[0m                       'optimizer_impl': 'torch.optim',
[36m(TaskRunner pid=3515518)[0m                       'override_optimizer_config': None,
[36m(TaskRunner pid=3515518)[0m                       'total_training_steps': -1,
[36m(TaskRunner pid=3515518)[0m                       'warmup_style': None,
[36m(TaskRunner pid=3515518)[0m                       'weight_decay': 0.01,
[36m(TaskRunner pid=3515518)[0m                       'zero_indexed_step': True},
[36m(TaskRunner pid=3515518)[0m             'ppo_epochs': 1,
[36m(TaskRunner pid=3515518)[0m             'ppo_max_token_len_per_gpu': 32768,
[36m(TaskRunner pid=3515518)[0m             'ppo_micro_batch_size': None,
[36m(TaskRunner pid=3515518)[0m             'ppo_micro_batch_size_per_gpu': None,
[36m(TaskRunner pid=3515518)[0m             'ppo_mini_batch_size': 8,
[36m(TaskRunner pid=3515518)[0m             'profiler': {'_target_': 'verl.utils.profiler.ProfilerConfig',
[36m(TaskRunner pid=3515518)[0m                          'all_ranks': False,
[36m(TaskRunner pid=3515518)[0m                          'enable': False,
[36m(TaskRunner pid=3515518)[0m                          'ranks': [],
[36m(TaskRunner pid=3515518)[0m                          'save_path': 'outputs/profile',
[36m(TaskRunner pid=3515518)[0m                          'tool': None,
[36m(TaskRunner pid=3515518)[0m                          'tool_config': {'npu': {'_target_': 'verl.utils.profiler.config.NPUToolConfig',
[36m(TaskRunner pid=3515518)[0m                                                  'analysis': True,
[36m(TaskRunner pid=3515518)[0m                                                  'contents': [],
[36m(TaskRunner pid=3515518)[0m                                                  'discrete': False,
[36m(TaskRunner pid=3515518)[0m                                                  'level': 'level0'},
[36m(TaskRunner pid=3515518)[0m                                          'nsys': {'_target_': 'verl.utils.profiler.config.NsightToolConfig',
[36m(TaskRunner pid=3515518)[0m                                                   'discrete': False},
[36m(TaskRunner pid=3515518)[0m                                          'precision_debugger': {'_target_': 'verl.utils.profiler.config.PrecisionDebuggerToolConfig',
[36m(TaskRunner pid=3515518)[0m                                                                 'config_path': None,
[36m(TaskRunner pid=3515518)[0m                                                                 'stages': None,
[36m(TaskRunner pid=3515518)[0m                                                                 'steps': None,
[36m(TaskRunner pid=3515518)[0m                                                                 'strict': False},
[36m(TaskRunner pid=3515518)[0m                                          'torch': {'_target_': 'verl.utils.profiler.config.TorchProfilerToolConfig',
[36m(TaskRunner pid=3515518)[0m                                                    'contents': [],
[36m(TaskRunner pid=3515518)[0m                                                    'discrete': False,
[36m(TaskRunner pid=3515518)[0m                                                    'schedule': {'_target_': 'verl.utils.profiler.config.TorchProfilerScheduleConfig',
[36m(TaskRunner pid=3515518)[0m                                                                 'active': 0,
[36m(TaskRunner pid=3515518)[0m                                                                 'repeat': 0,
[36m(TaskRunner pid=3515518)[0m                                                                 'skip_first': 0,
[36m(TaskRunner pid=3515518)[0m                                                                 'wait': 0,
[36m(TaskRunner pid=3515518)[0m                                                                 'warmup': 0}},
[36m(TaskRunner pid=3515518)[0m                                          'torch_memory': {'_target_': 'verl.utils.profiler.config.TorchMemoryToolConfig',
[36m(TaskRunner pid=3515518)[0m                                                           'stack_depth': 32,
[36m(TaskRunner pid=3515518)[0m                                                           'trace_alloc_max_entries': 100000}}},
[36m(TaskRunner pid=3515518)[0m             'rollout_n': 16,
[36m(TaskRunner pid=3515518)[0m             'shuffle': False,
[36m(TaskRunner pid=3515518)[0m             'strategy': 'fsdp',
[36m(TaskRunner pid=3515518)[0m             'ulysses_sequence_parallel_size': 1,
[36m(TaskRunner pid=3515518)[0m             'use_dynamic_bsz': True},
[36m(TaskRunner pid=3515518)[0m  'custom_reward_function': {'name': None, 'path': None},
[36m(TaskRunner pid=3515518)[0m  'data': {'apply_chat_template_kwargs': {},
[36m(TaskRunner pid=3515518)[0m           'audio_key': 'audios',
[36m(TaskRunner pid=3515518)[0m           'continuous_token': {'enable': False, 'model_family': 'auto'},
[36m(TaskRunner pid=3515518)[0m           'custom_cls': {'name': None, 'path': None},
[36m(TaskRunner pid=3515518)[0m           'dataloader_num_workers': 8,
[36m(TaskRunner pid=3515518)[0m           'filter_overlong_prompts': False,
[36m(TaskRunner pid=3515518)[0m           'filter_overlong_prompts_workers': 1,
[36m(TaskRunner pid=3515518)[0m           'function_tool_path': None,
[36m(TaskRunner pid=3515518)[0m           'gen_batch_size': None,
[36m(TaskRunner pid=3515518)[0m           'image_key': 'images',
[36m(TaskRunner pid=3515518)[0m           'image_patch_size': 16,
[36m(TaskRunner pid=3515518)[0m           'max_prompt_length': 4608,
[36m(TaskRunner pid=3515518)[0m           'max_response_length': 16384,
[36m(TaskRunner pid=3515518)[0m           'mm_processor_kwargs': {},
[36m(TaskRunner pid=3515518)[0m           'prompt_key': 'prompt',
[36m(TaskRunner pid=3515518)[0m           'return_full_prompt': False,
[36m(TaskRunner pid=3515518)[0m           'return_multi_modal_inputs': True,
[36m(TaskRunner pid=3515518)[0m           'return_raw_chat': True,
[36m(TaskRunner pid=3515518)[0m           'return_raw_input_ids': False,
[36m(TaskRunner pid=3515518)[0m           'reward_fn_key': 'data_source',
[36m(TaskRunner pid=3515518)[0m           'seed': None,
[36m(TaskRunner pid=3515518)[0m           'shuffle': True,
[36m(TaskRunner pid=3515518)[0m           'tokenizer': None,
[36m(TaskRunner pid=3515518)[0m           'tool_config_path': '/home/yw4636/agentic-tvg/crop_video_tool.yaml',
[36m(TaskRunner pid=3515518)[0m           'train_batch_size': 8,
[36m(TaskRunner pid=3515518)[0m           'train_files': '/home/yw4636/agentic-tvg/data/processed/rl_train.parquet',
[36m(TaskRunner pid=3515518)[0m           'train_max_samples': -1,
[36m(TaskRunner pid=3515518)[0m           'truncation': 'error',
[36m(TaskRunner pid=3515518)[0m           'trust_remote_code': False,
[36m(TaskRunner pid=3515518)[0m           'use_shm': False,
[36m(TaskRunner pid=3515518)[0m           'val_batch_size': 2,
[36m(TaskRunner pid=3515518)[0m           'val_files': '/home/yw4636/agentic-tvg/data/processed/rl_val.parquet',
[36m(TaskRunner pid=3515518)[0m           'val_max_samples': -1,
[36m(TaskRunner pid=3515518)[0m           'validation_shuffle': False,
[36m(TaskRunner pid=3515518)[0m           'video_key': 'videos'},
[36m(TaskRunner pid=3515518)[0m  'distillation': {'_target_': 'verl.workers.config.DistillationConfig',
[36m(TaskRunner pid=3515518)[0m                   'distillation_loss': {'_target_': 'verl.workers.config.DistillationLossConfig',
[36m(TaskRunner pid=3515518)[0m                                         'clip_ratio': 0.2,
[36m(TaskRunner pid=3515518)[0m                                         'clip_ratio_high': 0.2,
[36m(TaskRunner pid=3515518)[0m                                         'clip_ratio_low': 0.2,
[36m(TaskRunner pid=3515518)[0m                                         'distillation_loss_coef': 1.0,
[36m(TaskRunner pid=3515518)[0m                                         'log_prob_min_clamp': None,
[36m(TaskRunner pid=3515518)[0m                                         'loss_max_clamp': None,
[36m(TaskRunner pid=3515518)[0m                                         'loss_mode': 'k3',
[36m(TaskRunner pid=3515518)[0m                                         'policy_loss_mode': 'vanilla',
[36m(TaskRunner pid=3515518)[0m                                         'topk': 32,
[36m(TaskRunner pid=3515518)[0m                                         'use_policy_gradient': False,
[36m(TaskRunner pid=3515518)[0m                                         'use_task_rewards': True},
[36m(TaskRunner pid=3515518)[0m                   'enabled': False,
[36m(TaskRunner pid=3515518)[0m                   'n_gpus_per_node': 8,
[36m(TaskRunner pid=3515518)[0m                   'nnodes': 0,
[36m(TaskRunner pid=3515518)[0m                   'teacher_key': 'data_source',
[36m(TaskRunner pid=3515518)[0m                   'teacher_models': {'teacher_model': {'_target_': 'verl.workers.config.DistillationTeacherModelConfig',
[36m(TaskRunner pid=3515518)[0m                                                        'inference': {'_target_': 'verl.workers.config.RolloutConfig',
[36m(TaskRunner pid=3515518)[0m                                                                      'cudagraph_capture_sizes': None,
[36m(TaskRunner pid=3515518)[0m                                                                      'data_parallel_size': 1,
[36m(TaskRunner pid=3515518)[0m                                                                      'disable_log_stats': True,
[36m(TaskRunner pid=3515518)[0m                                                                      'dtype': 'bfloat16',
[36m(TaskRunner pid=3515518)[0m                                                                      'enable_chunked_prefill': True,
[36m(TaskRunner pid=3515518)[0m                                                                      'enable_prefix_caching': True,
[36m(TaskRunner pid=3515518)[0m                                                                      'enforce_eager': True,
[36m(TaskRunner pid=3515518)[0m                                                                      'engine_kwargs': {},
[36m(TaskRunner pid=3515518)[0m                                                                      'expert_parallel_size': 1,
[36m(TaskRunner pid=3515518)[0m                                                                      'free_cache_engine': True,
[36m(TaskRunner pid=3515518)[0m                                                                      'gpu_memory_utilization': 0.5,
[36m(TaskRunner pid=3515518)[0m                                                                      'limit_images': None,
[36m(TaskRunner pid=3515518)[0m                                                                      'load_format': 'auto',
[36m(TaskRunner pid=3515518)[0m                                                                      'max_model_len': None,
[36m(TaskRunner pid=3515518)[0m                                                                      'max_num_batched_tokens': 8192,
[36m(TaskRunner pid=3515518)[0m                                                                      'max_num_seqs': 1024,
[36m(TaskRunner pid=3515518)[0m                                                                      'name': 'vllm',
[36m(TaskRunner pid=3515518)[0m                                                                      'prompt_length': 4608,
[36m(TaskRunner pid=3515518)[0m                                                                      'response_length': 16384,
[36m(TaskRunner pid=3515518)[0m                                                                      'skip_tokenizer_init': True,
[36m(TaskRunner pid=3515518)[0m                                                                      'temperature': 1.0,
[36m(TaskRunner pid=3515518)[0m                                                                      'tensor_model_parallel_size': 2},
[36m(TaskRunner pid=3515518)[0m                                                        'key': None,
[36m(TaskRunner pid=3515518)[0m                                                        'model_path': None,
[36m(TaskRunner pid=3515518)[0m                                                        'num_replicas': 0}}},
[36m(TaskRunner pid=3515518)[0m  'global_profiler': {'_target_': 'verl.utils.profiler.ProfilerConfig',
[36m(TaskRunner pid=3515518)[0m                      'global_tool_config': {'nsys': {'_target_': 'verl.utils.profiler.config.NsightToolConfig',
[36m(TaskRunner pid=3515518)[0m                                                      'controller_nsight_options': {'cuda-graph-trace': 'graph',
[36m(TaskRunner pid=3515518)[0m                                                                                    'cuda-memory-usage': 'true',
[36m(TaskRunner pid=3515518)[0m                                                                                    'trace': 'cuda,nvtx,cublas,ucx'},
[36m(TaskRunner pid=3515518)[0m                                                      'discrete': False,
[36m(TaskRunner pid=3515518)[0m                                                      'worker_nsight_options': {'capture-range': 'cudaProfilerApi',
[36m(TaskRunner pid=3515518)[0m                                                                                'capture-range-end': None,
[36m(TaskRunner pid=3515518)[0m                                                                                'cuda-graph-trace': 'graph',
[36m(TaskRunner pid=3515518)[0m                                                                                'cuda-memory-usage': 'true',
[36m(TaskRunner pid=3515518)[0m                                                                                'kill': 'none',
[36m(TaskRunner pid=3515518)[0m                                                                                'trace': 'cuda,nvtx,cublas,ucx'}},
[36m(TaskRunner pid=3515518)[0m                                             'precision_debugger': {'_target_': 'verl.utils.profiler.config.PrecisionDebuggerToolConfig',
[36m(TaskRunner pid=3515518)[0m                                                                    'config_path': None,
[36m(TaskRunner pid=3515518)[0m                                                                    'stages': None,
[36m(TaskRunner pid=3515518)[0m                                                                    'steps': None,
[36m(TaskRunner pid=3515518)[0m                                                                    'strict': False},
[36m(TaskRunner pid=3515518)[0m                                             'torch_memory': {'context': 'all',
[36m(TaskRunner pid=3515518)[0m                                                              'kw_args': {},
[36m(TaskRunner pid=3515518)[0m                                                              'stack_depth': 32,
[36m(TaskRunner pid=3515518)[0m                                                              'stacks': 'all',
[36m(TaskRunner pid=3515518)[0m                                                              'trace_alloc_max_entries': 100000}},
[36m(TaskRunner pid=3515518)[0m                      'profile_continuous_steps': False,
[36m(TaskRunner pid=3515518)[0m                      'save_path': 'outputs/profile',
[36m(TaskRunner pid=3515518)[0m                      'steps': None,
[36m(TaskRunner pid=3515518)[0m                      'tool': None},
[36m(TaskRunner pid=3515518)[0m  'model_engine': 'dp',
[36m(TaskRunner pid=3515518)[0m  'ray_kwargs': {'ray_init': {'num_cpus': None,
[36m(TaskRunner pid=3515518)[0m                              'object_store_memory': 25769803776},
[36m(TaskRunner pid=3515518)[0m                 'timeline_json_file': None},
[36m(TaskRunner pid=3515518)[0m  'reward': {'_target_': 'verl.workers.config.RewardConfig',
[36m(TaskRunner pid=3515518)[0m             'custom_reward_function': {'name': 'compute_score_qa2',
[36m(TaskRunner pid=3515518)[0m                                        'path': '/home/yw4636/agentic-tvg/agentic_tvg/reward.py'},
[36m(TaskRunner pid=3515518)[0m             'num_workers': 8,
[36m(TaskRunner pid=3515518)[0m             'reward_manager': {'_target_': 'verl.workers.config.reward.RewardManagerConfig',
[36m(TaskRunner pid=3515518)[0m                                'module': {'_target_': 'verl.trainer.config.config.ModuleConfig',
[36m(TaskRunner pid=3515518)[0m                                           'name': 'custom_reward_manager',
[36m(TaskRunner pid=3515518)[0m                                           'path': None},
[36m(TaskRunner pid=3515518)[0m                                'name': 'naive',
[36m(TaskRunner pid=3515518)[0m                                'source': 'register'},
[36m(TaskRunner pid=3515518)[0m             'reward_model': {'_target_': 'verl.workers.config.RewardModelConfig',
[36m(TaskRunner pid=3515518)[0m                              'enable': False,
[36m(TaskRunner pid=3515518)[0m                              'enable_resource_pool': False,
[36m(TaskRunner pid=3515518)[0m                              'model_path': None,
[36m(TaskRunner pid=3515518)[0m                              'n_gpus_per_node': 8,
[36m(TaskRunner pid=3515518)[0m                              'nnodes': 0,
[36m(TaskRunner pid=3515518)[0m                              'rollout': {'_target_': 'verl.workers.config.RolloutConfig',
[36m(TaskRunner pid=3515518)[0m                                          'cudagraph_capture_sizes': None,
[36m(TaskRunner pid=3515518)[0m                                          'data_parallel_size': 1,
[36m(TaskRunner pid=3515518)[0m                                          'disable_log_stats': True,
[36m(TaskRunner pid=3515518)[0m                                          'disaggregation': {'bootstrap_port': None,
[36m(TaskRunner pid=3515518)[0m                                                             'decode_replicas': 1,
[36m(TaskRunner pid=3515518)[0m                                                             'decode_tensor_model_parallel_size': None,
[36m(TaskRunner pid=3515518)[0m                                                             'enabled': False,
[36m(TaskRunner pid=3515518)[0m                                                             'ib_device': None,
[36m(TaskRunner pid=3515518)[0m                                                             'prefill_replicas': 1,
[36m(TaskRunner pid=3515518)[0m                                                             'transfer_backend': 'nixl'},
[36m(TaskRunner pid=3515518)[0m                                          'do_sample': True,
[36m(TaskRunner pid=3515518)[0m                                          'dtype': 'bfloat16',
[36m(TaskRunner pid=3515518)[0m                                          'enable_chunked_prefill': True,
[36m(TaskRunner pid=3515518)[0m                                          'enable_prefix_caching': True,
[36m(TaskRunner pid=3515518)[0m                                          'enforce_eager': True,
[36m(TaskRunner pid=3515518)[0m                                          'engine_kwargs': {},
[36m(TaskRunner pid=3515518)[0m                                          'expert_parallel_size': 1,
[36m(TaskRunner pid=3515518)[0m                                          'free_cache_engine': True,
[36m(TaskRunner pid=3515518)[0m                                          'full_determinism': False,
[36m(TaskRunner pid=3515518)[0m                                          'gpu_memory_utilization': 0.5,
[36m(TaskRunner pid=3515518)[0m                                          'ignore_eos': False,
[36m(TaskRunner pid=3515518)[0m                                          'layered_summon': False,
[36m(TaskRunner pid=3515518)[0m                                          'limit_images': None,
[36m(TaskRunner pid=3515518)[0m                                          'load_format': 'auto',
[36m(TaskRunner pid=3515518)[0m                                          'max_model_len': None,
[36m(TaskRunner pid=3515518)[0m                                          'max_num_batched_tokens': 8192,
[36m(TaskRunner pid=3515518)[0m                                          'max_num_seqs': 1024,
[36m(TaskRunner pid=3515518)[0m                                          'mtp': None,
[36m(TaskRunner pid=3515518)[0m                                          'multi_stage_wake_up': False,
[36m(TaskRunner pid=3515518)[0m                                          'n': 1,
[36m(TaskRunner pid=3515518)[0m                                          'name': '???',
[36m(TaskRunner pid=3515518)[0m                                          'pipeline_model_parallel_size': 1,
[36m(TaskRunner pid=3515518)[0m                                          'prompt_length': 2048,
[36m(TaskRunner pid=3515518)[0m                                          'quantization': None,
[36m(TaskRunner pid=3515518)[0m                                          'quantization_config_file': None,
[36m(TaskRunner pid=3515518)[0m                                          'response_length': 2048,
[36m(TaskRunner pid=3515518)[0m                                          'scheduling_policy': 'fcfs',
[36m(TaskRunner pid=3515518)[0m                                          'seed': 42,
[36m(TaskRunner pid=3515518)[0m                                          'skip_tokenizer_init': False,
[36m(TaskRunner pid=3515518)[0m                                          'temperature': 1.0,
[36m(TaskRunner pid=3515518)[0m                                          'tensor_model_parallel_size': 2,
[36m(TaskRunner pid=3515518)[0m                                          'top_k': -1,
[36m(TaskRunner pid=3515518)[0m                                          'top_p': 1}},
[36m(TaskRunner pid=3515518)[0m             'sandbox_fusion': {'_target_': 'verl.workers.config.SandboxFusionConfig',
[36m(TaskRunner pid=3515518)[0m                                'max_concurrent': 64,
[36m(TaskRunner pid=3515518)[0m                                'memory_limit_mb': 1024,
[36m(TaskRunner pid=3515518)[0m                                'url': None}},
[36m(TaskRunner pid=3515518)[0m  'reward_model': {'enable': None,
[36m(TaskRunner pid=3515518)[0m                   'enable_resource_pool': None,
[36m(TaskRunner pid=3515518)[0m                   'model': {'external_lib': None,
[36m(TaskRunner pid=3515518)[0m                             'path': None,
[36m(TaskRunner pid=3515518)[0m                             'trust_remote_code': None},
[36m(TaskRunner pid=3515518)[0m                   'n_gpus_per_node': None,
[36m(TaskRunner pid=3515518)[0m                   'nnodes': None,
[36m(TaskRunner pid=3515518)[0m                   'num_workers': None,
[36m(TaskRunner pid=3515518)[0m                   'reward_loop_class_name': None,
[36m(TaskRunner pid=3515518)[0m                   'reward_loop_module_path': None,
[36m(TaskRunner pid=3515518)[0m                   'reward_loop_source': None,
[36m(TaskRunner pid=3515518)[0m                   'reward_manager': None,
[36m(TaskRunner pid=3515518)[0m                   'rollout': {'cudagraph_capture_sizes': None,
[36m(TaskRunner pid=3515518)[0m                               'data_parallel_size': None,
[36m(TaskRunner pid=3515518)[0m                               'disable_log_stats': None,
[36m(TaskRunner pid=3515518)[0m                               'dtype': None,
[36m(TaskRunner pid=3515518)[0m                               'enable_chunked_prefill': None,
[36m(TaskRunner pid=3515518)[0m                               'enable_prefix_caching': None,[36m(TaskRunner pid=3515518)[0m /home/yw4636/.conda/envs/verl/lib/python3.12/site-packages/verl/trainer/main_ppo_v0.py:182: UserWarning: Disabled critic as algorithm.adv_estimator != gae. If it is not intended, please set critic.enable=True
[36m(TaskRunner pid=3515518)[0m   use_critic=need_critic(config),

[36m(TaskRunner pid=3515518)[0m                               'enforce_eager': None,
[36m(TaskRunner pid=3515518)[0m                               'engine_kwargs': None,
[36m(TaskRunner pid=3515518)[0m                               'expert_parallel_size': None,
[36m(TaskRunner pid=3515518)[0m                               'free_cache_engine': None,
[36m(TaskRunner pid=3515518)[0m                               'gpu_memory_utilization': None,
[36m(TaskRunner pid=3515518)[0m                               'limit_images': None,
[36m(TaskRunner pid=3515518)[0m                               'load_format': None,
[36m(TaskRunner pid=3515518)[0m                               'max_model_len': None,
[36m(TaskRunner pid=3515518)[0m                               'max_num_batched_tokens': None,
[36m(TaskRunner pid=3515518)[0m                               'max_num_seqs': None,
[36m(TaskRunner pid=3515518)[0m                               'name': None,
[36m(TaskRunner pid=3515518)[0m                               'prompt_length': None,
[36m(TaskRunner pid=3515518)[0m                               'response_length': None,
[36m(TaskRunner pid=3515518)[0m                               'skip_tokenizer_init': None,
[36m(TaskRunner pid=3515518)[0m                               'tensor_model_parallel_size': None}},
[36m(TaskRunner pid=3515518)[0m  'sandbox_fusion': {'max_concurrent': None,
[36m(TaskRunner pid=3515518)[0m                     'memory_limit_mb': None,
[36m(TaskRunner pid=3515518)[0m                     'url': None},
[36m(TaskRunner pid=3515518)[0m  'skip': {'_target_': 'verl.utils.skip.SkipManagerConfig',
[36m(TaskRunner pid=3515518)[0m           'async_rollout': {'action': 'cache',
[36m(TaskRunner pid=3515518)[0m                             'dump_dir': '~/.verl/rollout_dump',
[36m(TaskRunner pid=3515518)[0m                             'enable': False,
[36m(TaskRunner pid=3515518)[0m                             'steps': []},
[36m(TaskRunner pid=3515518)[0m           'rollout': {'action': 'cache',
[36m(TaskRunner pid=3515518)[0m                       'dump_dir': '~/.verl/rollout_dump',
[36m(TaskRunner pid=3515518)[0m                       'enable': False,
[36m(TaskRunner pid=3515518)[0m                       'steps': []},
[36m(TaskRunner pid=3515518)[0m           'rollout_tq': {'action': 'cache',
[36m(TaskRunner pid=3515518)[0m                          'dump_dir': '~/.verl/rollout_dump',
[36m(TaskRunner pid=3515518)[0m                          'enable': False,
[36m(TaskRunner pid=3515518)[0m                          'steps': []}},
[36m(TaskRunner pid=3515518)[0m  'trainer': {'balance_batch': True,
[36m(TaskRunner pid=3515518)[0m              'critic_warmup': 0,
[36m(TaskRunner pid=3515518)[0m              'default_hdfs_dir': None,
[36m(TaskRunner pid=3515518)[0m              'default_local_dir': '/home/yw4636/agentic-tvg/results/grpo-v2/ckpt',
[36m(TaskRunner pid=3515518)[0m              'del_local_ckpt_after_load': False,
[36m(TaskRunner pid=3515518)[0m              'device': 'cuda',
[36m(TaskRunner pid=3515518)[0m              'esi_redundant_time': 0,
[36m(TaskRunner pid=3515518)[0m              'experiment_name': 'grpo_v2',
[36m(TaskRunner pid=3515518)[0m              'log_val_generations': 0,
[36m(TaskRunner pid=3515518)[0m              'logger': ['console', 'tensorboard'],
[36m(TaskRunner pid=3515518)[0m              'max_actor_ckpt_to_keep': 1,
[36m(TaskRunner pid=3515518)[0m              'max_critic_ckpt_to_keep': None,
[36m(TaskRunner pid=3515518)[0m              'n_gpus_per_node': 1,
[36m(TaskRunner pid=3515518)[0m              'nnodes': 1,
[36m(TaskRunner pid=3515518)[0m              'project_name': 'agentic-tvg',
[36m(TaskRunner pid=3515518)[0m              'ray_wait_register_center_timeout': 300,
[36m(TaskRunner pid=3515518)[0m              'resume_from_path': None,
[36m(TaskRunner pid=3515518)[0m              'resume_mode': 'auto',
[36m(TaskRunner pid=3515518)[0m              'rollout_data_dir': '/home/yw4636/agentic-tvg/results/grpo-v2/rollouts',
[36m(TaskRunner pid=3515518)[0m              'save_freq': 20,
[36m(TaskRunner pid=3515518)[0m              'test_freq': 20,
[36m(TaskRunner pid=3515518)[0m              'total_epochs': 1,
[36m(TaskRunner pid=3515518)[0m              'total_training_steps': None,
[36m(TaskRunner pid=3515518)[0m              'use_v1': False,
[36m(TaskRunner pid=3515518)[0m              'v1': {'colocate_async': {'num_warmup_batches': 1},
[36m(TaskRunner pid=3515518)[0m                     'sampler': {'custom_sampler': {'name': None, 'path': None},
[36m(TaskRunner pid=3515518)[0m                                 'max_off_policy_strategy': 'drop',
[36m(TaskRunner pid=3515518)[0m                                 'max_off_policy_threshold': 8,
[36m(TaskRunner pid=3515518)[0m                                 'sampler_kwargs': {},
[36m(TaskRunner pid=3515518)[0m                                 'sync_refill_failed_groups': False},
[36m(TaskRunner pid=3515518)[0m                     'separate_async': {'num_warmup_batches': 1,
[36m(TaskRunner pid=3515518)[0m                                        'parameter_sync_step': 4},
[36m(TaskRunner pid=3515518)[0m                     'sync': {},
[36m(TaskRunner pid=3515518)[0m                     'trainer_mode': 'sync'},
[36m(TaskRunner pid=3515518)[0m              'val_before_train': True,
[36m(TaskRunner pid=3515518)[0m              'val_only': False,
[36m(TaskRunner pid=3515518)[0m              'validation_data_dir': '/home/yw4636/agentic-tvg/results/grpo-v2/val_rollouts'},
[36m(TaskRunner pid=3515518)[0m  'transfer_queue': {'backend': {'MooncakeStore': {'auto_init': False,
[36m(TaskRunner pid=3515518)[0m                                                   'device_name': '',
[36m(TaskRunner pid=3515518)[0m                                                   'global_segment_size': 4294967296,
[36m(TaskRunner pid=3515518)[0m                                                   'local_buffer_size': 1073741824,
[36m(TaskRunner pid=3515518)[0m                                                   'local_hostname': 'localhost',
[36m(TaskRunner pid=3515518)[0m                                                   'master_server_address': 'localhost:50124',
[36m(TaskRunner pid=3515518)[0m                                                   'metadata_server': 'localhost:50123',
[36m(TaskRunner pid=3515518)[0m                                                   'protocol': 'tcp'},
[36m(TaskRunner pid=3515518)[0m                                 'SimpleStorage': {'num_data_storage_units': 8,
[36m(TaskRunner pid=3515518)[0m                                                   'total_storage_size': 100000},
[36m(TaskRunner pid=3515518)[0m                                 'storage_backend': 'SimpleStorage'},
[36m(TaskRunner pid=3515518)[0m                     'enable': False,
[36m(TaskRunner pid=3515518)[0m                     'metrics': {'enabled': False, 'port': 0}}}
[36m(TaskRunner pid=3515518)[0m WARNING: val_batch_size is deprecated. Validation datasets are sent to inference engines as a whole batch, which will schedule the memory themselves.
[36m(TaskRunner pid=3515518)[0m [validate_config] All configuration checks passed successfully!
[36m(TaskRunner pid=3515518)[0m Using dataset class: RLHFDataset
[36m(TaskRunner pid=3515518)[0m {
[36m(TaskRunner pid=3515518)[0m   "type": "function",
[36m(TaskRunner pid=3515518)[0m   "function": {
[36m(TaskRunner pid=3515518)[0m     "name": "crop_video",
[36m(TaskRunner pid=3515518)[0m     "description": "Inspect a time interval of the current video closely: returns 30 higher-resolution frames sampled evenly from [start_time, end_time], each labeled with its timestamp in seconds.",
[36m(TaskRunner pid=3515518)[0m     "parameters": {
[36m(TaskRunner pid=3515518)[0m       "type": "object",
[36m(TaskRunner pid=3515518)[0m       "properties": {
[36m(TaskRunner pid=3515518)[0m         "start_time": {
[36m(TaskRunner pid=3515518)[0m           "type": "number",
[36m(TaskRunner pid=3515518)[0m           "description": "Interval start in seconds, >= 0."[36m(TaskRunner pid=3515518)[0m /home/yw4636/.conda/envs/verl/lib/python3.12/site-packages/verl/trainer/main_ppo_v0.py:218: FutureWarning: Warning: Class 'verl.trainer.ppo.ray_trainer.RayPPOTrainer' is deprecated. Please use 'Legacy trainer is deprecated, and wil be removed in v0.9.0. Please use `trainer.use_v1=True` instead.' instead.
[36m(TaskRunner pid=3515518)[0m   trainer = RayPPOTrainer(
[36m(TaskRunner pid=3515518)[0m /home/yw4636/.conda/envs/verl/lib/python3.12/site-packages/verl/trainer/ppo/ray_trainer.py:348: UserWarning: Disabled critic as algorithm.adv_estimator != gae. If it is not intended, please set critic.enable=True
[36m(TaskRunner pid=3515518)[0m   self.use_critic = need_critic(self.config)
[36m(WorkerDict pid=3515879)[0m /home/yw4636/.conda/envs/verl/lib/python3.12/site-packages/verl/workers/engine/__init__.py:31: UserWarning: torchtitan engine is not available: ModuleNotFoundError("No module named 'torchtitan'")
[36m(WorkerDict pid=3515879)[0m   warnings.warn(f"torchtitan engine is not available: {e!r}", stacklevel=1)
[36m(WorkerDict pid=3515879)[0m /home/yw4636/.conda/envs/verl/lib/python3.12/site-packages/verl/workers/engine/__init__.py:40: UserWarning: veomni engine is not available: ModuleNotFoundError("No module named 'veomni'")
[36m(WorkerDict pid=3515879)[0m   warnings.warn(f"veomni engine is not available: {e!r}", stacklevel=1)
[36m(WorkerDict pid=3515879)[0m /home/yw4636/.conda/envs/verl/lib/python3.12/site-packages/verl/workers/engine/__init__.py:49: UserWarning: automodel engine is not available: ModuleNotFoundError("No module named 'nemo_automodel'")
[36m(WorkerDict pid=3515879)[0m   warnings.warn(f"automodel engine is not available: {e!r}", stacklevel=1)
[36m(WorkerDict pid=3515879)[0m /home/yw4636/.conda/envs/verl/lib/python3.12/site-packages/verl/workers/engine/mindspeed/transformer_impl.py:24: UserWarning: NPU not support router replay for now.
[36m(WorkerDict pid=3515879)[0m   from verl.utils.megatron.router_replay_patch import RouterReplay
[36m(WorkerDict pid=3515879)[0m /home/yw4636/.conda/envs/verl/lib/python3.12/site-packages/verl/workers/engine/__init__.py:59: UserWarning: mindspeed engine is not available: ModuleNotFoundError("No module named 'megatron'")
[36m(WorkerDict pid=3515879)[0m   warnings.warn(f"mindspeed engine is not available: {e!r}", stacklevel=1)
[36m(WorkerDict pid=3515879)[0m /home/yw4636/.conda/envs/verl/lib/python3.12/site-packages/verl/workers/engine/__init__.py:69: UserWarning: megatron engine is not available: ModuleNotFoundError("No module named 'megatron'")
[36m(WorkerDict pid=3515879)[0m   warnings.warn(f"megatron engine is not available: {e!r}", stacklevel=1)
[36m(WorkerDict pid=3515879)[0m [transformers] Flash Attention 2 only supports torch.float16 and torch.bfloat16 dtypes, but the current dype in Qwen3VLForConditionalGeneration is torch.float32. You should run training or inference using Automatic Mixed-Precision via the `with torch.autocast(device_type='torch_device'):` decorator, or load the model with the `dtype` argument. Example: `model = AutoModel.from_pretrained("meta-llama/Llama-3.2-1B", attn_implementation="flash_attention_2", dtype=torch.float16)`
[36m(WorkerDict pid=3515879)[0m [transformers] Flash Attention 2 only supports torch.float16 and torch.bfloat16 dtypes, but the current dype in Qwen3VLModel is torch.float32. You should run training or inference using Automatic Mixed-Precision via the `with torch.autocast(device_type='torch_device'):` decorator, or load the model with the `dtype` argument. Example: `model = AutoModel.from_pretrained("meta-llama/Llama-3.2-1B", attn_implementation="flash_attention_2", dtype=torch.float16)`
[36m(WorkerDict pid=3515879)[0m [transformers] Flash Attention 2 only supports torch.float16 and torch.bfloat16 dtypes, but the current dype in Qwen3VLVisionModel is torch.float32. You should run training or inference using Automatic Mixed-Precision via the `with torch.autocast(device_type='torch_device'):` decorator, or load the model with the `dtype` argument. Example: `model = AutoModel.from_pretrained("meta-llama/Llama-3.2-1B", attn_implementation="flash_attention_2", dtype=torch.float16)`
[36m(WorkerDict pid=3515879)[0m [transformers] Flash Attention 2 only supports torch.float16 and torch.bfloat16 dtypes, but the current dype in Qwen3VLTextModel is torch.float32. You should run training or inference using Automatic Mixed-Precision via the `with torch.autocast(device_type='torch_device'):` decorator, or load the model with the `dtype` argument. Example: `model = AutoModel.from_pretrained("meta-llama/Llama-3.2-1B", attn_implementation="flash_attention_2", dtype=torch.float16)`
[36m(WorkerDict pid=3515879)[0m Loading weights:   0%|          | 0/713 [00:00<?, ?it/s]
[36m(WorkerDict pid=3515879)[0m Loading weights:   0%|          | 1/713 [00:00<06:58,  1.70it/s]
[36m(WorkerDict pid=3515879)[0m Loading weights:  20%|██        | 146/713 [00:00<00:02, 266.14it/s]
[36m(WorkerDict pid=3515879)[0m Loading weights:  29%|██▉       | 209/713 [00:00<00:01, 272.64it/s]
[36m(WorkerDict pid=3515879)[0m Loading weights:  36%|███▌      | 257/713 [00:01<00:01, 256.34it/s]
[36m(WorkerDict pid=3515879)[0m Loading weights:  41%|████▏     | 295/713 [00:01<00:01, 261.79it/s]
[36m(WorkerDict pid=3515879)[0m Loading weights:  46%|████▌     | 329/713 [00:01<00:01, 261.93it/s]
[36m(WorkerDict pid=3515879)[0m Loading weights:  51%|█████     | 361/713 [00:01<00:01, 257.42it/s]
[36m(WorkerDict pid=3515879)[0m Loading weights:  55%|█████▍    | 391/713 [00:01<00:01, 249.70it/s]
[36m(WorkerDict pid=3515879)[0m Loading weights:  82%|████████▏ | 586/713 [00:01<00:00, 633.35it/s]
[36m(WorkerDict pid=3515879)[0m Loading weights:  98%|█████████▊| 700/713 [00:01<00:00, 754.75it/s]Loading weights: 100%|██████████| 713/713 [00:01<00:00, 374.71it/s]
[36m(WorkerDict pid=3515879)[0m WARNING:2026-09-01 22:38:11,655:Setting the sleep level to 1 may cause a memory overflow.
[36m(vLLMHttpServer pid=3516349)[0m [transformers] The `use_fast` parameter is deprecated and will be removed in a future version. Use `backend="torchvision"` instead of `use_fast=True`, or `backend="pil"` instead of `use_fast=False`.
[36m(vLLMHttpServer pid=3516349)[0m (Worker pid=3517250) [transformers] The `use_fast` parameter is deprecated and will be removed in a future version. Use `backend="torchvision"` instead of `use_fast=True`, or `backend="pil"` instead of `use_fast=False`.
[36m(vLLMHttpServer pid=3516349)[0m (Worker pid=3517250) Loading safetensors checkpoint shards:   0% Completed | 0/1 [00:00<?, ?it/s]
[36m(vLLMHttpServer pid=3516349)[0m (Worker pid=3517250) Loading safetensors checkpoint shards: 100% Completed | 1/1 [00:01<00:00,  1.46s/it]
[36m(vLLMHttpServer pid=3516349)[0m (Worker pid=3517250) Loading safetensors checkpoint shards: 100% Completed | 1/1 [00:01<00:00,  1.46s/it]
[36m(vLLMHttpServer pid=3516349)[0m (Worker pid=3517250) 

[36m(TaskRunner pid=3515518)[0m         },
[36m(TaskRunner pid=3515518)[0m         "end_time": {
[36m(TaskRunner pid=3515518)[0m           "type": "number",
[36m(TaskRunner pid=3515518)[0m           "description": "Interval end in seconds, > start_time, <= video duration."
[36m(TaskRunner pid=3515518)[0m         }
[36m(TaskRunner pid=3515518)[0m       },
[36m(TaskRunner pid=3515518)[0m       "required": [
[36m(TaskRunner pid=3515518)[0m         "start_time",
[36m(TaskRunner pid=3515518)[0m         "end_time"
[36m(TaskRunner pid=3515518)[0m       ]
[36m(TaskRunner pid=3515518)[0m     }
[36m(TaskRunner pid=3515518)[0m   }
[36m(TaskRunner pid=3515518)[0m }
[36m(TaskRunner pid=3515518)[0m dataset len: 1068
[36m(TaskRunner pid=3515518)[0m Using dataset class: RLHFDataset
[36m(TaskRunner pid=3515518)[0m {
[36m(TaskRunner pid=3515518)[0m   "type": "function",
[36m(TaskRunner pid=3515518)[0m   "function": {
[36m(TaskRunner pid=3515518)[0m     "name": "crop_video",
[36m(TaskRunner pid=3515518)[0m     "description": "Inspect a time interval of the current video closely: returns 30 higher-resolution frames sampled evenly from [start_time, end_time], each labeled with its timestamp in seconds.",
[36m(TaskRunner pid=3515518)[0m     "parameters": {
[36m(TaskRunner pid=3515518)[0m       "type": "object",
[36m(TaskRunner pid=3515518)[0m       "properties": {
[36m(TaskRunner pid=3515518)[0m         "start_time": {
[36m(TaskRunner pid=3515518)[0m           "type": "number",
[36m(TaskRunner pid=3515518)[0m           "description": "Interval start in seconds, >= 0."
[36m(TaskRunner pid=3515518)[0m         },
[36m(TaskRunner pid=3515518)[0m         "end_time": {
[36m(TaskRunner pid=3515518)[0m           "type": "number",
[36m(TaskRunner pid=3515518)[0m           "description": "Interval end in seconds, > start_time, <= video duration."
[36m(TaskRunner pid=3515518)[0m         }
[36m(TaskRunner pid=3515518)[0m       },
[36m(TaskRunner pid=3515518)[0m       "required": [
[36m(TaskRunner pid=3515518)[0m         "start_time",
[36m(TaskRunner pid=3515518)[0m         "end_time"
[36m(TaskRunner pid=3515518)[0m       ]
[36m(TaskRunner pid=3515518)[0m     }
[36m(TaskRunner pid=3515518)[0m   }
[36m(TaskRunner pid=3515518)[0m }
[36m(TaskRunner pid=3515518)[0m dataset len: 114
[36m(TaskRunner pid=3515518)[0m Size of train dataloader: 133, Size of val dataloader: 57
[36m(TaskRunner pid=3515518)[0m Total training steps: 133
[36m(TaskRunner pid=3515518)[0m colocated worker base class <class 'verl.single_controller.base.worker.Worker'>
[36m(WorkerDict pid=3515879)[0m Warning: Failed to set NUMA affinity: libnuma.so: cannot open shared object file: No such file or directory
[36m(WorkerDict pid=3515879)[0m Monkey patch Qwen3VLForConditionalGeneration model forward
[36m(WorkerDict pid=3515879)[0m Monkey patch _flash_attention_forward in transformers.integrations.flash_attention
[36m(WorkerDict pid=3515879)[0m Skipping monkey patch for Qwen3VLForConditionalGeneration as use_fused_kernels is False or fused_kernels_backend is torch
[36m(WorkerDict pid=3515879)[0m PeftModelForCausalLM contains 4.47B parameters
[36m(WorkerDict pid=3515879)[0m Before FSDP, memory allocated (GB): 0.00, memory reserved (GB): 0.00, device memory used/total (GB): 0.41/79.27
[36m(WorkerDict pid=3515879)[0m After FSDP, memory allocated (GB): 16.76, memory reserved (GB): 18.74, device memory used/total (GB): 19.67/79.27
[36m(WorkerDict pid=3515879)[0m Total steps: 133, num_warmup_steps: 0
[36m(vLLMHttpServer pid=3516349)[0m ['serve',
[36m(vLLMHttpServer pid=3516349)[0m  '/home/yw4636/agentic-tvg/results/sft-mix/merged',
[36m(vLLMHttpServer pid=3516349)[0m  '--dtype',
[36m(vLLMHttpServer pid=3516349)[0m  'bfloat16',
[36m(vLLMHttpServer pid=3516349)[0m  '--load_format',
[36m(vLLMHttpServer pid=3516349)[0m  'safetensors',
[36m(vLLMHttpServer pid=3516349)[0m  '--distributed_executor_backend',
[36m(vLLMHttpServer pid=3516349)[0m  'mp',
[36m(vLLMHttpServer pid=3516349)[0m  '--worker_extension_cls',
[36m(vLLMHttpServer pid=3516349)[0m  'verl.workers.rollout.vllm_rollout.utils.vLLMColocateWorkerExtension',
[36m(vLLMHttpServer pid=3516349)[0m  '--max_model_len',
[36m(vLLMHttpServer pid=3516349)[0m  '20992',
[36m(vLLMHttpServer pid=3516349)[0m  '--max_num_seqs',
[36m(vLLMHttpServer pid=3516349)[0m  '256',
[36m(vLLMHttpServer pid=3516349)[0m  '--enable_chunked_prefill',
[36m(vLLMHttpServer pid=3516349)[0m  '--max_num_batched_tokens',
[36m(vLLMHttpServer pid=3516349)[0m  '24576',
[36m(vLLMHttpServer pid=3516349)[0m  '--enable_prefix_caching',
[36m(vLLMHttpServer pid=3516349)[0m  '--enable_sleep_mode',
[36m(vLLMHttpServer pid=3516349)[0m  '--logprobs_mode',
[36m(vLLMHttpServer pid=3516349)[0m  'processed_logprobs',
[36m(vLLMHttpServer pid=3516349)[0m  '--gpu_memory_utilization',
[36m(vLLMHttpServer pid=3516349)[0m  '0.65',
[36m(vLLMHttpServer pid=3516349)[0m  '--disable_log_stats',
[36m(vLLMHttpServer pid=3516349)[0m  '--tensor_parallel_size',
[36m(vLLMHttpServer pid=3516349)[0m  '1',
[36m(vLLMHttpServer pid=3516349)[0m  '--seed',
[36m(vLLMHttpServer pid=3516349)[0m  '42',
[36m(vLLMHttpServer pid=3516349)[0m  '--override_generation_config',
[36m(vLLMHttpServer pid=3516349)[0m  '{"temperature": 1.0, "top_k": -1, "top_p": 1, "repetition_penalty": 1.0, '
[36m(vLLMHttpServer pid=3516349)[0m  '"max_new_tokens": 16384}',
[36m(vLLMHttpServer pid=3516349)[0m  '--hf_overrides',
[36m(vLLMHttpServer pid=3516349)[0m  '{}',
[36m(vLLMHttpServer pid=3516349)[0m  '--scheduling_policy',
[36m(vLLMHttpServer pid=3516349)[0m  'fcfs',
[36m(vLLMHttpServer pid=3516349)[0m  '--compilation_config',
[36m(vLLMHttpServer pid=3516349)[0m  '{"cudagraph_mode": "FULL_AND_PIECEWISE"}',
[36m(vLLMHttpServer pid=3516349)[0m  '--mm_processor_kwargs',
[36m(vLLMHttpServer pid=3516349)[0m  '{"max_pixels": 150528}',
[36m(vLLMHttpServer pid=3516349)[0m  '--limit_mm_per_prompt',
[36m(vLLMHttpServer pid=3516349)[0m  '{"image": 112}',
[36m(vLLMHttpServer pid=3516349)[0m  '--enable_lora',
[36m(vLLMHttpServer pid=3516349)[0m  '--max_loras',
[36m(vLLMHttpServer pid=3516349)[0m  '1',
[36m(vLLMHttpServer pid=3516349)[0m  '--max_lora_rank',
[36m(vLLMHttpServer pid=3516349)[0m  '16']
[36m(vLLMHttpServer pid=3516349)[0m WARNING 09-01 22:38:28 [system_utils.py:157] We must use the `spawn` multiprocessing start method. Overriding VLLM_WORKER_MULTIPROC_METHOD to 'spawn'. See https://docs.vllm.ai/en/latest/usage/troubleshooting.html#python-multiprocessing for more information. Reasons: In a Ray actor and can only be spawned; CUDA is initialized
[36m(vLLMHttpServer pid=3516349)[0m (Worker pid=3517250) WARNING 09-01 22:38:49 [model_manager.py:401] Regarding Qwen3VLForConditionalGeneration, no matching PunicaWrapper is found; visual.patch_embed.proj will be ignored.
[36m(vLLMHttpServer pid=3516349)[0m (Worker pid=3517250) WARNING 09-01 22:38:49 [model_manager.py:401] Regarding Qwen3VLForConditionalGeneration, no matching PunicaWrapper is found; visual.merger.linear_fc1 will be ignored.
[36m(vLLMHttpServer pid=3516349)[0m (Worker pid=3517250) WARNING 09-01 22:38:49 [model_manager.py:401] Regarding Qwen3VLForConditionalGeneration, no matching PunicaWrapper is found; visual.merger.linear_fc2 will be ignored.
[36m(vLLMHttpServer pid=3516349)[0m (Worker pid=3517250) WARNING 09-01 22:38:49 [model_manager.py:401] Regarding Qwen3VLForConditionalGeneration, no matching PunicaWrapper is found; visual.deepstack_merger_list.0.linear_fc1 will be ignored.
[36m(vLLMHttpServer pid=3516349)[0m (Worker pid=3517250) WARNING 09-01 22:38:49 [model_manager.py:401] Regarding Qwen3VLForConditionalGeneration, no matching PunicaWrapper is found; visual.deepstack_merger_list.0.linear_fc2 will be ignored.
[36m(vLLMHttpServer pid=3516349)[0m (Worker pid=3517250) WARNING 09-01 22:38:49 [model_manager.py:401] Regarding Qwen3VLForConditionalGeneration, no matching PunicaWrapper is found; visual.deepstack_merger_list.1.linear_fc1 will be ignored.
[36m(vLLMHttpServer pid=3516349)[0m (Worker pid=3517250) WARNING 09-01 22:38:49 [model_manager.py:401] Regarding Qwen3VLForConditionalGeneration, no matching PunicaWrapper is found; visual.deepstack_merger_list.1.linear_fc2 will be ignored.
[36m(vLLMHttpServer pid=3516349)[0m (Worker pid=3517250) WARNING 09-01 22:38:49 [model_manager.py:401] Regarding Qwen3VLForConditionalGeneration, no matching PunicaWrapper is found; visual.deepstack_merger_list.2.linear_fc1 will be ignored.
[36m(vLLMHttpServer pid=3516349)[0m (Worker pid=3517250) WARNING 09-01 22:38:49 [model_manager.py:401] Regarding Qwen3VLForConditionalGeneration, no matching PunicaWrapper is found; visual.deepstack_merger_list.2.linear_fc2 will be ignored.
[36m(vLLMHttpServer pid=3516349)[0m (Worker pid=3517250) WARNING 09-01 22:38:49 [model_manager.py:401] Regarding Qwen3VLForConditionalGeneration, no matching PunicaWrapper is found; visual.blocks.0.attn.qkv will be ignored.
[36m(vLLMHttpServer pid=3516349)[0m (Worker pid=3517250) WARNING 09-01 22:38:49 [model_manager.py:401] Regarding Qwen3VLForConditionalGeneration, no matching PunicaWrapper is found; visual.blocks.0.attn.proj will be ignored.
[36m(vLLMHttpServer pid=3516349)[0m (Worker pid=3517250) WARNING 09-01 22:38:49 [model_manager.py:401] Regarding Qwen3VLForConditionalGeneration, no matching PunicaWrapper is found; visual.blocks.0.mlp.linear_fc1 will be ignored.
[36m(vLLMHttpServer pid=3516349)[0m (Worker pid=3517250) WARNING 09-01 22:38:49 [model_manager.py:401] Regarding Qwen3VLForConditionalGeneration, no matching PunicaWrapper is found; visual.blocks.0.mlp.linear_fc2 will be ignored.
[36m(vLLMHttpServer pid=3516349)[0m (Worker pid=3517250) WARNING 09-01 22:38:49 [model_manager.py:401] Regarding Qwen3VLForConditionalGeneration, no matching PunicaWrapper is found; visual.blocks.1.attn.qkv will be ignored.
[36m(vLLMHttpServer pid=3516349)[0m (Worker pid=3517250) WARNING 09-01 22:38:49 [model_manager.py:401] Regarding Qwen3VLForConditionalGeneration, no matching PunicaWrapper is found; visual.blocks.1.attn.proj will be ignored.
[36m(vLLMHttpServer pid=3516349)[0m (Worker pid=3517250) WARNING 09-01 22:38:49 [model_manager.py:401] Regarding Qwen3VLForConditionalGeneration, no matching PunicaWrapper is found; visual.blocks.1.mlp.linear_fc1 will be ignored.
[36m(vLLMHttpServer pid=3516349)[0m (Worker pid=3517250) WARNING 09-01 22:38:49 [model_manager.py:401] Regarding Qwen3VLForConditionalGeneration, no matching PunicaWrapper is found; visual.blocks.1.mlp.linear_fc2 will be ignored.
[36m(vLLMHttpServer pid=3516349)[0m (Worker pid=3517250) WARNING 09-01 22:38:49 [model_manager.py:401] Regarding Qwen3VLForConditionalGeneration, no matching PunicaWrapper is found; visual.blocks.2.attn.qkv will be ignored.
[36m(vLLMHttpServer pid=3516349)[0m (Worker pid=3517250) WARNING 09-01 22:38:49 [model_manager.py:401] Regarding Qwen3VLForConditionalGeneration, no matching PunicaWrapper is found; visual.blocks.2.attn.proj will be ignored.
[36m(vLLMHttpServer pid=3516349)[0m (Worker pid=3517250) WARNING 09-01 22:38:49 [model_manager.py:401] Regarding Qwen3VLForConditionalGeneration, no matching PunicaWrapper is found; visual.blocks.2.mlp.linear_fc1 will be ignored.
[36m(vLLMHttpServer pid=3516349)[0m (Worker pid=3517250) WARNING 09-01 22:38:49 [model_manager.py:401] Regarding Qwen3VLForConditionalGeneration, no matching PunicaWrapper is found; visual.blocks.2.mlp.linear_fc2 will be ignored.
[36m(vLLMHttpServer pid=3516349)[0m (Worker pid=3517250) WARNING 09-01 22:38:49 [model_manager.py:401] Regarding Qwen3VLForConditionalGeneration, no matching PunicaWrapper is found; visual.blocks.3.attn.qkv will be ignored.
[36m(vLLMHttpServer pid=3516349)[0m (Worker pid=3517250) WARNING 09-01 22:38:49 [model_manager.py:401] Regarding Qwen3VLForConditionalGeneration, no matching PunicaWrapper is found; visual.blocks.3.attn.proj will be ignored.
[36m(vLLMHttpServer pid=3516349)[0m (Worker pid=3517250) WARNING 09-01 22:38:49 [model_manager.py:401] Regarding Qwen3VLForConditionalGeneration, no matching PunicaWrapper is found; visual.blocks.3.mlp.linear_fc1 will be ignored.
[36m(vLLMHttpServer pid=3516349)[0m (Worker pid=3517250) WARNING 09-01 22:38:49 [model_manager.py:401] Regarding Qwen3VLForConditionalGeneration, no matching PunicaWrapper is found; visual.blocks.3.mlp.linear_fc2 will be ignored.
[36m(vLLMHttpServer pid=3516349)[0m (Worker pid=3517250) WARNING 09-01 22:38:49 [model_manager.py:401] Regarding Qwen3VLForConditionalGeneration, no matching PunicaWrapper is found; visual.blocks.4.attn.qkv will be ignored.
[36m(vLLMHttpServer pid=3516349)[0m (Worker pid=3517250) WARNING 09-01 22:38:49 [model_manager.py:401] Regarding Qwen3VLForConditionalGeneration, no matching PunicaWrapper is found; visual.blocks.4.attn.proj will be ignored.
[36m(vLLMHttpServer pid=3516349)[0m (Worker pid=3517250) WARNING 09-01 22:38:49 [model_manager.py:401] Regarding Qwen3VLForConditionalGeneration, no matching PunicaWrapper is found; visual.blocks.4.mlp.linear_fc1 will be ignored.
[36m(vLLMHttpServer pid=3516349)[0m (Worker pid=3517250) WARNING 09-01 22:38:49 [model_manager.py:401] Regarding Qwen3VLForConditionalGeneration, no matching PunicaWrapper is found; visual.blocks.4.mlp.linear_fc2 will be ignored.
[36m(vLLMHttpServer pid=3516349)[0m (Worker pid=3517250) WARNING 09-01 22:38:49 [model_manager.py:401] Regarding Qwen3VLForConditionalGeneration, no matching PunicaWrapper is found; visual.blocks.5.attn.qkv will be ignored.
[36m(vLLMHttpServer pid=3516349)[0m (Worker pid=3517250) WARNING 09-01 22:38:49 [model_manager.py:401] Regarding Qwen3VLForConditionalGeneration, no matching PunicaWrapper is found; visual.blocks.5.attn.proj will be ignored.
[36m(vLLMHttpServer pid=3516349)[0m (Worker pid=3517250) WARNING 09-01 22:38:49 [model_manager.py:401] Regarding Qwen3VLForConditionalGeneration, no matching PunicaWrapper is found; visual.blocks.5.mlp.linear_fc1 will be ignored.
[36m(vLLMHttpServer pid=3516349)[0m (Worker pid=3517250) WARNING 09-01 22:38:49 [model_manager.py:401] Regarding Qwen3VLForConditionalGeneration, no matching PunicaWrapper is found; visual.blocks.5.mlp.linear_fc2 will be ignored.
[36m(vLLMHttpServer pid=3516349)[0m (Worker pid=3517250) WARNING 09-01 22:38:49 [model_manager.py:401] Regarding Qwen3VLForConditionalGeneration, no matching PunicaWrapper is found; visual.blocks.6.attn.qkv will be ignored.
[36m(vLLMHttpServer pid=3516349)[0m (Worker pid=3517250) WARNING 09-01 22:38:49 [model_manager.py:401] Regarding Qwen3VLForConditionalGeneration, no matching PunicaWrapper is found; visual.blocks.6.attn.proj will be ignored.
[36m(vLLMHttpServer pid=3516349)[0m (Worker pid=3517250) WARNING 09-01 22:38:49 [model_manager.py:401] Regarding Qwen3VLForConditionalGeneration, no matching PunicaWrapper is found; visual.blocks.6.mlp.linear_fc1 will be ignored.
[36m(vLLMHttpServer pid=3516349)[0m (Worker pid=3517250) WARNING 09-01 22:38:49 [model_manager.py:401] Regarding Qwen3VLForConditionalGeneration, no matching PunicaWrapper is found; visual.blocks.6.mlp.linear_fc2 will be ignored.
[36m(vLLMHttpServer pid=3516349)[0m (Worker pid=3517250) WARNING 09-01 22:38:49 [model_manager.py:401] Regarding Qwen3VLForConditionalGeneration, no matching PunicaWrapper is found; visual.blocks.7.attn.qkv will be ignored.
[36m(vLLMHttpServer pid=3516349)[0m (Worker pid=3517250) WARNING 09-01 22:38:49 [model_manager.py:401] Regarding Qwen3VLForConditionalGeneration, no matching PunicaWrapper is found; visual.blocks.7.attn.proj will be ignored.
[36m(vLLMHttpServer pid=3516349)[0m (Worker pid=3517250) WARNING 09-01 22:38:49 [model_manager.py:401] Regarding Qwen3VLForConditionalGeneration, no matching PunicaWrapper is found; visual.blocks.7.mlp.linear_fc1 will be ignored.
[36m(vLLMHttpServer pid=3516349)[0m (Worker pid=3517250) WARNING 09-01 22:38:49 [model_manager.py:401] Regarding Qwen3VLForConditionalGeneration, no matching PunicaWrapper is found; visual.blocks.7.mlp.linear_fc2 will be ignored.
[36m(vLLMHttpServer pid=3516349)[0m (Worker pid=3517250) WARNING 09-01 22:38:49 [model_manager.py:401] Regarding Qwen3VLForConditionalGeneration, no matching PunicaWrapper is found; visual.blocks.8.attn.qkv will be ignored.
[36m(vLLMHttpServer pid=3516349)[0m (Worker pid=3517250) WARNING 09-01 22:38:49 [model_manager.py:401] Regarding Qwen3VLForConditionalGeneration, no matching PunicaWrapper is found; visual.blocks.8.attn.proj will be ignored.
[36m(vLLMHttpServer pid=3516349)[0m (Worker pid=3517250) WARNING 09-01 22:38:49 [model_manager.py:401] Regarding Qwen3VLForConditionalGeneration, no matching PunicaWrapper is found; visual.blocks.8.mlp.linear_fc1 will be ignored.
[36m(vLLMHttpServer pid=3516349)[0m (Worker pid=3517250) WARNING 09-01 22:38:49 [model_manager.py:401] Regarding Qwen3VLForConditionalGeneration, no matching PunicaWrapper is found; visual.blocks.8.mlp.linear_fc2 will be ignored.
[36m(vLLMHttpServer pid=3516349)[0m (Worker pid=3517250) WARNING 09-01 22:38:49 [model_manager.py:401] Regarding Qwen3VLForConditionalGeneration, no matching PunicaWrapper is found; visual.blocks.9.attn.qkv will be ignored.
[36m(vLLMHttpServer pid=3516349)[0m (Worker pid=3517250) WARNING 09-01 22:38:49 [model_manager.py:401] Regarding Qwen3VLForConditionalGeneration, no matching PunicaWrapper is found; visual.blocks.9.attn.proj will be ignored.
[36m(vLLMHttpServer pid=3516349)[0m (Worker pid=3517250) WARNING 09-01 22:38:49 [model_manager.py:401] Regarding Qwen3VLForConditionalGeneration, no matching PunicaWrapper is found; visual.blocks.9.mlp.linear_fc1 will be ignored.
[36m(vLLMHttpServer pid=3516349)[0m (Worker pid=3517250) WARNING 09-01 22:38:49 [model_manager.py:401] Regarding Qwen3VLForConditionalGeneration, no matching PunicaWrapper is found; visual.blocks.9.mlp.linear_fc2 will be ignored.
[36m(vLLMHttpServer pid=3516349)[0m (Worker pid=3517250) WARNING 09-01 22:38:49 [model_manager.py:401] Regarding Qwen3VLForConditionalGeneration, no matching PunicaWrapper is found; visual.blocks.10.attn.qkv will be ignored.
[36m(vLLMHttpServer pid=3516349)[0m (Worker pid=3517250) WARNING 09-01 22:38:49 [model_manager.py:401] Regarding Qwen3VLForConditionalGeneration, no matching PunicaWrapper is found; visual.blocks.10.attn.proj will be ignored.
[36m(vLLMHttpServer pid=3516349)[0m (Worker pid=3517250) WARNING 09-01 22:38:49 [model_manager.py:401] Regarding Qwen3VLForConditionalGeneration, no matching PunicaWrapper is found; visual.blocks.10.mlp.linear_fc1 will be ignored.
[36m(vLLMHttpServer pid=3516349)[0m (Worker pid=3517250) WARNING 09-01 22:38:49 [model_manager.py:401] Regarding Qwen3VLForConditionalGeneration, no matching PunicaWrapper is found; visual.blocks.10.mlp.linear_fc2 will be ignored.
[36m(vLLMHttpServer pid=3516349)[0m (Worker pid=3517250) WARNING 09-01 22:38:49 [model_manager.py:401] Regarding Qwen3VLForConditionalGeneration, no matching PunicaWrapper is found; visual.blocks.11.attn.qkv will be ignored.
[36m(vLLMHttpServer pid=3516349)[0m (Worker pid=3517250) WARNING 09-01 22:38:49 [model_manager.py:401] Regarding Qwen3VLForConditionalGeneration, no matching PunicaWrapper is found; visual.blocks.11.attn.proj will be ignored.
[36m(vLLMHttpServer pid=3516349)[0m (Worker pid=3517250) WARNING 09-01 22:38:49 [model_manager.py:401] Regarding Qwen3VLForConditionalGeneration, no matching PunicaWrapper is found; visual.blocks.11.mlp.linear_fc1 will be ignored.
[36m(vLLMHttpServer pid=3516349)[0m (Worker pid=3517250) WARNING 09-01 22:38:49 [model_manager.py:401] Regarding Qwen3VLForConditionalGeneration, no matching PunicaWrapper is found; visual.blocks.11.mlp.linear_fc2 will be ignored.
[36m(vLLMHttpServer pid=3516349)[0m (Worker pid=3517250) WARNING 09-01 22:38:49 [model_manager.py:401] Regarding Qwen3VLForConditionalGeneration, no matching PunicaWrapper is found; visual.blocks.12.attn.qkv will be ignored.
[36m(vLLMHttpServer pid=3516349)[0m (Worker pid=3517250) WARNING 09-01 22:38:49 [model_manager.py:401] Regarding Qwen3VLForConditionalGeneration, no matching PunicaWrapper is found; visual.blocks.12.attn.proj will be ignored.
[36m(vLLMHttpServer pid=3516349)[0m (Worker pid=3517250) WARNING 09-01 22:38:49 [model_manager.py:401] Regarding Qwen3VLForConditionalGeneration, no matching PunicaWrapper is found; visual.blocks.12.mlp.linear_fc1 will be ignored.
[36m(vLLMHttpServer pid=3516349)[0m (Worker pid=3517250) WARNING 09-01 22:38:49 [model_manager.py:401] Regarding Qwen3VLForConditionalGeneration, no matching PunicaWrapper is found; visual.blocks.12.mlp.linear_fc2 will be ignored.
[36m(vLLMHttpServer pid=3516349)[0m (Worker pid=3517250) WARNING 09-01 22:38:49 [model_manager.py:401] Regarding Qwen3VLForConditionalGeneration, no matching PunicaWrapper is found; visual.blocks.13.attn.qkv will be ignored.
[36m(vLLMHttpServer pid=3516349)[0m (Worker pid=3517250) WARNING 09-01 22:38:49 [model_manager.py:401] Regarding Qwen3VLForConditionalGeneration, no matching PunicaWrapper is found; visual.blocks.13.attn.proj will be ignored.
[36m(vLLMHttpServer pid=3516349)[0m (Worker pid=3517250) WARNING 09-01 22:38:49 [model_manager.py:401] Regarding Qwen3VLForConditionalGeneration, no matching PunicaWrapper is found; visual.blocks.13.mlp.linear_fc1 will be ignored.
[36m(vLLMHttpServer pid=3516349)[0m (Worker pid=3517250) WARNING 09-01 22:38:49 [model_manager.py:401] Regarding Qwen3VLForConditionalGeneration, no matching PunicaWrapper is found; visual.blocks.13.mlp.linear_fc2 will be ignored.
[36m(vLLMHttpServer pid=3516349)[0m (Worker pid=3517250) WARNING 09-01 22:38:49 [model_manager.py:401] Regarding Qwen3VLForConditionalGeneration, no matching PunicaWrapper is found; visual.blocks.14.attn.qkv will be ignored.
[36m(vLLMHttpServer pid=3516349)[0m (Worker pid=3517250) WARNING 09-01 22:38:49 [model_manager.py:401] Regarding Qwen3VLForConditionalGeneration, no matching PunicaWrapper is found; visual.blocks.14.attn.proj will be ignored.
[36m(vLLMHttpServer pid=3516349)[0m (Worker pid=3517250) WARNING 09-01 22:38:49 [model_manager.py:401] Regarding Qwen3VLForConditionalGeneration, no matching PunicaWrapper is found; visual.blocks.14.mlp.linear_fc1 will be ignored.
[36m(vLLMHttpServer pid=3516349)[0m (Worker pid=3517250) WARNING 09-01 22:38:49 [model_manager.py:401] Regarding Qwen3VLForConditionalGeneration, no matching PunicaWrapper is found; visual.blocks.14.mlp.linear_fc2 will be ignored.
[36m(vLLMHttpServer pid=3516349)[0m (Worker pid=3517250) WARNING 09-01 22:38:49 [model_manager.py:401] Regarding Qwen3VLForConditionalGeneration, no matching PunicaWrapper is found; visual.blocks.15.attn.qkv will be ignored.
[36m(vLLMHttpServer pid=3516349)[0m (Worker pid=3517250) WARNING 09-01 22:38:49 [model_manager.py:401] Regarding Qwen3VLForConditionalGeneration, no matching PunicaWrapper is found; visual.blocks.15.attn.proj will be ignored.
[36m(vLLMHttpServer pid=3516349)[0m (Worker pid=3517250) WARNING 09-01 22:38:49 [model_manager.py:401] Regarding Qwen3VLForConditionalGeneration, no matching PunicaWrapper is found; visual.blocks.15.mlp.linear_fc1 will be ignored.
[36m(vLLMHttpServer pid=3516349)[0m (Worker pid=3517250) WARNING 09-01 22:38:49 [model_manager.py:401] Regarding Qwen3VLForConditionalGeneration, no matching PunicaWrapper is found; visual.blocks.15.mlp.linear_fc2 will be ignored.
[36m(vLLMHttpServer pid=3516349)[0m (Worker pid=3517250) WARNING 09-01 22:38:49 [model_manager.py:401] Regarding Qwen3VLForConditionalGeneration, no matching PunicaWrapper is found; visual.blocks.16.attn.qkv will be ignored.
[36m(vLLMHttpServer pid=3516349)[0m (Worker pid=3517250) WARNING 09-01 22:38:49 [model_manager.py:401] Regarding Qwen3VLForConditionalGeneration, no matching PunicaWrapper is found; visual.blocks.16.attn.proj will be ignored.
[36m(vLLMHttpServer pid=3516349)[0m (Worker pid=3517250) WARNING 09-01 22:38:49 [model_manager.py:401] Regarding Qwen3VLForConditionalGeneration, no matching PunicaWrapper is found; visual.blocks.16.mlp.linear_fc1 will be ignored.
[36m(vLLMHttpServer pid=3516349)[0m (Worker pid=3517250) WARNING 09-01 22:38:49 [model_manager.py:401] Regarding Qwen3VLForConditionalGeneration, no matching PunicaWrapper is found; visual.blocks.16.mlp.linear_fc2 will be ignored.
[36m(vLLMHttpServer pid=3516349)[0m (Worker pid=3517250) WARNING 09-01 22:38:49 [model_manager.py:401] Regarding Qwen3VLForConditionalGeneration, no matching PunicaWrapper is found; visual.blocks.17.attn.qkv will be ignored.
[36m(vLLMHttpServer pid=3516349)[0m (Worker pid=3517250) WARNING 09-01 22:38:49 [model_manager.py:401] Regarding Qwen3VLForConditionalGeneration, no matching PunicaWrapper is found; visual.blocks.17.attn.proj will be ignored.[36m(vLLMHttpServer pid=3516349)[0m (Worker pid=3517250) Capturing CUDA graphs (mixed prefill-decode, PIECEWISE):   0%|          | 0/102 [00:00<?, ?it/s]
[36m(vLLMHttpServer pid=3516349)[0m Capturing CUDA graphs (mixed prefill-decode, PIECEWISE):   1%|          | 1/102 [00:00<00:15,  6.33it/s]
[36m(vLLMHttpServer pid=3516349)[0m Capturing CUDA graphs (mixed prefill-decode, PIECEWISE):   3%|▎         | 3/102 [00:00<00:09, 10.99it/s]
[36m(vLLMHttpServer pid=3516349)[0m Capturing CUDA graphs (mixed prefill-decode, PIECEWISE):   5%|▍         | 5/102 [00:00<00:07, 12.62it/s]
[36m(vLLMHttpServer pid=3516349)[0m Capturing CUDA graphs (mixed prefill-decode, PIECEWISE):   7%|▋         | 7/102 [00:00<00:07, 13.32it/s]
[36m(vLLMHttpServer pid=3516349)[0m Capturing CUDA graphs (mixed prefill-decode, PIECEWISE):   9%|▉         | 9/102 [00:00<00:06, 13.77it/s]
[36m(vLLMHttpServer pid=3516349)[0m Capturing CUDA graphs (mixed prefill-decode, PIECEWISE):  11%|█         | 11/102 [00:00<00:06, 13.95it/s]
[36m(vLLMHttpServer pid=3516349)[0m Capturing CUDA graphs (mixed prefill-decode, PIECEWISE):  13%|█▎        | 13/102 [00:00<00:06, 14.09it/s]
[36m(vLLMHttpServer pid=3516349)[0m Capturing CUDA graphs (mixed prefill-decode, PIECEWISE):  15%|█▍        | 15/102 [00:01<00:06, 14.22it/s]
[36m(vLLMHttpServer pid=3516349)[0m Capturing CUDA graphs (mixed prefill-decode, PIECEWISE):  17%|█▋        | 17/102 [00:01<00:05, 14.28it/s]
[36m(vLLMHttpServer pid=3516349)[0m Capturing CUDA graphs (mixed prefill-decode, PIECEWISE):  19%|█▊        | 19/102 [00:01<00:05, 14.36it/s]
[36m(vLLMHttpServer pid=3516349)[0m Capturing CUDA graphs (mixed prefill-decode, PIECEWISE):  21%|██        | 21/102 [00:01<00:05, 14.41it/s]
[36m(vLLMHttpServer pid=3516349)[0m Capturing CUDA graphs (mixed prefill-decode, PIECEWISE):  23%|██▎       | 23/102 [00:01<00:05, 14.48it/s]
[36m(vLLMHttpServer pid=3516349)[0m Capturing CUDA graphs (mixed prefill-decode, PIECEWISE):  25%|██▍       | 25/102 [00:01<00:05, 14.45it/s]
[36m(vLLMHttpServer pid=3516349)[0m Capturing CUDA graphs (mixed prefill-decode, PIECEWISE):  26%|██▋       | 27/102 [00:01<00:05, 14.48it/s]
[36m(vLLMHttpServer pid=3516349)[0m Capturing CUDA graphs (mixed prefill-decode, PIECEWISE):  28%|██▊       | 29/102 [00:02<00:05, 14.17it/s]
[36m(vLLMHttpServer pid=3516349)[0m Capturing CUDA graphs (mixed prefill-decode, PIECEWISE):  30%|███       | 31/102 [00:02<00:04, 14.27it/s]
[36m(vLLMHttpServer pid=3516349)[0m Capturing CUDA graphs (mixed prefill-decode, PIECEWISE):  32%|███▏      | 33/102 [00:02<00:04, 14.39it/s]
[36m(vLLMHttpServer pid=3516349)[0m Capturing CUDA graphs (mixed prefill-decode, PIECEWISE):  34%|███▍      | 35/102 [00:02<00:04, 14.16it/s]
[36m(vLLMHttpServer pid=3516349)[0m Capturing CUDA graphs (mixed prefill-decode, PIECEWISE):  36%|███▋      | 37/102 [00:02<00:04, 14.25it/s]
[36m(vLLMHttpServer pid=3516349)[0m Capturing CUDA graphs (mixed prefill-decode, PIECEWISE):  38%|███▊      | 39/102 [00:02<00:04, 14.22it/s]
[36m(vLLMHttpServer pid=3516349)[0m Capturing CUDA graphs (mixed prefill-decode, PIECEWISE):  40%|████      | 41/102 [00:02<00:04, 14.29it/s]
[36m(vLLMHttpServer pid=3516349)[0m Capturing CUDA graphs (mixed prefill-decode, PIECEWISE):  42%|████▏     | 43/102 [00:03<00:04, 14.32it/s]
[36m(vLLMHttpServer pid=3516349)[0m Capturing CUDA graphs (mixed prefill-decode, PIECEWISE):  44%|████▍     | 45/102 [00:03<00:03, 14.28it/s]
[36m(vLLMHttpServer pid=3516349)[0m Capturing CUDA graphs (mixed prefill-decode, PIECEWISE):  46%|████▌     | 47/102 [00:03<00:03, 14.27it/s]
[36m(vLLMHttpServer pid=3516349)[0m Capturing CUDA graphs (mixed prefill-decode, PIECEWISE):  48%|████▊     | 49/102 [00:03<00:03, 14.26it/s]
[36m(vLLMHttpServer pid=3516349)[0m Capturing CUDA graphs (mixed prefill-decode, PIECEWISE):  50%|█████     | 51/102 [00:03<00:03, 14.23it/s]
[36m(vLLMHttpServer pid=3516349)[0m Capturing CUDA graphs (mixed prefill-decode, PIECEWISE):  52%|█████▏    | 53/102 [00:03<00:03, 14.22it/s]
[36m(vLLMHttpServer pid=3516349)[0m Capturing CUDA graphs (mixed prefill-decode, PIECEWISE):  54%|█████▍    | 55/102 [00:03<00:03, 14.22it/s]
[36m(vLLMHttpServer pid=3516349)[0m Capturing CUDA graphs (mixed prefill-decode, PIECEWISE):  56%|█████▌    | 57/102 [00:04<00:03, 14.19it/s]
[36m(vLLMHttpServer pid=3516349)[0m Capturing CUDA graphs (mixed prefill-decode, PIECEWISE):  58%|█████▊    | 59/102 [00:04<00:03, 14.21it/s]
[36m(vLLMHttpServer pid=3516349)[0m Capturing CUDA graphs (mixed prefill-decode, PIECEWISE):  60%|█████▉    | 61/102 [00:04<00:02, 14.22it/s]
[36m(vLLMHttpServer pid=3516349)[0m Capturing CUDA graphs (mixed prefill-decode, PIECEWISE):  62%|██████▏   | 63/102 [00:04<00:02, 14.17it/s]
[36m(vLLMHttpServer pid=3516349)[0m Capturing CUDA graphs (mixed prefill-decode, PIECEWISE):  64%|██████▎   | 65/102 [00:04<00:02, 14.15it/s]
[36m(vLLMHttpServer pid=3516349)[0m Capturing CUDA graphs (mixed prefill-decode, PIECEWISE):  66%|██████▌   | 67/102 [00:04<00:02, 13.92it/s]
[36m(vLLMHttpServer pid=3516349)[0m Capturing CUDA graphs (mixed prefill-decode, PIECEWISE):  68%|██████▊   | 69/102 [00:04<00:02, 13.79it/s]
[36m(vLLMHttpServer pid=3516349)[0m Capturing CUDA graphs (mixed prefill-decode, PIECEWISE):  70%|██████▉   | 71/102 [00:05<00:02, 13.85it/s]
[36m(vLLMHttpServer pid=3516349)[0m Capturing CUDA graphs (mixed prefill-decode, PIECEWISE):  72%|███████▏  | 73/102 [00:05<00:02, 13.93it/s]
[36m(vLLMHttpServer pid=3516349)[0m Capturing CUDA graphs (mixed prefill-decode, PIECEWISE):  74%|███████▎  | 75/102 [00:05<00:01, 13.90it/s]
[36m(vLLMHttpServer pid=3516349)[0m Capturing CUDA graphs (mixed prefill-decode, PIECEWISE):  75%|███████▌  | 77/102 [00:05<00:01, 13.93it/s]
[36m(vLLMHttpServer pid=3516349)[0m Capturing CUDA graphs (mixed prefill-decode, PIECEWISE):  77%|███████▋  | 79/102 [00:05<00:01, 13.94it/s]
[36m(vLLMHttpServer pid=3516349)[0m Capturing CUDA graphs (mixed prefill-decode, PIECEWISE):  79%|███████▉  | 81/102 [00:05<00:01, 13.96it/s]
[36m(vLLMHttpServer pid=3516349)[0m Capturing CUDA graphs (mixed prefill-decode, PIECEWISE):  81%|████████▏ | 83/102 [00:05<00:01, 13.94it/s]
[36m(vLLMHttpServer pid=3516349)[0m Capturing CUDA graphs (mixed prefill-decode, PIECEWISE):  83%|████████▎ | 85/102 [00:06<00:01, 13.98it/s]
[36m(vLLMHttpServer pid=3516349)[0m Capturing CUDA graphs (mixed prefill-decode, PIECEWISE):  85%|████████▌ | 87/102 [00:06<00:01, 13.87it/s]
[36m(vLLMHttpServer pid=3516349)[0m Capturing CUDA graphs (mixed prefill-decode, PIECEWISE):  87%|████████▋ | 89/102 [00:06<00:00, 13.91it/s]
[36m(vLLMHttpServer pid=3516349)[0m Capturing CUDA graphs (mixed prefill-decode, PIECEWISE):  89%|████████▉ | 91/102 [00:06<00:00, 13.94it/s]
[36m(vLLMHttpServer pid=3516349)[0m Capturing CUDA graphs (mixed prefill-decode, PIECEWISE):  91%|█████████ | 93/102 [00:06<00:00, 13.98it/s]
[36m(vLLMHttpServer pid=3516349)[0m Capturing CUDA graphs (mixed prefill-decode, PIECEWISE):  93%|█████████▎| 95/102 [00:06<00:00, 13.98it/s]
[36m(vLLMHttpServer pid=3516349)[0m Capturing CUDA graphs (mixed prefill-decode, PIECEWISE):  95%|█████████▌| 97/102 [00:06<00:00, 13.94it/s]
[36m(vLLMHttpServer pid=3516349)[0m Capturing CUDA graphs (mixed prefill-decode, PIECEWISE):  97%|█████████▋| 99/102 [00:07<00:00, 13.35it/s]
[36m(vLLMHttpServer pid=3516349)[0m Capturing CUDA graphs (mixed prefill-decode, PIECEWISE):  99%|█████████▉| 101/102 [00:07<00:00, 12.76it/s]Capturing CUDA graphs (mixed prefill-decode, PIECEWISE): 100%|██████████| 102/102 [00:07<00:00, 13.93it/s]
[36m(vLLMHttpServer pid=3516349)[0m (Worker pid=3517250) Capturing CUDA graphs (decode, FULL):   0%|          | 0/70 [00:00<?, ?it/s]
[36m(vLLMHttpServer pid=3516349)[0m Capturing CUDA graphs (decode, FULL):   1%|▏         | 1/70 [00:00<00:10,  6.41it/s]
[36m(vLLMHttpServer pid=3516349)[0m Capturing CUDA graphs (decode, FULL):   4%|▍         | 3/70 [00:00<00:06, 11.09it/s]
[36m(vLLMHttpServer pid=3516349)[0m Capturing CUDA graphs (decode, FULL):   7%|▋         | 5/70 [00:00<00:05, 12.83it/s]
[36m(vLLMHttpServer pid=3516349)[0m Capturing CUDA graphs (decode, FULL):  10%|█         | 7/70 [00:00<00:04, 13.69it/s]
[36m(vLLMHttpServer pid=3516349)[0m Capturing CUDA graphs (decode, FULL):  13%|█▎        | 9/70 [00:00<00:04, 14.12it/s]
[36m(vLLMHttpServer pid=3516349)[0m Capturing CUDA graphs (decode, FULL):  16%|█▌        | 11/70 [00:00<00:04, 14.45it/s]
[36m(vLLMHttpServer pid=3516349)[0m Capturing CUDA graphs (decode, FULL):  19%|█▊        | 13/70 [00:00<00:03, 14.66it/s]
[36m(vLLMHttpServer pid=3516349)[0m Capturing CUDA graphs (decode, FULL):  21%|██▏       | 15/70 [00:01<00:03, 14.79it/s]
[36m(vLLMHttpServer pid=3516349)[0m Capturing CUDA graphs (decode, FULL):  24%|██▍       | 17/70 [00:01<00:03, 14.73it/s]
[36m(vLLMHttpServer pid=3516349)[0m Capturing CUDA graphs (decode, FULL):  27%|██▋       | 19/70 [00:01<00:03, 14.72it/s]
[36m(vLLMHttpServer pid=3516349)[0m Capturing CUDA graphs (decode, FULL):  30%|███       | 21/70 [00:01<00:03, 14.75it/s]
[36m(vLLMHttpServer pid=3516349)[0m Capturing CUDA graphs (decode, FULL):  33%|███▎      | 23/70 [00:01<00:03, 14.78it/s]
[36m(vLLMHttpServer pid=3516349)[0m Capturing CUDA graphs (decode, FULL):  36%|███▌      | 25/70 [00:01<00:03, 14.81it/s]
[36m(vLLMHttpServer pid=3516349)[0m Capturing CUDA graphs (decode, FULL):  39%|███▊      | 27/70 [00:01<00:02, 14.84it/s]
[36m(vLLMHttpServer pid=3516349)[0m Capturing CUDA graphs (decode, FULL):  41%|████▏     | 29/70 [00:02<00:02, 14.84it/s]
[36m(vLLMHttpServer pid=3516349)[0m Capturing CUDA graphs (decode, FULL):  44%|████▍     | 31/70 [00:02<00:02, 14.74it/s]
[36m(vLLMHttpServer pid=3516349)[0m Capturing CUDA graphs (decode, FULL):  47%|████▋     | 33/70 [00:02<00:02, 14.70it/s]
[36m(vLLMHttpServer pid=3516349)[0m Capturing CUDA graphs (decode, FULL):  50%|█████     | 35/70 [00:02<00:02, 14.69it/s]
[36m(vLLMHttpServer pid=3516349)[0m Capturing CUDA graphs (decode, FULL):  53%|█████▎    | 37/70 [00:02<00:02, 14.71it/s]
[36m(vLLMHttpServer pid=3516349)[0m Capturing CUDA graphs (decode, FULL):  56%|█████▌    | 39/70 [00:02<00:02, 14.69it/s]
[36m(vLLMHttpServer pid=3516349)[0m Capturing CUDA graphs (decode, FULL):  59%|█████▊    | 41/70 [00:02<00:01, 14.74it/s]
[36m(vLLMHttpServer pid=3516349)[0m Capturing CUDA graphs (decode, FULL):  61%|██████▏   | 43/70 [00:02<00:01, 14.81it/s]
[36m(vLLMHttpServer pid=3516349)[0m Capturing CUDA graphs (decode, FULL):  64%|██████▍   | 45/70 [00:03<00:01, 14.84it/s]
[36m(vLLMHttpServer pid=3516349)[0m Capturing CUDA graphs (decode, FULL):  67%|██████▋   | 47/70 [00:03<00:01, 14.87it/s]
[36m(vLLMHttpServer pid=3516349)[0m Capturing CUDA graphs (decode, FULL):  70%|███████   | 49/70 [00:03<00:01, 14.71it/s]
[36m(vLLMHttpServer pid=3516349)[0m Capturing CUDA graphs (decode, FULL):  73%|███████▎  | 51/70 [00:03<00:01, 14.76it/s]
[36m(vLLMHttpServer pid=3516349)[0m Capturing CUDA graphs (decode, FULL):  76%|███████▌  | 53/70 [00:03<00:01, 14.84it/s]
[36m(vLLMHttpServer pid=3516349)[0m Capturing CUDA graphs (decode, FULL):  79%|███████▊  | 55/70 [00:03<00:01, 14.91it/s]
[36m(vLLMHttpServer pid=3516349)[0m Capturing CUDA graphs (decode, FULL):  81%|████████▏ | 57/70 [00:03<00:00, 14.95it/s]
[36m(vLLMHttpServer pid=3516349)[0m Capturing CUDA graphs (decode, FULL):  84%|████████▍ | 59/70 [00:04<00:00, 14.95it/s]
[36m(vLLMHttpServer pid=3516349)[0m Capturing CUDA graphs (decode, FULL):  87%|████████▋ | 61/70 [00:04<00:00, 14.92it/s]
[36m(vLLMHttpServer pid=3516349)[0m Capturing CUDA graphs (decode, FULL):  90%|█████████ | 63/70 [00:04<00:00, 15.00it/s]
[36m(vLLMHttpServer pid=3516349)[0m Capturing CUDA graphs (decode, FULL):  93%|█████████▎| 65/70 [00:04<00:00, 15.00it/s]
[36m(vLLMHttpServer pid=3516349)[0m Capturing CUDA graphs (decode, FULL):  96%|█████████▌| 67/70 [00:04<00:00, 14.96it/s]
[36m(vLLMHttpServer pid=3516349)[0m Capturing CUDA graphs (decode, FULL):  99%|█████████▊| 69/70 [00:04<00:00, 14.91it/s]Capturing CUDA graphs (decode, FULL): 100%|██████████| 70/70 [00:04<00:00, 14.66it/s]
[36m(vLLMHttpServer pid=3516349)[0m (EngineCore pid=3517123) [transformers] The `use_fast` parameter is deprecated and will be removed in a future version. Use `backend="torchvision"` instead of `use_fast=True`, or `backend="pil"` instead of `use_fast=False`.
[36m(WorkerDict pid=3515879)[0m /home/yw4636/.conda/envs/verl/lib/python3.12/site-packages/verl/plugin/platform/platform_cuda.py:99: FutureWarning: torch.cuda._set_allocator_settings is deprecated. Use torch._C._accelerator_setAllocatorSettings instead.
[36m(WorkerDict pid=3515879)[0m   torch.cuda.memory._set_allocator_settings(settings)

[36m(vLLMHttpServer pid=3516349)[0m (Worker pid=3517250) WARNING 09-01 22:38:49 [model_manager.py:401] Regarding Qwen3VLForConditionalGeneration, no matching PunicaWrapper is found; visual.blocks.17.mlp.linear_fc1 will be ignored.
[36m(vLLMHttpServer pid=3516349)[0m (Worker pid=3517250) WARNING 09-01 22:38:49 [model_manager.py:401] Regarding Qwen3VLForConditionalGeneration, no matching PunicaWrapper is found; visual.blocks.17.mlp.linear_fc2 will be ignored.
[36m(vLLMHttpServer pid=3516349)[0m (Worker pid=3517250) WARNING 09-01 22:38:49 [model_manager.py:401] Regarding Qwen3VLForConditionalGeneration, no matching PunicaWrapper is found; visual.blocks.18.attn.qkv will be ignored.
[36m(vLLMHttpServer pid=3516349)[0m (Worker pid=3517250) WARNING 09-01 22:38:49 [model_manager.py:401] Regarding Qwen3VLForConditionalGeneration, no matching PunicaWrapper is found; visual.blocks.18.attn.proj will be ignored.
[36m(vLLMHttpServer pid=3516349)[0m (Worker pid=3517250) WARNING 09-01 22:38:49 [model_manager.py:401] Regarding Qwen3VLForConditionalGeneration, no matching PunicaWrapper is found; visual.blocks.18.mlp.linear_fc1 will be ignored.
[36m(vLLMHttpServer pid=3516349)[0m (Worker pid=3517250) WARNING 09-01 22:38:49 [model_manager.py:401] Regarding Qwen3VLForConditionalGeneration, no matching PunicaWrapper is found; visual.blocks.18.mlp.linear_fc2 will be ignored.
[36m(vLLMHttpServer pid=3516349)[0m (Worker pid=3517250) WARNING 09-01 22:38:49 [model_manager.py:401] Regarding Qwen3VLForConditionalGeneration, no matching PunicaWrapper is found; visual.blocks.19.attn.qkv will be ignored.
[36m(vLLMHttpServer pid=3516349)[0m (Worker pid=3517250) WARNING 09-01 22:38:49 [model_manager.py:401] Regarding Qwen3VLForConditionalGeneration, no matching PunicaWrapper is found; visual.blocks.19.attn.proj will be ignored.
[36m(vLLMHttpServer pid=3516349)[0m (Worker pid=3517250) WARNING 09-01 22:38:49 [model_manager.py:401] Regarding Qwen3VLForConditionalGeneration, no matching PunicaWrapper is found; visual.blocks.19.mlp.linear_fc1 will be ignored.
[36m(vLLMHttpServer pid=3516349)[0m (Worker pid=3517250) WARNING 09-01 22:38:49 [model_manager.py:401] Regarding Qwen3VLForConditionalGeneration, no matching PunicaWrapper is found; visual.blocks.19.mlp.linear_fc2 will be ignored.
[36m(vLLMHttpServer pid=3516349)[0m (Worker pid=3517250) WARNING 09-01 22:38:49 [model_manager.py:401] Regarding Qwen3VLForConditionalGeneration, no matching PunicaWrapper is found; visual.blocks.20.attn.qkv will be ignored.
[36m(vLLMHttpServer pid=3516349)[0m (Worker pid=3517250) WARNING 09-01 22:38:49 [model_manager.py:401] Regarding Qwen3VLForConditionalGeneration, no matching PunicaWrapper is found; visual.blocks.20.attn.proj will be ignored.
[36m(vLLMHttpServer pid=3516349)[0m (Worker pid=3517250) WARNING 09-01 22:38:49 [model_manager.py:401] Regarding Qwen3VLForConditionalGeneration, no matching PunicaWrapper is found; visual.blocks.20.mlp.linear_fc1 will be ignored.
[36m(vLLMHttpServer pid=3516349)[0m (Worker pid=3517250) WARNING 09-01 22:38:49 [model_manager.py:401] Regarding Qwen3VLForConditionalGeneration, no matching PunicaWrapper is found; visual.blocks.20.mlp.linear_fc2 will be ignored.
[36m(vLLMHttpServer pid=3516349)[0m (Worker pid=3517250) WARNING 09-01 22:38:49 [model_manager.py:401] Regarding Qwen3VLForConditionalGeneration, no matching PunicaWrapper is found; visual.blocks.21.attn.qkv will be ignored.
[36m(vLLMHttpServer pid=3516349)[0m (Worker pid=3517250) WARNING 09-01 22:38:49 [model_manager.py:401] Regarding Qwen3VLForConditionalGeneration, no matching PunicaWrapper is found; visual.blocks.21.attn.proj will be ignored.
[36m(vLLMHttpServer pid=3516349)[0m (Worker pid=3517250) WARNING 09-01 22:38:49 [model_manager.py:401] Regarding Qwen3VLForConditionalGeneration, no matching PunicaWrapper is found; visual.blocks.21.mlp.linear_fc1 will be ignored.
[36m(vLLMHttpServer pid=3516349)[0m (Worker pid=3517250) WARNING 09-01 22:38:49 [model_manager.py:401] Regarding Qwen3VLForConditionalGeneration, no matching PunicaWrapper is found; visual.blocks.21.mlp.linear_fc2 will be ignored.
[36m(vLLMHttpServer pid=3516349)[0m (Worker pid=3517250) WARNING 09-01 22:38:49 [model_manager.py:401] Regarding Qwen3VLForConditionalGeneration, no matching PunicaWrapper is found; visual.blocks.22.attn.qkv will be ignored.
[36m(vLLMHttpServer pid=3516349)[0m (Worker pid=3517250) WARNING 09-01 22:38:49 [model_manager.py:401] Regarding Qwen3VLForConditionalGeneration, no matching PunicaWrapper is found; visual.blocks.22.attn.proj will be ignored.
[36m(vLLMHttpServer pid=3516349)[0m (Worker pid=3517250) WARNING 09-01 22:38:49 [model_manager.py:401] Regarding Qwen3VLForConditionalGeneration, no matching PunicaWrapper is found; visual.blocks.22.mlp.linear_fc1 will be ignored.
[36m(vLLMHttpServer pid=3516349)[0m (Worker pid=3517250) WARNING 09-01 22:38:49 [model_manager.py:401] Regarding Qwen3VLForConditionalGeneration, no matching PunicaWrapper is found; visual.blocks.22.mlp.linear_fc2 will be ignored.
[36m(vLLMHttpServer pid=3516349)[0m (Worker pid=3517250) WARNING 09-01 22:38:49 [model_manager.py:401] Regarding Qwen3VLForConditionalGeneration, no matching PunicaWrapper is found; visual.blocks.23.attn.qkv will be ignored.
[36m(vLLMHttpServer pid=3516349)[0m (Worker pid=3517250) WARNING 09-01 22:38:49 [model_manager.py:401] Regarding Qwen3VLForConditionalGeneration, no matching PunicaWrapper is found; visual.blocks.23.attn.proj will be ignored.
[36m(vLLMHttpServer pid=3516349)[0m (Worker pid=3517250) WARNING 09-01 22:38:49 [model_manager.py:401] Regarding Qwen3VLForConditionalGeneration, no matching PunicaWrapper is found; visual.blocks.23.mlp.linear_fc1 will be ignored.
[36m(vLLMHttpServer pid=3516349)[0m (Worker pid=3517250) WARNING 09-01 22:38:49 [model_manager.py:401] Regarding Qwen3VLForConditionalGeneration, no matching PunicaWrapper is found; visual.blocks.23.mlp.linear_fc2 will be ignored.
[36m(vLLMHttpServer pid=3516349)[0m (Worker pid=3517250) WARNING 09-01 22:39:09 [utils.py:279] Using default LoRA kernel configs
[36m(vLLMHttpServer pid=3516349)[0m WARNING 09-01 22:39:30 [api_router.py:30] LoRA dynamic loading & unloading is enabled in the API server. This should ONLY be used for local development!
[36m(vLLMHttpServer pid=3516349)[0m WARNING 09-01 22:39:30 [model.py:1477] Default vLLM sampling parameters have been overridden by the model's `generation_config.json`: `{'repetition_penalty': 1.0, 'temperature': 1.0, 'top_k': -1, 'top_p': 1, 'max_tokens': 16384}`. If this is not intended, please relaunch vLLM instance with `--generation-config vllm`.
[36m(TaskRunner pid=3515518)[0m LLMServerManager: ['10.110.2.5:34519']
[36m(TaskRunner pid=3515518)[0m Saving tensorboard log to /home/yw4636/agentic-tvg/results/grpo-v2/tb.
[36m(TaskRunner pid=3515518)[0m Checkpoint tracker file does not exist: /home/yw4636/agentic-tvg/results/grpo-v2/ckpt/latest_checkpointed_iteration.txt
[36m(TaskRunner pid=3515518)[0m Training from scratch
[36m(AgentLoopWorker pid=3518508)[0m Using dataset class: RLHFDataset
[36m(AgentLoopWorker pid=3518506)[0m {
[36m(AgentLoopWorker pid=3518506)[0m   "type": "function",
[36m(AgentLoopWorker pid=3518506)[0m   "function": {
[36m(AgentLoopWorker pid=3518506)[0m     "name": "crop_video",
[36m(AgentLoopWorker pid=3518506)[0m     "description": "Inspect a time interval of the current video closely: returns 30 higher-resolution frames sampled evenly from [start_time, end_time], each labeled with its timestamp in seconds.",
[36m(AgentLoopWorker pid=3518506)[0m     "parameters": {
[36m(AgentLoopWorker pid=3518506)[0m       "type": "object",
[36m(AgentLoopWorker pid=3518506)[0m       "properties": {
[36m(AgentLoopWorker pid=3518506)[0m         "start_time": {
[36m(AgentLoopWorker pid=3518506)[0m           "type": "number",
[36m(AgentLoopWorker pid=3518506)[0m           "description": "Interval start in seconds, >= 0."
[36m(AgentLoopWorker pid=3518506)[0m         },
[36m(AgentLoopWorker pid=3518506)[0m         "end_time": {
[36m(AgentLoopWorker pid=3518506)[0m           "type": "number",
[36m(AgentLoopWorker pid=3518506)[0m           "description": "Interval end in seconds, > start_time, <= video duration."[36m(WorkerDict pid=3515879)[0m /home/yw4636/.conda/envs/verl/lib/python3.12/site-packages/verl/plugin/platform/platform_cuda.py:99: FutureWarning: torch.cuda._set_allocator_settings is deprecated. Use torch._C._accelerator_setAllocatorSettings instead.
[36m(WorkerDict pid=3515879)[0m   torch.cuda.memory._set_allocator_settings(settings)
[36m(AgentLoopWorker pid=3518514)[0m qwen-vl-utils using torchcodec to read video.

[36m(AgentLoopWorker pid=3518506)[0m         }
[36m(AgentLoopWorker pid=3518506)[0m       },
[36m(AgentLoopWorker pid=3518506)[0m       "required": [
[36m(AgentLoopWorker pid=3518506)[0m         "start_time",
[36m(AgentLoopWorker pid=3518506)[0m         "end_time"
[36m(AgentLoopWorker pid=3518506)[0m       ]
[36m(AgentLoopWorker pid=3518506)[0m     }
[36m(AgentLoopWorker pid=3518506)[0m   }
[36m(AgentLoopWorker pid=3518506)[0m }
[36m(TaskRunner pid=3515518)[0m test_gen_batch meta info: {'eos_token_id': 151645, 'pad_token_id': 151643, 'recompute_log_prob': False, 'do_sample': False, 'validate': True, 'global_steps': 0}
[36m(vLLMHttpServer pid=3516349)[0m WARNING 09-01 22:39:54 [input_processor.py:157] vLLM has deprecated support for supporting different tokenizers for different LoRAs. By default, vLLM uses base model's tokenizer. If you are using a LoRA with its own tokenizer, consider specifying `--tokenizer [lora_path]` to use the LoRA tokenizer.
[36m(vLLMHttpServer pid=3516349)[0m WARNING 09-01 22:39:54 [input_processor.py:282] Passing raw prompts to InputProcessor is deprecated and will be removed in v0.18. You should instead pass the outputs of Renderer.render_cmpl() or Renderer.render_chat().
[36m(AgentLoopWorker pid=3518510)[0m Using dataset class: RLHFDataset[32m [repeated 7x across cluster] (Ray deduplicates logs by default. Set RAY_DEDUP_LOGS=0 to disable log deduplication, or see https://docs.ray.io/en/master/ray-observability/user-guides/configure-logging.html#log-deduplication for more options.)[0m
[36m(AgentLoopWorker pid=3518510)[0m {[32m [repeated 7x across cluster][0m
[36m(AgentLoopWorker pid=3518510)[0m   "type": "function",[32m [repeated 7x across cluster][0m
[36m(AgentLoopWorker pid=3518510)[0m   "function": {[32m [repeated 7x across cluster][0m
[36m(AgentLoopWorker pid=3518510)[0m     "name": "crop_video",[32m [repeated 7x across cluster][0m
[36m(AgentLoopWorker pid=3518510)[0m     "description": "Inspect a time interval of the current video closely: returns 30 higher-resolution frames sampled evenly from [start_time, end_time], each labeled with its timestamp in seconds.",[32m [repeated 7x across cluster][0m
[36m(AgentLoopWorker pid=3518510)[0m     "parameters": {[32m [repeated 7x across cluster][0m
[36m(AgentLoopWorker pid=3518510)[0m       "type": "object",[32m [repeated 7x across cluster][0m
[36m(AgentLoopWorker pid=3518510)[0m       "properties": {[32m [repeated 7x across cluster][0m
[36m(AgentLoopWorker pid=3518510)[0m         "start_time": {[32m [repeated 7x across cluster][0m
[36m(AgentLoopWorker pid=3518510)[0m           "type": "number",[32m [repeated 14x across cluster][0m
[36m(AgentLoopWorker pid=3518510)[0m           "description": "Interval start in seconds, >= 0."[32m [repeated 7x across cluster][0m
[36m(AgentLoopWorker pid=3518510)[0m       },[32m [repeated 14x across cluster][0m
[36m(AgentLoopWorker pid=3518510)[0m         "end_time": {[32m [repeated 7x across cluster][0m
[36m(AgentLoopWorker pid=3518510)[0m           "description": "Interval end in seconds, > start_time, <= video duration."[32m [repeated 7x across cluster][0m
[36m(AgentLoopWorker pid=3518510)[0m }[32m [repeated 28x across cluster][0m
[36m(AgentLoopWorker pid=3518510)[0m       "required": [[32m [repeated 7x across cluster][0m
[36m(AgentLoopWorker pid=3518510)[0m         "start_time",[32m [repeated 7x across cluster][0m
[36m(AgentLoopWorker pid=3518510)[0m         "end_time"[32m [repeated 7x across cluster][0m
[36m(AgentLoopWorker pid=3518510)[0m       ][32m [repeated 7x across cluster][0m
[36m(vLLMHttpServer pid=3516349)[0m (Worker pid=3517250) WARNING 09-01 22:39:54 [jit_monitor.py:106] Triton kernel JIT compilation during inference: _compute_slot_mapping_kernel. This causes a latency spike; consider extending warmup to cover this shape/config.
[36m(vLLMHttpServer pid=3516349)[0m (Worker pid=3517250) WARNING 09-01 22:39:54 [jit_monitor.py:106] Triton kernel JIT compilation during inference: _bilinear_pos_embed_kernel. This causes a latency spike; consider extending warmup to cover this shape/config.
[36m(vLLMHttpServer pid=3516349)[0m (Worker pid=3517250) WARNING 09-01 22:39:54 [jit_monitor.py:106] Triton kernel JIT compilation during inference: rotary_kernel. This causes a latency spike; consider extending warmup to cover this shape/config.
[36m(vLLMHttpServer pid=3516349)[0m (Worker pid=3517250) WARNING 09-01 22:39:55 [jit_monitor.py:106] Triton kernel JIT compilation during inference: _lora_expand_kernel. This causes a latency spike; consider extending warmup to cover this shape/config.
[36m(TaskRunner pid=3515518)[0m validation generation end
[36m(TaskRunner pid=3515518)[0m test_gen_batch meta info: {'eos_token_id': 151645, 'pad_token_id': 151643, 'recompute_log_prob': False, 'do_sample': False, 'validate': True, 'global_steps': 0}
[36m(TaskRunner pid=3515518)[0m validation generation end
[36m(TaskRunner pid=3515518)[0m test_gen_batch meta info: {'eos_token_id': 151645, 'pad_token_id': 151643, 'recompute_log_prob': False, 'do_sample': False, 'validate': True, 'global_steps': 0}
[36m(TaskRunner pid=3515518)[0m validation generation end
[36m(TaskRunner pid=3515518)[0m test_gen_batch meta info: {'eos_token_id': 151645, 'pad_token_id': 151643, 'recompute_log_prob': False, 'do_sample': False, 'validate': True, 'global_steps': 0}
[36m(TaskRunner pid=3515518)[0m validation generation end
[36m(TaskRunner pid=3515518)[0m test_gen_batch meta info: {'eos_token_id': 151645, 'pad_token_id': 151643, 'recompute_log_prob': False, 'do_sample': False, 'validate': True, 'global_steps': 0}
[36m(TaskRunner pid=3515518)[0m validation generation end
[36m(TaskRunner pid=3515518)[0m test_gen_batch meta info: {'eos_token_id': 151645, 'pad_token_id': 151643, 'recompute_log_prob': False, 'do_sample': False, 'validate': True, 'global_steps': 0}
[36m(TaskRunner pid=3515518)[0m validation generation end
[36m(TaskRunner pid=3515518)[0m test_gen_batch meta info: {'eos_token_id': 151645, 'pad_token_id': 151643, 'recompute_log_prob': False, 'do_sample': False, 'validate': True, 'global_steps': 0}
[36m(TaskRunner pid=3515518)[0m validation generation end
[36m(TaskRunner pid=3515518)[0m test_gen_batch meta info: {'eos_token_id': 151645, 'pad_token_id': 151643, 'recompute_log_prob': False, 'do_sample': False, 'validate': True, 'global_steps': 0}
[36m(TaskRunner pid=3515518)[0m validation generation end
[36m(TaskRunner pid=3515518)[0m test_gen_batch meta info: {'eos_token_id': 151645, 'pad_token_id': 151643, 'recompute_log_prob': False, 'do_sample': False, 'validate': True, 'global_steps': 0}
[36m(TaskRunner pid=3515518)[0m validation generation end
[36m(TaskRunner pid=3515518)[0m test_gen_batch meta info: {'eos_token_id': 151645, 'pad_token_id': 151643, 'recompute_log_prob': False, 'do_sample': False, 'validate': True, 'global_steps': 0}
[36m(TaskRunner pid=3515518)[0m validation generation end
[36m(TaskRunner pid=3515518)[0m test_gen_batch meta info: {'eos_token_id': 151645, 'pad_token_id': 151643, 'recompute_log_prob': False, 'do_sample': False, 'validate': True, 'global_steps': 0}
[36m(TaskRunner pid=3515518)[0m validation generation end
[36m(TaskRunner pid=3515518)[0m test_gen_batch meta info: {'eos_token_id': 151645, 'pad_token_id': 151643, 'recompute_log_prob': False, 'do_sample': False, 'validate': True, 'global_steps': 0}
[36m(TaskRunner pid=3515518)[0m validation generation end
[36m(TaskRunner pid=3515518)[0m test_gen_batch meta info: {'eos_token_id': 151645, 'pad_token_id': 151643, 'recompute_log_prob': False, 'do_sample': False, 'validate': True, 'global_steps': 0}
[36m(TaskRunner pid=3515518)[0m validation generation end
[36m(TaskRunner pid=3515518)[0m test_gen_batch meta info: {'eos_token_id': 151645, 'pad_token_id': 151643, 'recompute_log_prob': False, 'do_sample': False, 'validate': True, 'global_steps': 0}
[36m(TaskRunner pid=3515518)[0m validation generation end
[36m(TaskRunner pid=3515518)[0m test_gen_batch meta info: {'eos_token_id': 151645, 'pad_token_id': 151643, 'recompute_log_prob': False, 'do_sample': False, 'validate': True, 'global_steps': 0}
[36m(TaskRunner pid=3515518)[0m validation generation end
[36m(TaskRunner pid=3515518)[0m test_gen_batch meta info: {'eos_token_id': 151645, 'pad_token_id': 151643, 'recompute_log_prob': False, 'do_sample': False, 'validate': True, 'global_steps': 0}
[36m(TaskRunner pid=3515518)[0m validation generation end
[36m(TaskRunner pid=3515518)[0m test_gen_batch meta info: {'eos_token_id': 151645, 'pad_token_id': 151643, 'recompute_log_prob': False, 'do_sample': False, 'validate': True, 'global_steps': 0}
[36m(TaskRunner pid=3515518)[0m validation generation end
[36m(TaskRunner pid=3515518)[0m test_gen_batch meta info: {'eos_token_id': 151645, 'pad_token_id': 151643, 'recompute_log_prob': False, 'do_sample': False, 'validate': True, 'global_steps': 0}
[36m(TaskRunner pid=3515518)[0m validation generation end
[36m(TaskRunner pid=3515518)[0m test_gen_batch meta info: {'eos_token_id': 151645, 'pad_token_id': 151643, 'recompute_log_prob': False, 'do_sample': False, 'validate': True, 'global_steps': 0}
[36m(TaskRunner pid=3515518)[0m validation generation end
[36m(TaskRunner pid=3515518)[0m test_gen_batch meta info: {'eos_token_id': 151645, 'pad_token_id': 151643, 'recompute_log_prob': False, 'do_sample': False, 'validate': True, 'global_steps': 0}
[36m(TaskRunner pid=3515518)[0m validation generation end
[36m(TaskRunner pid=3515518)[0m test_gen_batch meta info: {'eos_token_id': 151645, 'pad_token_id': 151643, 'recompute_log_prob': False, 'do_sample': False, 'validate': True, 'global_steps': 0}
[36m(TaskRunner pid=3515518)[0m validation generation end
[36m(TaskRunner pid=3515518)[0m test_gen_batch meta info: {'eos_token_id': 151645, 'pad_token_id': 151643, 'recompute_log_prob': False, 'do_sample': False, 'validate': True, 'global_steps': 0}
[36m(TaskRunner pid=3515518)[0m validation generation end
[36m(TaskRunner pid=3515518)[0m test_gen_batch meta info: {'eos_token_id': 151645, 'pad_token_id': 151643, 'recompute_log_prob': False, 'do_sample': False, 'validate': True, 'global_steps': 0}
[36m(TaskRunner pid=3515518)[0m validation generation end
[36m(TaskRunner pid=3515518)[0m test_gen_batch meta info: {'eos_token_id': 151645, 'pad_token_id': 151643, 'recompute_log_prob': False, 'do_sample': False, 'validate': True, 'global_steps': 0}
[36m(TaskRunner pid=3515518)[0m validation generation end
[36m(TaskRunner pid=3515518)[0m test_gen_batch meta info: {'eos_token_id': 151645, 'pad_token_id': 151643, 'recompute_log_prob': False, 'do_sample': False, 'validate': True, 'global_steps': 0}
[36m(TaskRunner pid=3515518)[0m validation generation end
[36m(TaskRunner pid=3515518)[0m test_gen_batch meta info: {'eos_token_id': 151645, 'pad_token_id': 151643, 'recompute_log_prob': False, 'do_sample': False, 'validate': True, 'global_steps': 0}
[36m(TaskRunner pid=3515518)[0m validation generation end
[36m(TaskRunner pid=3515518)[0m test_gen_batch meta info: {'eos_token_id': 151645, 'pad_token_id': 151643, 'recompute_log_prob': False, 'do_sample': False, 'validate': True, 'global_steps': 0}
[36m(TaskRunner pid=3515518)[0m validation generation end
[36m(TaskRunner pid=3515518)[0m test_gen_batch meta info: {'eos_token_id': 151645, 'pad_token_id': 151643, 'recompute_log_prob': False, 'do_sample': False, 'validate': True, 'global_steps': 0}
[36m(TaskRunner pid=3515518)[0m validation generation end
[36m(TaskRunner pid=3515518)[0m test_gen_batch meta info: {'eos_token_id': 151645, 'pad_token_id': 151643, 'recompute_log_prob': False, 'do_sample': False, 'validate': True, 'global_steps': 0}
[36m(TaskRunner pid=3515518)[0m validation generation end
[36m(TaskRunner pid=3515518)[0m test_gen_batch meta info: {'eos_token_id': 151645, 'pad_token_id': 151643, 'recompute_log_prob': False, 'do_sample': False, 'validate': True, 'global_steps': 0}
[36m(TaskRunner pid=3515518)[0m validation generation end
[36m(TaskRunner pid=3515518)[0m test_gen_batch meta info: {'eos_token_id': 151645, 'pad_token_id': 151643, 'recompute_log_prob': False, 'do_sample': False, 'validate': True, 'global_steps': 0}
[36m(TaskRunner pid=3515518)[0m validation generation end
[36m(TaskRunner pid=3515518)[0m test_gen_batch meta info: {'eos_token_id': 151645, 'pad_token_id': 151643, 'recompute_log_prob': False, 'do_sample': False, 'validate': True, 'global_steps': 0}
[36m(TaskRunner pid=3515518)[0m validation generation end
[36m(TaskRunner pid=3515518)[0m test_gen_batch meta info: {'eos_token_id': 151645, 'pad_token_id': 151643, 'recompute_log_prob': False, 'do_sample': False, 'validate': True, 'global_steps': 0}
[36m(TaskRunner pid=3515518)[0m validation generation end
[36m(TaskRunner pid=3515518)[0m test_gen_batch meta info: {'eos_token_id': 151645, 'pad_token_id': 151643, 'recompute_log_prob': False, 'do_sample': False, 'validate': True, 'global_steps': 0}
[36m(TaskRunner pid=3515518)[0m validation generation end
[36m(TaskRunner pid=3515518)[0m test_gen_batch meta info: {'eos_token_id': 151645, 'pad_token_id': 151643, 'recompute_log_prob': False, 'do_sample': False, 'validate': True, 'global_steps': 0}
[36m(TaskRunner pid=3515518)[0m validation generation end
[36m(TaskRunner pid=3515518)[0m test_gen_batch meta info: {'eos_token_id': 151645, 'pad_token_id': 151643, 'recompute_log_prob': False, 'do_sample': False, 'validate': True, 'global_steps': 0}
[36m(TaskRunner pid=3515518)[0m validation generation end
[36m(TaskRunner pid=3515518)[0m test_gen_batch meta info: {'eos_token_id': 151645, 'pad_token_id': 151643, 'recompute_log_prob': False, 'do_sample': False, 'validate': True, 'global_steps': 0}
[36m(TaskRunner pid=3515518)[0m validation generation end
[36m(TaskRunner pid=3515518)[0m test_gen_batch meta info: {'eos_token_id': 151645, 'pad_token_id': 151643, 'recompute_log_prob': False, 'do_sample': False, 'validate': True, 'global_steps': 0}
[36m(TaskRunner pid=3515518)[0m validation generation end
[36m(TaskRunner pid=3515518)[0m test_gen_batch meta info: {'eos_token_id': 151645, 'pad_token_id': 151643, 'recompute_log_prob': False, 'do_sample': False, 'validate': True, 'global_steps': 0}
[36m(TaskRunner pid=3515518)[0m validation generation end
[36m(TaskRunner pid=3515518)[0m test_gen_batch meta info: {'eos_token_id': 151645, 'pad_token_id': 151643, 'recompute_log_prob': False, 'do_sample': False, 'validate': True, 'global_steps': 0}
[36m(TaskRunner pid=3515518)[0m validation generation end
[36m(TaskRunner pid=3515518)[0m test_gen_batch meta info: {'eos_token_id': 151645, 'pad_token_id': 151643, 'recompute_log_prob': False, 'do_sample': False, 'validate': True, 'global_steps': 0}
[36m(TaskRunner pid=3515518)[0m validation generation end
[36m(TaskRunner pid=3515518)[0m test_gen_batch meta info: {'eos_token_id': 151645, 'pad_token_id': 151643, 'recompute_log_prob': False, 'do_sample': False, 'validate': True, 'global_steps': 0}
[36m(TaskRunner pid=3515518)[0m validation generation end
[36m(TaskRunner pid=3515518)[0m test_gen_batch meta info: {'eos_token_id': 151645, 'pad_token_id': 151643, 'recompute_log_prob': False, 'do_sample': False, 'validate': True, 'global_steps': 0}
[36m(TaskRunner pid=3515518)[0m validation generation end
[36m(TaskRunner pid=3515518)[0m test_gen_batch meta info: {'eos_token_id': 151645, 'pad_token_id': 151643, 'recompute_log_prob': False, 'do_sample': False, 'validate': True, 'global_steps': 0}
[36m(TaskRunner pid=3515518)[0m validation generation end
[36m(TaskRunner pid=3515518)[0m test_gen_batch meta info: {'eos_token_id': 151645, 'pad_token_id': 151643, 'recompute_log_prob': False, 'do_sample': False, 'validate': True, 'global_steps': 0}
[36m(TaskRunner pid=3515518)[0m validation generation end
[36m(TaskRunner pid=3515518)[0m test_gen_batch meta info: {'eos_token_id': 151645, 'pad_token_id': 151643, 'recompute_log_prob': False, 'do_sample': False, 'validate': True, 'global_steps': 0}
[36m(TaskRunner pid=3515518)[0m validation generation end
[36m(TaskRunner pid=3515518)[0m test_gen_batch meta info: {'eos_token_id': 151645, 'pad_token_id': 151643, 'recompute_log_prob': False, 'do_sample': False, 'validate': True, 'global_steps': 0}
[36m(TaskRunner pid=3515518)[0m validation generation end[36m(TaskRunner pid=3515518)[0m Training Progress:   0%|          | 0/133 [00:00<?, ?it/s]
[36m(AgentLoopWorker pid=3518508)[0m qwen-vl-utils using torchcodec to read video.[32m [repeated 7x across cluster][0m
[36m(TaskRunner pid=3515518)[0m W0901 23:16:45.093000 3515518 site-packages/torch/fx/_symbolic_trace.py:53] is_fx_tracing will return true for both fx.symbolic_trace and torch.export. Please use is_fx_tracing_symbolic_tracing() for specifically fx.symbolic_trace or torch.compiler.is_compiling() for specifically torch.export/compile.
[36m(WorkerDict pid=3515879)[0m [rank0]:W0901 23:17:25.541000 3515879 site-packages/torch/fx/_symbolic_trace.py:53] is_fx_tracing will return true for both fx.symbolic_trace and torch.export. Please use is_fx_tracing_symbolic_tracing() for specifically fx.symbolic_trace or torch.compiler.is_compiling() for specifically torch.export/compile.
[36m(WorkerDict pid=3515879)[0m /home/yw4636/.conda/envs/verl/lib/python3.12/site-packages/verl/plugin/platform/platform_cuda.py:99: FutureWarning: torch.cuda._set_allocator_settings is deprecated. Use torch._C._accelerator_setAllocatorSettings instead.
[36m(WorkerDict pid=3515879)[0m   torch.cuda.memory._set_allocator_settings(settings)

[36m(TaskRunner pid=3515518)[0m test_gen_batch meta info: {'eos_token_id': 151645, 'pad_token_id': 151643, 'recompute_log_prob': False, 'do_sample': False, 'validate': True, 'global_steps': 0}
[36m(TaskRunner pid=3515518)[0m validation generation end
[36m(TaskRunner pid=3515518)[0m test_gen_batch meta info: {'eos_token_id': 151645, 'pad_token_id': 151643, 'recompute_log_prob': False, 'do_sample': False, 'validate': True, 'global_steps': 0}
[36m(TaskRunner pid=3515518)[0m validation generation end
[36m(TaskRunner pid=3515518)[0m test_gen_batch meta info: {'eos_token_id': 151645, 'pad_token_id': 151643, 'recompute_log_prob': False, 'do_sample': False, 'validate': True, 'global_steps': 0}
[36m(TaskRunner pid=3515518)[0m validation generation end
[36m(TaskRunner pid=3515518)[0m test_gen_batch meta info: {'eos_token_id': 151645, 'pad_token_id': 151643, 'recompute_log_prob': False, 'do_sample': False, 'validate': True, 'global_steps': 0}
[36m(TaskRunner pid=3515518)[0m validation generation end
[36m(TaskRunner pid=3515518)[0m test_gen_batch meta info: {'eos_token_id': 151645, 'pad_token_id': 151643, 'recompute_log_prob': False, 'do_sample': False, 'validate': True, 'global_steps': 0}
[36m(TaskRunner pid=3515518)[0m validation generation end
[36m(TaskRunner pid=3515518)[0m test_gen_batch meta info: {'eos_token_id': 151645, 'pad_token_id': 151643, 'recompute_log_prob': False, 'do_sample': False, 'validate': True, 'global_steps': 0}
[36m(TaskRunner pid=3515518)[0m validation generation end
[36m(TaskRunner pid=3515518)[0m test_gen_batch meta info: {'eos_token_id': 151645, 'pad_token_id': 151643, 'recompute_log_prob': False, 'do_sample': False, 'validate': True, 'global_steps': 0}
[36m(TaskRunner pid=3515518)[0m validation generation end
[36m(TaskRunner pid=3515518)[0m test_gen_batch meta info: {'eos_token_id': 151645, 'pad_token_id': 151643, 'recompute_log_prob': False, 'do_sample': False, 'validate': True, 'global_steps': 0}
[36m(TaskRunner pid=3515518)[0m validation generation end
[36m(TaskRunner pid=3515518)[0m test_gen_batch meta info: {'eos_token_id': 151645, 'pad_token_id': 151643, 'recompute_log_prob': False, 'do_sample': False, 'validate': True, 'global_steps': 0}
[36m(TaskRunner pid=3515518)[0m validation generation end
[36m(TaskRunner pid=3515518)[0m test_gen_batch meta info: {'eos_token_id': 151645, 'pad_token_id': 151643, 'recompute_log_prob': False, 'do_sample': False, 'validate': True, 'global_steps': 0}
[36m(TaskRunner pid=3515518)[0m validation generation end
[36m(TaskRunner pid=3515518)[0m ("Initial validation metrics: {'val-aux/longvt_longvt-val/reward/mean@1': "
[36m(TaskRunner pid=3515518)[0m  "np.float64(1.1488618505628485), 'val-aux/longvt_longvt-val/score/mean@1': "
[36m(TaskRunner pid=3515518)[0m  "np.float64(1.1488618507050643), 'val-core/longvt_longvt-val/acc/mean@1': "
[36m(TaskRunner pid=3515518)[0m  'np.float64(0.5087719298245614), '
[36m(TaskRunner pid=3515518)[0m  "'val-aux/longvt_longvt-val/format_score/mean@1': "
[36m(TaskRunner pid=3515518)[0m  'np.float64(0.4824561403508772), '
[36m(TaskRunner pid=3515518)[0m  "'val-aux/longvt_longvt-val/evidence_iou/mean@1': "
[36m(TaskRunner pid=3515518)[0m  'np.float64(0.15763378052962576), '
[36m(TaskRunner pid=3515518)[0m  "'val-aux/longvt_longvt-val/answered/mean@1': np.float64(0.9649122807017544), "
[36m(TaskRunner pid=3515518)[0m  "'val-aux/longvt_longvt-val/num_tool_calls/mean@1': "
[36m(TaskRunner pid=3515518)[0m  'np.float64(0.9824561403508771), '
[36m(TaskRunner pid=3515518)[0m  "'val-aux/longvt_longvt-val/judge_used/mean@1': "
[36m(TaskRunner pid=3515518)[0m  "np.float64(0.9649122807017544), 'val-aux/num_turns/min': np.int32(2), "
[36m(TaskRunner pid=3515518)[0m  "'val-aux/num_turns/max': np.int32(4), 'val-aux/num_turns/mean': "
[36m(TaskRunner pid=3515518)[0m  'np.float64(3.9649122807017543)}')
[36m(TaskRunner pid=3515518)[0m step:0 - val-aux/longvt_longvt-val/reward/mean@1:np.float64(1.1488618505628485) - val-aux/longvt_longvt-val/score/mean@1:np.float64(1.1488618507050643) - val-core/longvt_longvt-val/acc/mean@1:np.float64(0.5087719298245614) - val-aux/longvt_longvt-val/format_score/mean@1:np.float64(0.4824561403508772) - val-aux/longvt_longvt-val/evidence_iou/mean@1:np.float64(0.15763378052962576) - val-aux/longvt_longvt-val/answered/mean@1:np.float64(0.9649122807017544) - val-aux/longvt_longvt-val/num_tool_calls/mean@1:np.float64(0.9824561403508771) - val-aux/longvt_longvt-val/judge_used/mean@1:np.float64(0.9649122807017544) - val-aux/num_turns/min:np.int32(2) - val-aux/num_turns/max:np.int32(4) - val-aux/num_turns/mean:np.float64(3.9649122807017543)
[36m(TaskRunner pid=3515518)[0m Dumped generations to /home/yw4636/agentic-tvg/results/grpo-v2/val_rollouts/0.jsonl
[36m(TaskRunner pid=3515518)[0m Dumped generations to /home/yw4636/agentic-tvg/results/grpo-v2/rollouts/1.jsonl
[36m(TaskRunner pid=3515518)[0m step:1 - global_seqlen/min:926381 - global_seqlen/max:926381 - global_seqlen/minmax_diff:0 - global_seqlen/balanced_min:926381 - global_seqlen/balanced_max:926381 - global_seqlen/mean:926381.0 - actor/entropy:1.1133043766021729 - perf/mfu/actor_infer:0.2956883020097452 - training/rollout_probs_diff_valid:1 - training/rollout_probs_diff_max:0.30088135600090027 - training/rollout_probs_diff_mean:0.008818800561130047 - training/rollout_probs_diff_std:0.013377530500292778 - training/rollout_actor_probs_pearson_corr:0.9990849494934082 - rollout_corr/training_ppl:3.0402371883392334 - rollout_corr/training_log_ppl:1.0876336097717285 - rollout_corr/kl:0.0023889653384685516 - rollout_corr/k3_kl:0.0023992564529180527 - rollout_corr/rollout_ppl:3.033073902130127 - rollout_corr/rollout_log_ppl:1.0852553844451904 - rollout_corr/log_ppl_diff:0.002378331031650305 - rollout_corr/log_ppl_abs_diff:0.0031672068871557713 - rollout_corr/log_ppl_diff_max:0.010970115661621094 - rollout_corr/log_ppl_diff_min:-0.0055811405181884766 - rollout_corr/ppl_ratio:1.0023860931396484 - rollout_corr/chi2_token:0.004903554916381836 - rollout_corr/chi2_seq:1.6159892082214355 - actor/pg_clipfrac:np.float64(0.0) - actor/ppo_kl:np.float64(0.0) - actor/pg_clipfrac_lower:np.float64(0.0) - actor/pg_loss:np.float64(0.022380043508746894) - actor/kl_loss:np.float64(0.0) - actor/kl_coef:np.float64(0.0010000000000000002) - actor/loss:np.float64(0.022380037233233452) - actor/grad_norm:np.float64(0.05382270738482475) - actor/lr:np.float64(1e-05) - actor/perf/max_memory_allocated_gb:np.float64(38.797362327575684) - actor/perf/max_memory_reserved_gb:np.float64(41.849609375) - actor/perf/cpu_memory_used_gb:np.float64(98.70663070678711) - perf/mfu/actor:np.float64(0.3332768060738977) - training/global_step:1 - training/epoch:0 - critic/score/mean:1.1939882040023804 - critic/score/max:2.2909605503082275 - critic/score/min:0.5 - critic/rewards/mean:1.1939882040023804 - critic/rewards/max:2.2909605503082275 - critic/rewards/min:0.5 - critic/advantages/mean:-0.022380048409104347 - critic/advantages/max:2.703693389892578 - critic/advantages/min:-2.725558042526245 - critic/returns/mean:-0.022380048409104347 - critic/returns/max:2.703693389892578 - critic/returns/min:-2.725558042526245 - response_length/mean:3243.1015625 - response_length/max:3682.0 - response_length/min:2958.0 - response_length/clip_ratio:0.0 - response_length_non_aborted/mean:3243.1015625 - response_length_non_aborted/max:3682.0 - response_length_non_aborted/min:2958.0 - response_length_non_aborted/clip_ratio:0.0 - response/aborted_ratio:0.0 - prompt_length/mean:3994.25 - prompt_length/max:4145.0 - prompt_length/min:3940.0 - prompt_length/clip_ratio:0.0 - num_turns/min:np.int32(4) - num_turns/max:np.int32(4) - num_turns/mean:np.float64(4.0) - timing_s/start_profile:0.0002188009675592184 - timing_s/agent_loop/num_preempted/min:np.int64(-1) - timing_s/agent_loop/num_preempted/max:np.int64(-1) - timing_s/agent_loop/num_preempted/mean:np.float64(-1.0) - timing_s/agent_loop/generate_sequences/min:np.float64(65.54794100404251) - timing_s/agent_loop/generate_sequences/max:np.float64(118.16087027802132) - timing_s/agent_loop/generate_sequences/mean:np.float64(100.78098271465205) - timing_s/agent_loop/tool_calls/min:np.float64(0.06640028895344585) - timing_s/agent_loop/tool_calls/max:np.float64(0.7710219490109012) - timing_s/agent_loop/tool_calls/mean:np.float64(0.12937582968788774) - timing_s/agent_loop/compute_score/min:np.float64(0.3175974260084331) - timing_s/agent_loop/compute_score/max:np.float64(27.755439923959784) - timing_s/agent_loop/compute_score/mean:np.float64(2.617838807935186) - timing_s/agent_loop/slowest/generate_sequences:np.float64(112.54181037505623) - timing_s/agent_loop/slowest/tool_calls:np.float64(0.12375429400708526) - timing_s/agent_loop/slowest/compute_score:np.float64(10.756517553003505) - timing_s/agent_loop/slowest/num_preempted:np.int64(-1) - timing_s/agent_loop/slowest/prompt_length:3950 - timing_s/agent_loop/slowest/response_length:3408 - timing_s/gen:147.60019170097075 - timing_s/reward:2.58350046351552e-05 - timing_s/old_log_prob:147.46966725797392 - timing_s/ref:150.6369053069502 - timing_s/adv:0.18200925295241177 - timing_s/update_actor:337.89461156900506 - timing_s/update_weights:3.9129117110278457 - timing_s/dump_rollout_generations:0.3183860989520326 - timing_s/step:788.1773354220204 - timing_s/stop_profile:6.628199480473995e-05 - timing_per_token_ms/adv:0.00019647343042701845 - timing_per_token_ms/update_actor:0.3647469146808981 - timing_per_token_ms/gen:0.35556286950659877 - timing_per_token_ms/ref:0.16260793918155728 - perf/total_num_tokens:926381 - perf/time_per_step:788.1773354220204 - perf/throughput:1175.345900429857[36m(TaskRunner pid=3515518)[0m Training Progress:   1%|          | 1/133 [13:08<28:54:28, 788.40s/it]
[36m(TaskRunner pid=3515518)[0m Training Progress:   2%|▏         | 2/133 [26:20<28:45:44, 790.41s/it]

[36m(TaskRunner pid=3515518)[0m Dumped generations to /home/yw4636/agentic-tvg/results/grpo-v2/rollouts/2.jsonl
[36m(TaskRunner pid=3515518)[0m step:2 - global_seqlen/min:931665 - global_seqlen/max:931665 - global_seqlen/minmax_diff:0 - global_seqlen/balanced_min:931665 - global_seqlen/balanced_max:931665 - global_seqlen/mean:931665.0 - actor/entropy:1.1676511764526367 - perf/mfu/actor_infer:0.2906747994864493 - training/rollout_probs_diff_valid:1 - training/rollout_probs_diff_max:0.294529527425766 - training/rollout_probs_diff_mean:0.008853227831423283 - training/rollout_probs_diff_std:0.013164987787604332 - training/rollout_actor_probs_pearson_corr:0.9990972876548767 - rollout_corr/training_ppl:3.22057843208313 - rollout_corr/training_log_ppl:1.1423373222351074 - rollout_corr/kl:0.001999347237870097 - rollout_corr/k3_kl:0.002419400494545698 - rollout_corr/rollout_ppl:3.213338613510132 - rollout_corr/rollout_log_ppl:1.140141248703003 - rollout_corr/log_ppl_diff:0.0021959785372018814 - rollout_corr/log_ppl_abs_diff:0.00329770240932703 - rollout_corr/log_ppl_diff_max:0.018768906593322754 - rollout_corr/log_ppl_diff_min:-0.007728517055511475 - rollout_corr/ppl_ratio:1.0022053718566895 - rollout_corr/chi2_token:0.0055925846099853516 - rollout_corr/chi2_seq:21.96133804321289 - actor/pg_clipfrac:np.float64(0.0) - actor/ppo_kl:np.float64(0.0) - actor/pg_clipfrac_lower:np.float64(0.0) - actor/pg_loss:np.float64(0.01867747333017178) - actor/kl_loss:np.float64(0.0007490137595596025) - actor/kl_coef:np.float64(0.0010000000000000002) - actor/loss:np.float64(0.0186782106757164) - actor/grad_norm:np.float64(0.05026499927043915) - actor/lr:np.float64(1e-05) - actor/perf/max_memory_allocated_gb:np.float64(39.1478853225708) - actor/perf/max_memory_reserved_gb:np.float64(42.060546875) - actor/perf/cpu_memory_used_gb:np.float64(99.05481338500977) - perf/mfu/actor:np.float64(0.3407620002673735) - training/global_step:2 - training/epoch:0 - critic/score/mean:1.2901902198791504 - critic/score/max:2.4221127033233643 - critic/score/min:0.5 - critic/rewards/mean:1.2901902198791504 - critic/rewards/max:2.4221127033233643 - critic/rewards/min:0.5 - critic/advantages/mean:-0.01867746375501156 - critic/advantages/max:3.7499141693115234 - critic/advantages/min:-2.2272865772247314 - critic/returns/mean:-0.01867746375501156 - critic/returns/max:3.7499141693115234 - critic/returns/min:-2.2272865772247314 - response_length/mean:3259.6328125 - response_length/max:3590.0 - response_length/min:2963.0 - response_length/clip_ratio:0.0 - response_length_non_aborted/mean:3259.6328125 - response_length_non_aborted/max:3590.0 - response_length_non_aborted/min:2963.0 - response_length_non_aborted/clip_ratio:0.0 - response/aborted_ratio:0.0 - prompt_length/mean:4019.0 - prompt_length/max:4151.0 - prompt_length/min:3934.0 - prompt_length/clip_ratio:0.0 - num_turns/min:np.int32(4) - num_turns/max:np.int32(4) - num_turns/mean:np.float64(4.0) - timing_s/start_profile:7.749302312731743e-05 - timing_s/agent_loop/num_preempted/min:np.int64(-1) - timing_s/agent_loop/num_preempted/max:np.int64(-1) - timing_s/agent_loop/num_preempted/mean:np.float64(-1.0) - timing_s/agent_loop/generate_sequences/min:np.float64(70.94838040100876) - timing_s/agent_loop/generate_sequences/max:np.float64(119.22089094494004) - timing_s/agent_loop/generate_sequences/mean:np.float64(103.51991400671523) - timing_s/agent_loop/tool_calls/min:np.float64(0.05741794791538268) - timing_s/agent_loop/tool_calls/max:np.float64(0.8690342309419066) - timing_s/agent_loop/tool_calls/mean:np.float64(0.14697399826854962) - timing_s/agent_loop/compute_score/min:np.float64(0.3153549620183185) - timing_s/agent_loop/compute_score/max:np.float64(7.180336024961434) - timing_s/agent_loop/compute_score/mean:np.float64(2.204318422740471) - timing_s/agent_loop/slowest/generate_sequences:np.float64(119.22089094494004) - timing_s/agent_loop/slowest/tool_calls:np.float64(0.08447154599707574) - timing_s/agent_loop/slowest/compute_score:np.float64(1.8627919990103692) - timing_s/agent_loop/slowest/num_preempted:np.int64(-1) - timing_s/agent_loop/slowest/prompt_length:3943 - timing_s/agent_loop/slowest/response_length:3590 - timing_s/gen:150.87628088507336 - timing_s/reward:0.0005262669874355197 - timing_s/old_log_prob:152.7505705660442 - timing_s/ref:152.39262532698922 - timing_s/adv:0.1679911109386012 - timing_s/update_actor:330.8712187909987 - timing_s/update_weights:4.210519394953735 - timing_s/dump_rollout_generations:0.3178057170007378 - timing_s/step:791.7444451929769 - timing_s/stop_profile:4.6258093789219856e-05 - timing_per_token_ms/adv:0.00018031278510902653 - timing_per_token_ms/update_actor:0.35513968947099944 - timing_per_token_ms/gen:0.3616115716759541 - timing_per_token_ms/ref:0.1635701945731451 - perf/total_num_tokens:931665 - perf/time_per_step:791.7444451929769 - perf/throughput:1176.724390877058
[36m(TaskRunner pid=3515518)[0m Dumped generations to /home/yw4636/agentic-tvg/results/grpo-v2/rollouts/3.jsonl
[36m(TaskRunner pid=3515518)[0m step:3 - global_seqlen/min:924370 - global_seqlen/max:924370 - global_seqlen/minmax_diff:0 - global_seqlen/balanced_min:924370 - global_seqlen/balanced_max:924370 - global_seqlen/mean:924370.0 - actor/entropy:1.0642411708831787 - perf/mfu/actor_infer:0.2972651497164087 - training/rollout_probs_diff_valid:1 - training/rollout_probs_diff_max:0.2946411073207855 - training/rollout_probs_diff_mean:0.009127876721322536 - training/rollout_probs_diff_std:0.013867905363440514 - training/rollout_actor_probs_pearson_corr:0.9989901781082153 - rollout_corr/training_ppl:2.8992931842803955 - rollout_corr/training_log_ppl:1.041162371635437 - rollout_corr/kl:0.0021146745420992374 - rollout_corr/k3_kl:0.0025810636579990387 - rollout_corr/rollout_ppl:2.8930835723876953 - rollout_corr/rollout_log_ppl:1.0390621423721313 - rollout_corr/log_ppl_diff:0.0021002194844186306 - rollout_corr/log_ppl_abs_diff:0.003273520153015852 - rollout_corr/log_ppl_diff_max:0.012239933013916016 - rollout_corr/log_ppl_diff_min:-0.007068216800689697 - rollout_corr/ppl_ratio:1.0021086931228638 - rollout_corr/chi2_token:0.006223320960998535 - rollout_corr/chi2_seq:3.0333008766174316 - actor/pg_clipfrac:np.float64(0.0) - actor/ppo_kl:np.float64(0.0) - actor/pg_clipfrac_lower:np.float64(0.0) - actor/pg_loss:np.float64(-0.014641344314441085) - actor/kl_loss:np.float64(0.0006910006895850529) - actor/kl_coef:np.float64(0.0010000000000000002) - actor/loss:np.float64(-0.014640651643276215) - actor/grad_norm:np.float64(0.05174340680241585) - actor/lr:np.float64(1e-05) - actor/perf/max_memory_allocated_gb:np.float64(39.1478853225708) - actor/perf/max_memory_reserved_gb:np.float64(42.060546875) - actor/perf/cpu_memory_used_gb:np.float64(115.48295974731445) - perf/mfu/actor:np.float64(0.33948655793154625) - training/global_step:3 - training/epoch:0 - critic/score/mean:1.345921516418457 - critic/score/max:2.493333339691162 - critic/score/min:0.5 - critic/rewards/mean:1.345921516418457 - critic/rewards/max:2.493333339691162 - critic/rewards/min:0.5 - critic/advantages/mean:0.01464131847023964 - critic/advantages/max:2.2714757919311523 - critic/advantages/min:-3.315495252609253 - critic/returns/mean:0.01464131847023964 - critic/returns/max:2.2714757919311523 - critic/returns/min:-3.315495252609253 - response_length/mean:3228.140625 - response_length/max:3537.0 - response_length/min:2988.0 - response_length/clip_ratio:0.0 - response_length_non_aborted/mean:3228.140625 - response_length_non_aborted/max:3537.0 - response_length_non_aborted/min:2988.0 - response_length_non_aborted/clip_ratio:0.0 - response/aborted_ratio:0.0 - prompt_length/mean:3993.5 - prompt_length/max:4147.0 - prompt_length/min:3936.0 - prompt_length/clip_ratio:0.0 - num_turns/min:np.int32(4) - num_turns/max:np.int32(4) - num_turns/mean:np.float64(4.0) - timing_s/start_profile:5.683803465217352e-05 - timing_s/agent_loop/num_preempted/min:np.int64(-1) - timing_s/agent_loop/num_preempted/max:np.int64(-1) - timing_s/agent_loop/num_preempted/mean:np.float64(-1.0) - timing_s/agent_loop/generate_sequences/min:np.float64(68.94439777499065) - timing_s/agent_loop/generate_sequences/max:np.float64(116.79564773803577) - timing_s/agent_loop/generate_sequences/mean:np.float64(100.96468211461433) - timing_s/agent_loop/tool_calls/min:np.float64(0.06247922999318689) - timing_s/agent_loop/tool_calls/max:np.float64(0.855317282024771) - timing_s/agent_loop/tool_calls/mean:np.float64(0.15363489306582778) - timing_s/agent_loop/compute_score/min:np.float64(0.3286134450463578) - timing_s/agent_loop/compute_score/max:np.float64(5.237209440092556) - timing_s/agent_loop/compute_score/mean:np.float64(2.0099941607895744) - timing_s/agent_loop/slowest/generate_sequences:np.float64(116.79564773803577) - timing_s/agent_loop/slowest/tool_calls:np.float64(0.08601544704288244) - timing_s/agent_loop/slowest/compute_score:np.float64(3.13506296207197) - timing_s/agent_loop/slowest/num_preempted:np.int64(-1) - timing_s/agent_loop/slowest/prompt_length:4147 - timing_s/agent_loop/slowest/response_length:3398 - timing_s/gen:146.0591319159139 - timing_s/reward:0.000529355020262301 - timing_s/old_log_prob:148.30735326197464 - timing_s/ref:136.802598006092 - timing_s/adv:0.1620710639981553 - timing_s/update_actor:328.5499853270594 - timing_s/update_weights:3.9725906890816987 - timing_s/dump_rollout_generations:0.32268295902758837 - timing_s/step:764.3328689049231 - timing_s/stop_profile:4.809501115232706e-05 - timing_per_token_ms/adv:0.00017533137596217457 - timing_per_token_ms/update_actor:0.355431250827114 - timing_per_token_ms/gen:0.353481183333851 - timing_per_token_ms/ref:0.1479954974805457 - perf/total_num_tokens:924370 - perf/time_per_step:764.3328689049231 - perf/throughput:1209.3814587934255[36m(TaskRunner pid=3515518)[0m Training Progress:   2%|▏         | 3/133 [39:04<28:06:49, 778.53s/it]
[36m(TaskRunner pid=3515518)[0m Training Progress:   3%|▎         | 4/133 [51:56<27:48:06, 775.87s/it]

[36m(TaskRunner pid=3515518)[0m Dumped generations to /home/yw4636/agentic-tvg/results/grpo-v2/rollouts/4.jsonl
[36m(TaskRunner pid=3515518)[0m step:4 - global_seqlen/min:930560 - global_seqlen/max:930560 - global_seqlen/minmax_diff:0 - global_seqlen/balanced_min:930560 - global_seqlen/balanced_max:930560 - global_seqlen/mean:930560.0 - actor/entropy:1.1427385807037354 - perf/mfu/actor_infer:0.29966093533193866 - training/rollout_probs_diff_valid:1 - training/rollout_probs_diff_max:0.29949715733528137 - training/rollout_probs_diff_mean:0.008750093169510365 - training/rollout_probs_diff_std:0.013270972296595573 - training/rollout_actor_probs_pearson_corr:0.9991089701652527 - rollout_corr/training_ppl:3.177581548690796 - rollout_corr/training_log_ppl:1.1245242357254028 - rollout_corr/kl:0.002397311618551612 - rollout_corr/k3_kl:0.0025077303871512413 - rollout_corr/rollout_ppl:3.17014217376709 - rollout_corr/rollout_log_ppl:1.1221632957458496 - rollout_corr/log_ppl_diff:0.0023609232157468796 - rollout_corr/log_ppl_abs_diff:0.0032551689073443413 - rollout_corr/log_ppl_diff_max:0.014229774475097656 - rollout_corr/log_ppl_diff_min:-0.005401968955993652 - rollout_corr/ppl_ratio:1.0023698806762695 - rollout_corr/chi2_token:0.005388379096984863 - rollout_corr/chi2_seq:1.2469089031219482 - actor/pg_clipfrac:np.float64(0.0) - actor/ppo_kl:np.float64(0.0) - actor/pg_clipfrac_lower:np.float64(0.0) - actor/pg_loss:np.float64(0.012694929173449054) - actor/kl_loss:np.float64(0.0007201319867817801) - actor/kl_coef:np.float64(0.0010000000000000002) - actor/loss:np.float64(0.01269564963877201) - actor/grad_norm:np.float64(0.05180380865931511) - actor/lr:np.float64(1e-05) - actor/perf/max_memory_allocated_gb:np.float64(39.1478853225708) - actor/perf/max_memory_reserved_gb:np.float64(42.099609375) - actor/perf/cpu_memory_used_gb:np.float64(132.08062744140625) - perf/mfu/actor:np.float64(0.34263673961090074) - training/global_step:4 - training/epoch:0 - critic/score/mean:1.307851791381836 - critic/score/max:2.401984453201294 - critic/score/min:0.0 - critic/rewards/mean:1.307851791381836 - critic/rewards/max:2.401984453201294 - critic/rewards/min:0.0 - critic/advantages/mean:-0.012694921344518661 - critic/advantages/max:2.745884418487549 - critic/advantages/min:-2.3491005897521973 - critic/returns/mean:-0.012694921344518661 - critic/returns/max:2.745884418487549 - critic/returns/min:-2.3491005897521973 - response_length/mean:3256.5 - response_length/max:3673.0 - response_length/min:2959.0 - response_length/clip_ratio:0.0 - response_length_non_aborted/mean:3256.5 - response_length_non_aborted/max:3673.0 - response_length_non_aborted/min:2959.0 - response_length_non_aborted/clip_ratio:0.0 - response/aborted_ratio:0.0 - prompt_length/mean:4013.5 - prompt_length/max:4142.0 - prompt_length/min:3933.0 - prompt_length/clip_ratio:0.0 - num_turns/min:np.int32(4) - num_turns/max:np.int32(4) - num_turns/mean:np.float64(4.0) - timing_s/start_profile:6.661599036306143e-05 - timing_s/agent_loop/num_preempted/min:np.int64(-1) - timing_s/agent_loop/num_preempted/max:np.int64(-1) - timing_s/agent_loop/num_preempted/mean:np.float64(-1.0) - timing_s/agent_loop/generate_sequences/min:np.float64(71.137906847056) - timing_s/agent_loop/generate_sequences/max:np.float64(118.07652741088532) - timing_s/agent_loop/generate_sequences/mean:np.float64(101.98857886671794) - timing_s/agent_loop/tool_calls/min:np.float64(0.06732384895440191) - timing_s/agent_loop/tool_calls/max:np.float64(2.105900229071267) - timing_s/agent_loop/tool_calls/mean:np.float64(0.2206788091252747) - timing_s/agent_loop/compute_score/min:np.float64(0.3325343730393797) - timing_s/agent_loop/compute_score/max:np.float64(12.986948133911937) - timing_s/agent_loop/compute_score/mean:np.float64(2.087721848496585) - timing_s/agent_loop/slowest/generate_sequences:np.float64(111.96938458201475) - timing_s/agent_loop/slowest/tool_calls:np.float64(0.16798023390583694) - timing_s/agent_loop/slowest/compute_score:np.float64(12.79546641802881) - timing_s/agent_loop/slowest/num_preempted:np.int64(-1) - timing_s/agent_loop/slowest/prompt_length:3934 - timing_s/agent_loop/slowest/response_length:3403 - timing_s/gen:148.84805245196912 - timing_s/reward:0.0005085800075903535 - timing_s/old_log_prob:152.65487105597276 - timing_s/ref:140.62021845404524 - timing_s/adv:0.16834505298174918 - timing_s/update_actor:324.94258050993085 - timing_s/update_weights:3.9924953100271523 - timing_s/dump_rollout_generations:0.33615789795294404 - timing_s/step:771.7093659770908 - timing_s/stop_profile:4.575098864734173e-05 - timing_per_token_ms/adv:0.0001809072526024643 - timing_per_token_ms/update_actor:0.34919035904179296 - timing_per_token_ms/gen:0.35709363113189274 - timing_per_token_ms/ref:0.15111354287100803 - perf/total_num_tokens:930560 - perf/time_per_step:771.7093659770908 - perf/throughput:1205.8425633098057
[36m(TaskRunner pid=3515518)[0m Dumped generations to /home/yw4636/agentic-tvg/results/grpo-v2/rollouts/5.jsonl
[36m(TaskRunner pid=3515518)[0m step:5 - global_seqlen/min:933163 - global_seqlen/max:933163 - global_seqlen/minmax_diff:0 - global_seqlen/balanced_min:933163 - global_seqlen/balanced_max:933163 - global_seqlen/mean:933163.0 - actor/entropy:1.0857930183410645 - perf/mfu/actor_infer:0.2978674722850814 - training/rollout_probs_diff_valid:1 - training/rollout_probs_diff_max:0.271228551864624 - training/rollout_probs_diff_mean:0.008862502872943878 - training/rollout_probs_diff_std:0.01350774709135294 - training/rollout_actor_probs_pearson_corr:0.9990642070770264 - rollout_corr/training_ppl:2.961843967437744 - rollout_corr/training_log_ppl:1.0640430450439453 - rollout_corr/kl:0.002262912690639496 - rollout_corr/k3_kl:0.0024865821469575167 - rollout_corr/rollout_ppl:2.9548001289367676 - rollout_corr/rollout_log_ppl:1.0617005825042725 - rollout_corr/log_ppl_diff:0.002342511899769306 - rollout_corr/log_ppl_abs_diff:0.0033307168632745743 - rollout_corr/log_ppl_diff_max:0.011206626892089844 - rollout_corr/log_ppl_diff_min:-0.006810903549194336 - rollout_corr/ppl_ratio:1.0023510456085205 - rollout_corr/chi2_token:0.0054666996002197266 - rollout_corr/chi2_seq:3.169125556945801 - actor/pg_clipfrac:np.float64(0.0) - actor/ppo_kl:np.float64(0.0) - actor/pg_clipfrac_lower:np.float64(0.0) - actor/pg_loss:np.float64(-0.03263034856354352) - actor/kl_loss:np.float64(0.0006860043104097713) - actor/kl_coef:np.float64(0.0010000000000000002) - actor/loss:np.float64(-0.03262966871261597) - actor/grad_norm:np.float64(0.04814855381846428) - actor/lr:np.float64(1e-05) - actor/perf/max_memory_allocated_gb:np.float64(39.15089511871338) - actor/perf/max_memory_reserved_gb:np.float64(42.099609375) - actor/perf/cpu_memory_used_gb:np.float64(99.25571060180664) - perf/mfu/actor:np.float64(0.34158056155529437) - training/global_step:5 - training/epoch:0 - critic/score/mean:1.3910858631134033 - critic/score/max:2.5 - critic/score/min:0.5 - critic/rewards/mean:1.3910858631134033 - critic/rewards/max:2.5 - critic/rewards/min:0.5 - critic/advantages/mean:0.03263036906719208 - critic/advantages/max:1.8977749347686768 - critic/advantages/min:-3.1342051029205322 - critic/returns/mean:0.03263036906719208 - critic/returns/max:1.8977749347686768 - critic/returns/min:-3.1342051029205322 - response_length/mean:3252.2109375 - response_length/max:3681.0 - response_length/min:2947.0 - response_length/clip_ratio:0.0 - response_length_non_aborted/mean:3252.2109375 - response_length_non_aborted/max:3681.0 - response_length_non_aborted/min:2947.0 - response_length_non_aborted/clip_ratio:0.0 - response/aborted_ratio:0.0 - prompt_length/mean:4038.125 - prompt_length/max:4146.0 - prompt_length/min:3933.0 - prompt_length/clip_ratio:0.0 - num_turns/min:np.int32(4) - num_turns/max:np.int32(4) - num_turns/mean:np.float64(4.0) - timing_s/start_profile:5.8231991715729237e-05 - timing_s/agent_loop/num_preempted/min:np.int64(-1) - timing_s/agent_loop/num_preempted/max:np.int64(-1) - timing_s/agent_loop/num_preempted/mean:np.float64(-1.0) - timing_s/agent_loop/generate_sequences/min:np.float64(64.3131814810913) - timing_s/agent_loop/generate_sequences/max:np.float64(138.61341381794773) - timing_s/agent_loop/generate_sequences/mean:np.float64(120.6414801268802) - timing_s/agent_loop/tool_calls/min:np.float64(0.06684818002395332) - timing_s/agent_loop/tool_calls/max:np.float64(0.7870516560506076) - timing_s/agent_loop/tool_calls/mean:np.float64(0.13485496049997892) - timing_s/agent_loop/compute_score/min:np.float64(0.33879462897311896) - timing_s/agent_loop/compute_score/max:np.float64(9.055766634992324) - timing_s/agent_loop/compute_score/mean:np.float64(2.207997013669228) - timing_s/agent_loop/slowest/generate_sequences:np.float64(132.29792607401032) - timing_s/agent_loop/slowest/tool_calls:np.float64(0.17985521897207946) - timing_s/agent_loop/slowest/compute_score:np.float64(9.055766634992324) - timing_s/agent_loop/slowest/num_preempted:np.int64(-1) - timing_s/agent_loop/slowest/prompt_length:3940 - timing_s/agent_loop/slowest/response_length:3322 - timing_s/gen:169.85503982496448 - timing_s/reward:0.0005039660027250648 - timing_s/old_log_prob:145.66085334296804 - timing_s/ref:135.385648965952 - timing_s/adv:0.16394382901489735 - timing_s/update_actor:317.1270246260101 - timing_s/update_weights:3.9687817310914397 - timing_s/dump_rollout_generations:0.32315041997935623 - timing_s/step:772.6434631469892 - timing_s/stop_profile:4.737195558845997e-05 - timing_per_token_ms/adv:0.00017568616524111795 - timing_per_token_ms/update_actor:0.33984097593454743 - timing_per_token_ms/gen:0.4080278075851391 - timing_per_token_ms/ref:0.1450825300252496 - perf/total_num_tokens:933163 - perf/time_per_step:772.6434631469892 - perf/throughput:1207.7536981924522[36m(TaskRunner pid=3515518)[0m Training Progress:   4%|▍         | 5/133 [1:04:49<27:32:45, 774.73s/it]
[36m(AgentLoopWorker pid=3518506)[0m ERROR:2026-09-02 00:19:45,403:Failed to decode tool call: Expecting value: line 1 column 1 (char 0)
[36m(TaskRunner pid=3515518)[0m Training Progress:   5%|▍         | 6/133 [1:17:12<26:57:11, 764.02s/it]
